user_id,amount,transaction_type,is_international,new_payee,hour,day_of_week,location,merchant_category,failed_login_attempts,account_age_days,transactions_last_24h,amount_ratio,time_risk,velocity_score,account_risk,is_fraud
user_9531,7649.66,debit_card,True,True,2,0,ID,jewelry,6,1739,14,7.65,10,14,1,1
user_5463,540.65,credit_card,False,False,15,1,CA,gas,0,2887,1,10.81,1,1,1,0
user_6727,48.82,credit_card,False,False,16,5,US,restaurant,0,1653,2,1.22,1,2,1,0
user_5609,600.45,ach,False,False,20,2,AU,utilities,0,1200,2,7.51,2,2,1,0
user_2380,98.95,credit_card,False,False,20,6,UK,retail,0,3220,1,0.66,2,1,1,0
user_5256,9758.24,cryptocurrency,True,True,10,2,UK,wire_transfer,3,1439,20,19.52,1,20,1,1
user_5162,196.55,ach,False,False,14,5,AU,groceries,0,1656,2,1.97,1,2,1,0
user_3777,177.41,credit_card,False,False,14,3,UK,groceries,0,1129,2,1.77,1,2,1,0
user_2867,261.48,debit_card,True,False,19,5,AU,utilities,0,2191,2,3.27,2,2,1,0
user_4150,55.8,debit_card,False,True,15,1,UK,groceries,0,951,2,0.56,1,2,1,0
user_9175,85.9,debit_card,False,False,6,5,CA,utilities,0,3604,3,1.07,3,3,1,0
user_7361,82.91,credit_card,False,False,19,1,CA,groceries,0,1435,1,0.83,2,1,1,0
user_9394,99.62,debit_card,False,False,16,1,AU,groceries,0,484,2,1.0,1,2,1,0
user_2767,69.39,debit_card,False,False,12,5,AU,retail,0,976,2,0.46,1,2,1,0
user_6085,97.38,credit_card,False,False,11,2,CA,utilities,0,130,1,1.22,1,1,5,0
user_1651,1832.65,credit_card,False,False,9,1,AU,groceries,0,2722,3,18.33,3,3,1,0
user_4814,95.66,ach,False,False,6,2,US,restaurant,0,2051,3,2.39,3,3,1,0
user_8834,91.4,credit_card,False,False,16,2,UK,utilities,0,1733,1,1.14,1,1,1,0
user_4617,1183.76,debit_card,True,True,5,4,BR,jewelry,8,1855,17,1.18,10,17,1,1
user_3868,730.93,debit_card,False,False,21,2,AU,groceries,0,2617,1,7.31,2,1,1,0
user_1520,48.23,credit_card,False,False,9,2,CA,groceries,0,982,2,0.48,3,2,1,0
user_1502,92.0,ach,False,True,18,0,CA,retail,0,1570,2,0.61,2,2,1,0
user_3926,29.57,credit_card,False,False,6,3,US,groceries,0,2018,3,0.3,3,3,1,0
user_4304,1015.09,debit_card,False,True,16,3,CA,restaurant,0,167,2,25.38,1,2,5,0
user_3636,306.42,credit_card,False,False,21,6,UK,gas,0,629,3,6.13,2,3,1,0
user_5438,6216.15,wire_transfer,True,True,2,4,NG,wire_transfer,5,524,12,12.43,10,12,1,1
user_4637,1030.32,debit_card,True,False,22,2,CA,groceries,0,1855,3,10.3,2,3,1,0
user_6488,441.65,credit_card,False,False,12,3,US,gas,0,1107,2,8.83,1,2,1,0
user_3079,148.31,ach,False,False,19,1,US,utilities,0,3189,2,1.85,2,2,1,0
user_1082,943.17,ach,False,False,20,6,AU,groceries,0,2230,1,9.43,2,1,1,0
user_6868,91.15,ach,False,False,14,0,US,restaurant,0,2017,1,2.28,1,1,1,0
user_6608,618.22,debit_card,False,True,16,4,UK,gas,0,2528,3,12.36,1,3,1,0
user_7022,156.08,ach,False,False,9,4,AU,restaurant,0,3198,3,3.9,3,3,1,0
user_4727,1615.55,credit_card,False,False,6,1,AU,retail,0,3382,1,10.77,3,1,1,0
user_8685,372.49,debit_card,False,False,19,0,US,retail,0,354,3,2.48,2,3,1,0
user_2013,491.58,credit_card,False,False,11,0,UK,utilities,0,2955,1,6.14,1,1,1,0
user_7461,58.93,debit_card,False,False,21,3,US,retail,0,1811,3,0.39,2,3,1,0
user_2419,216.07,credit_card,False,False,17,3,CA,retail,0,3103,3,1.44,1,3,1,0
user_6113,356.3,ach,False,False,7,1,US,utilities,0,3080,3,4.45,3,3,1,0
user_3139,1062.29,credit_card,False,False,13,6,UK,retail,0,2825,2,7.08,1,2,1,0
user_4796,86.09,debit_card,False,True,15,1,UK,gas,0,988,1,1.72,1,1,1,0
user_3664,131.78,credit_card,False,False,12,0,CA,utilities,0,2775,1,1.65,1,1,1,0
user_9263,385.93,ach,False,False,8,1,US,groceries,0,756,3,3.86,3,3,1,0
user_4511,177.88,debit_card,False,True,22,0,CA,restaurant,0,2805,1,4.45,2,1,1,0
user_6846,82.21,debit_card,True,False,19,1,CA,retail,0,1579,1,0.55,2,1,1,0
user_7209,276.42,credit_card,False,False,11,1,AU,restaurant,0,3515,3,6.91,1,3,1,0
user_3492,97.88,debit_card,False,True,22,3,US,utilities,0,791,1,1.22,2,1,1,0
user_6771,1520.11,debit_card,False,False,16,4,AU,utilities,0,2791,1,19.0,1,1,1,0
user_4404,62.56,debit_card,False,False,12,6,US,groceries,0,673,3,0.63,1,3,1,0
user_4666,247.11,debit_card,False,True,20,0,UK,gas,0,2949,3,4.94,2,3,1,0
user_5093,32.58,credit_card,False,False,17,0,US,gas,0,3322,1,0.65,1,1,1,0
user_2391,40.92,ach,False,False,10,6,CA,retail,0,3120,1,0.27,1,1,1,0
user_5833,1760.68,credit_card,False,False,22,3,CA,retail,0,748,2,11.74,2,2,1,0
user_7164,119.87,debit_card,False,False,8,4,CA,groceries,0,2200,3,1.2,3,3,1,0
user_2262,354.07,ach,False,False,15,2,UK,retail,0,257,2,2.36,1,2,1,0
user_7224,353.73,debit_card,False,False,14,5,UK,groceries,0,1793,2,3.54,1,2,1,0
user_4505,94.74,ach,False,False,13,6,AU,retail,0,1385,3,0.63,1,3,1,0
user_5978,61.11,credit_card,False,False,11,5,US,groceries,0,2315,3,0.61,1,3,1,0
user_9856,258.34,debit_card,False,False,12,6,CA,groceries,0,3267,1,2.58,1,1,1,0
user_2108,1937.38,credit_card,False,True,19,1,US,gas,0,1629,3,38.75,2,3,1,0
user_5350,44139.83,wire_transfer,True,True,0,0,CN,wire_transfer,5,2984,11,88.28,10,11,1,1
user_6172,276.63,debit_card,False,False,13,3,US,utilities,0,2900,1,3.46,1,1,1,0
user_2200,47.3,ach,False,False,7,5,UK,retail,0,2315,2,0.32,3,2,1,0
user_2771,363.98,debit_card,False,False,6,6,AU,restaurant,0,941,3,9.1,3,3,1,0
user_7232,359.91,debit_card,True,False,9,3,UK,gas,0,1253,2,7.2,3,2,1,0
user_9625,383.78,debit_card,False,False,14,3,UK,groceries,0,3286,2,3.84,1,2,1,0
user_7936,80.44,debit_card,False,False,19,5,AU,groceries,0,857,3,0.8,2,3,1,0
user_6008,503.58,ach,False,False,10,0,UK,groceries,0,3338,1,5.04,1,1,1,0
user_2916,72.55,debit_card,False,False,16,2,CA,groceries,0,2122,3,0.73,1,3,1,0
user_4920,88.77,credit_card,False,False,10,5,CA,restaurant,0,2643,3,2.22,1,3,1,0
user_5471,412.41,ach,False,False,16,3,US,restaurant,0,1622,1,10.31,1,1,1,0
user_5334,1195.16,debit_card,False,False,22,3,CA,gas,0,1771,1,23.9,2,1,1,0
user_9159,822.71,credit_card,False,False,14,4,UK,gas,0,2008,3,16.45,1,3,1,0
user_1842,368.99,ach,False,False,20,6,UK,groceries,0,1470,1,3.69,2,1,1,0
user_5833,613.25,ach,False,False,20,2,CA,utilities,0,748,3,7.67,2,3,1,0
user_1996,441.5,debit_card,False,False,15,1,AU,utilities,0,2840,1,5.52,1,1,1,0
user_8412,279.31,debit_card,False,False,7,6,UK,restaurant,0,213,1,6.98,3,1,1,0
user_9827,187.74,credit_card,False,False,13,1,UK,utilities,0,1215,1,2.35,1,1,1,0
user_5140,152.43,debit_card,False,False,7,3,CA,groceries,0,2778,1,1.52,3,1,1,0
user_5622,115.99,debit_card,False,False,10,0,AU,restaurant,0,3008,1,2.9,1,1,1,0
user_9837,1550.22,credit_card,False,True,9,0,UK,restaurant,0,2031,3,38.76,3,3,1,0
user_8723,930.24,ach,False,False,10,5,CA,utilities,0,3431,1,11.63,1,1,1,0
user_1517,1608.3,debit_card,False,False,20,3,US,retail,0,811,3,10.72,2,3,1,0
user_3525,789.58,ach,False,False,13,4,UK,restaurant,0,1708,1,19.74,1,1,1,0
user_5625,148.36,ach,True,False,16,2,US,restaurant,0,2295,1,3.71,1,1,1,0
user_5945,79.53,credit_card,False,False,15,3,CA,retail,0,909,2,0.53,1,2,1,0
user_3262,74.61,ach,False,False,21,4,CA,gas,0,1859,1,1.49,2,1,1,0
user_9883,71.74,debit_card,False,False,22,5,UK,gas,0,264,2,1.43,2,2,1,0
user_9175,152.66,debit_card,False,False,8,4,CA,retail,0,3604,2,1.02,3,2,1,0
user_7461,52.76,ach,False,False,18,3,US,groceries,0,1811,3,0.53,2,3,1,0
user_6439,84.63,ach,False,False,16,5,US,gas,0,2184,2,1.69,1,2,1,0
user_7732,50.48,debit_card,False,False,6,5,US,utilities,0,553,2,0.63,3,2,1,0
user_1745,97.77,credit_card,False,True,13,3,US,utilities,0,1217,3,1.22,1,3,1,0
user_8972,844.64,credit_card,False,False,22,0,UK,restaurant,0,216,1,21.12,2,1,1,0
user_9837,34.5,debit_card,False,True,16,2,CA,utilities,0,2692,3,0.43,1,3,1,0
user_8220,85.94,ach,True,False,9,2,UK,retail,0,2712,2,0.57,3,2,1,0
user_8381,1942.73,debit_card,True,True,16,1,UK,retail,0,163,2,12.95,1,2,5,0
user_3267,71.52,debit_card,True,True,8,3,AU,restaurant,0,2872,3,1.79,3,3,1,0
user_7150,508.78,ach,False,True,7,0,AU,retail,0,381,3,3.39,3,3,1,0
user_3430,84.44,credit_card,False,False,11,6,UK,groceries,0,2587,1,0.84,1,1,1,0
user_9209,679.16,debit_card,False,False,16,3,AU,utilities,0,367,3,8.49,1,3,1,0
user_9841,100.97,debit_card,False,False,6,3,AU,gas,0,1291,1,2.02,3,1,1,0
user_4707,1301.44,debit_card,False,False,7,0,AU,retail,0,1684,2,8.68,3,2,1,0
user_4517,69.71,debit_card,False,False,13,0,UK,utilities,0,1856,2,0.87,1,2,1,0
user_2514,1850.54,debit_card,False,False,22,5,CA,restaurant,0,241,3,46.26,2,3,1,0
user_3981,100.69,debit_card,False,False,12,6,US,restaurant,0,3435,1,2.52,1,1,1,0
user_9827,135.58,ach,False,False,13,6,UK,groceries,0,1215,2,1.36,1,2,1,0
user_2101,154.1,ach,False,True,20,0,UK,gas,0,1513,2,3.08,2,2,1,0
user_8406,147.19,credit_card,False,False,21,2,AU,groceries,0,389,1,1.47,2,1,1,0
user_3639,102.96,credit_card,False,False,21,6,US,gas,0,2374,2,2.06,2,2,1,0
user_1404,722.91,debit_card,False,False,13,0,AU,groceries,0,2023,3,7.23,1,3,1,0
user_4878,173.78,ach,False,False,10,4,AU,utilities,0,131,3,2.17,1,3,5,0
user_7147,244.66,credit_card,True,False,19,6,US,utilities,0,2462,2,3.06,2,2,1,0
user_4882,186.56,debit_card,False,False,19,5,UK,retail,0,3556,2,1.24,2,2,1,0
user_6846,97.48,debit_card,True,False,19,6,CA,groceries,0,1579,3,0.97,2,3,1,0
user_9327,154.24,credit_card,False,False,9,3,UK,retail,0,3194,1,1.03,3,1,1,0
user_1752,67.53,debit_card,False,False,20,6,AU,utilities,0,96,2,0.84,2,2,5,0
user_5825,57.27,debit_card,False,True,6,0,US,gas,0,2905,2,1.15,3,2,1,0
user_2169,27.06,debit_card,False,False,7,3,UK,retail,0,2467,3,0.18,3,3,1,0
user_9154,99.62,debit_card,False,False,19,3,CA,retail,0,3216,3,0.66,2,3,1,0
user_7594,308.5,debit_card,False,False,22,1,AU,gas,0,1823,2,6.17,2,2,1,0
user_2636,164.42,debit_card,False,True,8,5,AU,gas,0,3537,3,3.29,3,3,1,0
user_7022,395.69,credit_card,False,False,8,6,AU,restaurant,0,3198,3,9.89,3,3,1,0
user_9418,44.61,credit_card,False,False,14,1,US,restaurant,0,1785,3,1.12,1,3,1,0
user_9827,141.12,debit_card,False,False,16,1,UK,utilities,0,1215,1,1.76,1,1,1,0
user_6167,458.32,ach,False,False,20,1,UK,restaurant,0,2040,3,11.46,2,3,1,0
user_9904,1279.89,credit_card,False,False,12,1,CA,gas,0,1528,3,25.6,1,3,1,0
user_8207,178.75,debit_card,False,True,6,0,US,restaurant,0,2137,2,4.47,3,2,1,0
user_2584,154.34,debit_card,False,False,12,5,UK,utilities,0,3335,1,1.93,1,1,1,0
user_9615,646.39,debit_card,False,False,20,1,UK,retail,0,231,3,4.31,2,3,1,0
user_7943,965.75,ach,False,False,13,4,AU,restaurant,0,1062,3,24.14,1,3,1,0
user_3096,295.64,debit_card,False,False,21,5,CA,retail,0,2814,1,1.97,2,1,1,0
user_1111,129.98,debit_card,False,False,14,0,CA,utilities,0,1859,3,1.62,1,3,1,0
user_4751,475.55,ach,False,False,11,2,US,groceries,0,452,3,4.76,1,3,1,0
user_6113,360.09,credit_card,False,False,7,1,US,restaurant,0,3080,2,9.0,3,2,1,0
user_1752,48.42,debit_card,False,False,22,6,AU,utilities,0,96,2,0.61,2,2,5,0
user_8430,797.86,debit_card,False,False,13,6,US,utilities,0,1310,1,9.97,1,1,1,0
user_2394,136.61,debit_card,False,True,10,6,UK,retail,0,897,1,0.91,1,1,1,0
user_7044,9999.57,wire_transfer,True,True,1,5,PH,jewelry,8,2536,12,10.0,10,12,1,1
user_5689,172.37,debit_card,False,True,18,1,UK,retail,0,927,2,1.15,2,2,1,0
user_6608,1689.22,ach,True,False,14,3,UK,groceries,0,2528,1,16.89,1,1,1,0
user_5349,51.84,credit_card,False,False,10,6,AU,restaurant,0,1445,1,1.3,1,1,1,0
user_8366,113.85,debit_card,True,True,8,5,US,retail,0,237,1,0.76,3,1,1,0
user_4390,47.88,debit_card,False,False,18,3,UK,restaurant,0,2210,1,1.2,2,1,1,0
user_9008,57.19,debit_card,False,False,18,6,AU,gas,0,3342,1,1.14,2,1,1,0
user_5901,973.42,ach,False,False,20,6,UK,restaurant,0,1901,1,24.34,2,1,1,0
user_8178,139.67,ach,False,False,18,5,AU,restaurant,0,3221,2,3.49,2,2,1,0
user_9625,227.7,credit_card,False,True,12,4,UK,groceries,0,3286,1,2.28,1,1,1,0
user_1842,199.99,ach,False,False,18,5,UK,retail,0,1470,1,1.33,2,1,1,0
user_2294,9665.61,wire_transfer,True,True,15,1,AU,cryptocurrency,1,2344,8,9.67,1,8,1,1
user_9808,242.83,debit_card,False,True,6,5,AU,retail,0,2346,1,1.62,3,1,1,0
user_2531,981.23,ach,False,False,12,5,AU,utilities,0,2293,2,12.27,1,2,1,0
user_8673,74.91,credit_card,False,True,10,2,CA,gas,0,3553,3,1.5,1,3,1,0
user_5951,512.61,debit_card,False,False,8,2,CA,utilities,0,215,3,6.41,3,3,1,0
user_5658,820.32,debit_card,False,False,15,3,AU,groceries,0,1425,3,8.2,1,3,1,0
user_2404,311.36,ach,False,False,20,0,AU,restaurant,0,3128,3,7.78,2,3,1,0
user_7965,46.53,ach,False,False,19,5,CA,gas,0,1249,1,0.93,2,1,1,0
user_8723,996.5,debit_card,False,False,10,5,CA,utilities,0,3431,1,12.46,1,1,1,0
user_9269,26.11,credit_card,False,False,10,5,AU,retail,0,1216,3,0.17,1,3,1,0
user_1188,77.34,debit_card,False,False,22,5,UK,utilities,0,3178,3,0.97,2,3,1,0
user_5942,61.96,debit_card,False,True,22,6,CA,gas,0,3093,2,1.24,2,2,1,0
user_8015,181.45,debit_card,True,False,22,5,CA,retail,0,3244,2,1.21,2,2,1,0
user_6985,1647.1,debit_card,False,False,22,4,US,restaurant,0,2146,3,41.18,2,3,1,0
user_8035,367.8,debit_card,False,False,14,1,AU,groceries,0,1600,3,3.68,1,3,1,0
user_7049,9519.07,cryptocurrency,True,True,8,3,CA,wire_transfer,1,1790,14,19.04,3,14,1,1
user_2468,130.03,debit_card,True,True,21,2,US,restaurant,0,2475,2,3.25,2,2,1,0
user_2514,1865.97,debit_card,False,False,22,4,CA,restaurant,0,241,3,46.65,2,3,1,0
user_7429,37.64,debit_card,False,False,20,5,AU,gas,0,773,3,0.75,2,3,1,0
user_9700,194.22,credit_card,False,False,6,5,US,restaurant,0,2596,3,4.86,3,3,1,0
user_1349,93.74,credit_card,False,False,14,0,CA,retail,0,545,3,0.62,1,3,1,0
user_5166,335.47,credit_card,False,False,21,5,US,gas,0,1872,2,6.71,2,2,1,0
user_1916,126.49,debit_card,False,False,14,6,CA,groceries,0,2146,1,1.26,1,1,1,0
user_9709,69.7,ach,False,False,8,2,CA,groceries,0,2080,2,0.7,3,2,1,0
user_6568,1759.7,ach,False,False,13,6,US,retail,0,1188,2,11.73,1,2,1,0
user_9508,562.88,ach,False,False,7,5,CA,restaurant,0,1373,1,14.07,3,1,1,0
user_7154,63.44,debit_card,False,False,20,5,CA,gas,0,2706,1,1.27,2,1,1,0
user_4321,153.46,debit_card,False,True,19,6,US,retail,0,666,2,1.02,2,2,1,0
user_7825,81.37,debit_card,False,False,19,0,US,gas,0,2174,1,1.63,2,1,1,0
user_7165,64.41,debit_card,False,False,22,3,AU,groceries,0,1475,3,0.64,2,3,1,0
user_3621,85.62,debit_card,False,True,7,3,AU,retail,0,172,1,0.57,3,1,5,0
user_3525,540.14,ach,False,False,16,3,UK,gas,0,1708,1,10.8,1,1,1,0
user_9017,1288.34,debit_card,False,True,15,0,UK,gas,0,164,2,25.77,1,2,5,0
user_8483,314.31,credit_card,False,False,12,0,AU,gas,0,235,3,6.29,1,3,1,0
user_1685,361.37,ach,False,False,12,4,US,retail,0,1495,2,2.41,1,2,1,0
user_9374,243.02,debit_card,False,False,15,2,CA,restaurant,0,3102,3,6.08,1,3,1,0
user_4404,144.95,ach,False,False,15,4,US,restaurant,0,673,3,3.62,1,3,1,0
user_1833,1265.42,ach,False,True,21,0,UK,restaurant,0,2039,1,31.64,2,1,1,0
user_9899,833.72,ach,False,True,13,1,UK,retail,0,3196,2,5.56,1,2,1,0
user_9689,41.71,ach,True,False,22,4,AU,groceries,0,3465,2,0.42,2,2,1,0
user_1396,248.5,credit_card,False,False,11,1,UK,utilities,0,2554,3,3.11,1,3,1,0
user_3785,154.14,ach,False,False,7,6,AU,gas,0,2568,2,3.08,3,2,1,0
user_4839,1151.14,credit_card,False,False,11,5,US,restaurant,0,603,1,28.78,1,1,1,0
user_7631,98.87,debit_card,False,False,11,4,CA,groceries,0,1437,3,0.99,1,3,1,0
user_4648,56.2,ach,True,True,10,4,UK,restaurant,0,1926,1,1.41,1,1,1,0
user_2824,32.76,debit_card,False,False,19,3,UK,retail,0,1033,1,0.22,2,1,1,0
user_3262,56.54,credit_card,False,True,20,1,CA,retail,0,1859,3,0.38,2,3,1,0
user_1202,9874.89,wire_transfer,True,True,4,1,AU,wire_transfer,3,490,11,19.75,10,11,1,1
user_6690,649.76,ach,False,False,21,2,CA,groceries,0,117,3,6.5,2,3,5,0
user_1533,1568.54,credit_card,True,False,16,5,AU,utilities,0,3554,2,19.61,1,2,1,0
user_1126,427.38,debit_card,False,False,21,2,AU,retail,0,749,2,2.85,2,2,1,0
user_7408,469.12,credit_card,False,False,21,4,CA,utilities,0,1442,2,5.86,2,2,1,0
user_4387,1991.78,ach,False,False,17,4,AU,groceries,0,1953,3,19.92,1,3,1,0
user_7841,280.03,debit_card,False,False,9,3,CA,utilities,0,1381,1,3.5,3,1,1,0
user_8722,1316.13,debit_card,False,False,17,2,UK,gas,0,783,3,26.32,1,3,1,0
user_6544,2196.57,wire_transfer,True,True,1,0,NG,wire_transfer,4,2670,11,4.39,10,11,1,1
user_9022,221.46,ach,True,False,9,0,CA,groceries,0,1318,1,2.21,3,1,1,0
user_7939,1892.86,debit_card,False,True,13,6,UK,retail,0,2817,2,12.62,1,2,1,0
user_6576,251.33,debit_card,False,False,20,1,UK,groceries,0,2306,2,2.51,2,2,1,0
user_6447,127.3,debit_card,False,False,11,0,UK,utilities,0,2266,1,1.59,1,1,1,0
user_2562,140.41,debit_card,False,True,11,2,AU,restaurant,0,1355,2,3.51,1,2,1,0
user_6315,855.48,ach,False,False,6,4,UK,utilities,0,1724,3,10.69,3,3,1,0
user_3425,199.01,debit_card,False,False,15,6,US,retail,0,1979,3,1.33,1,3,1,0
user_1040,295.26,debit_card,True,True,2,2,ID,cash_withdrawal,5,2630,12,1.48,10,12,1,1
user_6500,652.78,ach,False,False,10,0,UK,restaurant,0,888,3,16.32,1,3,1,0
user_1424,141.62,credit_card,False,True,15,2,AU,utilities,0,2330,2,1.77,1,2,1,0
user_6916,241.52,debit_card,False,False,8,0,AU,restaurant,0,3555,3,6.04,3,3,1,0
user_3223,493.94,ach,False,False,10,3,US,gas,0,1095,3,9.88,1,3,1,0
user_3129,9854.49,wire_transfer,True,True,23,3,CA,cryptocurrency,2,480,12,9.85,7,12,1,1
user_8723,303.25,debit_card,False,True,10,5,CA,gas,0,3431,3,6.07,1,3,1,0
user_8141,792.47,debit_card,False,False,10,6,AU,restaurant,0,1455,3,19.81,1,3,1,0
user_9904,1193.63,debit_card,False,True,14,5,CA,utilities,0,1528,1,14.92,1,1,1,0
user_8598,93.86,debit_card,False,True,17,0,US,utilities,0,3578,3,1.17,1,3,1,0
user_2600,618.79,ach,False,False,6,1,UK,gas,0,1984,2,12.38,3,2,1,0
user_9017,831.93,debit_card,False,True,16,4,UK,restaurant,0,164,1,20.8,1,1,5,0
user_8871,177.57,debit_card,False,False,18,1,AU,restaurant,0,635,3,4.44,2,3,1,0
user_6828,479.6,credit_card,False,False,21,6,US,retail,0,2803,3,3.2,2,3,1,0
user_8714,1373.87,credit_card,False,False,22,4,CA,groceries,0,3150,1,13.74,2,1,1,0
user_5833,154.55,ach,False,False,18,1,CA,gas,0,927,3,3.09,2,3,1,0
user_8886,105.08,debit_card,False,False,15,6,US,utilities,0,704,3,1.31,1,3,1,0
user_8303,61.19,credit_card,False,True,12,3,AU,groceries,0,1934,3,0.61,1,3,1,0
user_1352,58.82,debit_card,True,False,9,4,UK,retail,0,1396,2,0.39,3,2,1,0
user_3547,109.41,ach,False,True,12,5,US,utilities,0,409,3,1.37,1,3,1,0
user_1370,152.56,debit_card,False,False,19,4,US,utilities,0,2803,2,1.91,2,2,1,0
user_8972,1864.76,debit_card,False,False,18,1,UK,retail,0,216,2,12.43,2,2,1,0
user_4212,1895.13,ach,False,False,22,2,CA,restaurant,0,1022,1,47.38,2,1,1,0
user_8511,58.64,debit_card,False,False,22,6,US,gas,0,2100,1,1.17,2,1,1,0
user_1996,742.9,credit_card,True,False,17,6,AU,groceries,0,2840,2,7.43,1,2,1,0
user_4841,254.88,debit_card,False,False,15,5,UK,groceries,0,2242,2,2.55,1,2,1,0
user_1852,137.48,debit_card,False,False,15,1,US,retail,0,3324,1,0.92,1,1,1,0
user_6881,1729.39,credit_card,False,False,14,3,UK,utilities,0,119,1,21.62,1,1,5,0
user_6113,388.57,debit_card,False,False,7,5,US,groceries,0,3080,2,3.89,3,2,1,0
user_3639,126.76,credit_card,False,False,20,1,US,retail,0,2374,2,0.85,2,2,1,0
user_4232,793.06,ach,False,False,20,4,AU,utilities,0,1622,3,9.91,2,3,1,0
user_1313,9709.25,cryptocurrency,True,True,23,5,CA,wire_transfer,3,895,17,19.42,7,17,1,1
user_3093,1884.14,debit_card,False,False,9,6,AU,utilities,0,2112,3,23.55,3,3,1,0
user_1017,174.95,credit_card,False,True,16,2,US,gas,0,573,2,3.5,1,2,1,0
user_5853,51.63,debit_card,False,False,12,3,CA,gas,0,1268,2,1.03,1,2,1,0
user_8933,397.43,debit_card,False,False,18,2,UK,utilities,0,441,2,4.97,2,2,1,0
user_8527,1110.05,debit_card,False,False,11,6,AU,restaurant,0,352,2,27.75,1,2,1,0
user_2527,170.04,debit_card,False,False,7,4,AU,restaurant,0,511,1,4.25,3,1,1,0
user_1919,89.19,credit_card,False,False,22,5,CA,groceries,0,368,1,0.89,2,1,1,0
user_7315,80.56,debit_card,False,False,10,0,US,retail,0,858,1,0.54,1,1,1,0
user_3219,305.57,ach,False,True,8,1,AU,utilities,0,1390,1,3.82,3,1,1,0
user_7723,1454.27,credit_card,False,False,20,4,AU,gas,0,3605,3,29.09,2,3,1,0
user_4729,215.21,debit_card,False,True,14,5,AU,utilities,0,1877,2,2.69,1,2,1,0
user_2169,1187.96,ach,False,False,18,3,CA,retail,0,2217,2,7.92,2,2,1,0
user_1120,1482.8,debit_card,False,True,21,4,UK,retail,0,2329,1,9.89,2,1,1,0
user_6488,637.54,debit_card,False,False,13,1,US,groceries,0,1107,3,6.38,1,3,1,0
user_9167,631.26,debit_card,False,False,11,4,CA,utilities,0,1123,3,7.89,1,3,1,0
user_2571,32.73,ach,False,False,17,4,AU,utilities,0,659,2,0.41,1,2,1,0
user_5075,121.91,ach,False,False,15,6,US,retail,0,2839,3,0.81,1,3,1,0
user_5583,637.8,debit_card,False,False,10,3,AU,groceries,0,846,3,6.38,1,3,1,0
user_2463,179.52,ach,False,False,17,6,CA,gas,0,3078,3,3.59,1,3,1,0
user_6437,131.84,debit_card,True,False,17,4,UK,gas,0,924,1,2.64,1,1,1,0
user_5689,72.1,ach,False,False,21,6,UK,groceries,0,927,2,0.72,2,2,1,0
user_5262,81.23,debit_card,False,False,10,6,AU,restaurant,0,3530,3,2.03,1,3,1,0
user_7381,1542.61,debit_card,False,True,22,3,US,groceries,0,3539,3,15.43,2,3,1,0
user_4232,623.28,ach,False,False,19,4,AU,retail,0,1622,2,4.16,2,2,1,0
user_3754,51.23,ach,True,False,19,6,US,utilities,0,2203,3,0.64,2,3,1,0
user_6846,298.33,ach,True,True,14,0,AU,gas,0,3597,1,5.97,1,1,1,0
user_1514,289.87,credit_card,False,False,9,6,CA,gas,0,1170,2,5.8,3,2,1,0
user_9808,201.52,credit_card,False,False,6,5,AU,retail,0,2346,1,1.34,3,1,1,0
user_2102,9653.02,cryptocurrency,True,True,3,0,US,cryptocurrency,3,1858,14,9.65,10,14,1,1
user_2130,933.12,credit_card,False,True,11,2,UK,gas,0,1704,3,18.66,1,3,1,0
user_6120,191.82,debit_card,False,False,13,3,CA,restaurant,0,2843,2,4.8,1,2,1,0
user_5114,83.94,credit_card,True,False,11,5,AU,utilities,0,3427,2,1.05,1,2,1,0
user_5583,702.78,ach,True,False,6,6,AU,restaurant,0,846,2,17.57,3,2,1,0
user_9856,337.31,debit_card,False,False,12,0,CA,groceries,0,3267,1,3.37,1,1,1,0
user_4522,740.44,debit_card,True,False,17,4,CA,gas,0,1724,3,14.81,1,3,1,0
user_3146,315.41,ach,False,False,17,2,AU,gas,0,527,3,6.31,1,3,1,0
user_4450,82.77,credit_card,True,False,14,0,US,restaurant,0,421,3,2.07,1,3,1,0
user_2584,267.5,ach,False,False,12,5,UK,gas,0,3335,2,5.35,1,2,1,0
user_8895,159.04,debit_card,False,False,22,5,AU,groceries,0,638,3,1.59,2,3,1,0
user_3223,784.39,debit_card,False,False,10,4,US,groceries,0,1095,3,7.84,1,3,1,0
user_4796,33.75,credit_card,False,False,16,0,UK,groceries,0,988,3,0.34,1,3,1,0
user_2654,172.17,debit_card,False,False,21,3,UK,gas,0,3625,1,3.44,2,1,1,0
user_5221,300.53,debit_card,False,True,6,0,UK,retail,0,953,3,2.0,3,3,1,0
user_3636,9525.3,cryptocurrency,True,True,22,2,UK,cryptocurrency,3,629,9,9.53,2,9,1,1
user_5728,490.06,debit_card,False,True,6,3,AU,restaurant,0,2850,2,12.25,3,2,1,0
user_6439,77.63,debit_card,False,False,17,3,US,gas,0,2184,1,1.55,1,1,1,0
user_5930,776.35,ach,False,False,22,6,US,restaurant,0,1274,2,19.41,2,2,1,0
user_7150,428.74,ach,True,False,11,5,AU,gas,0,381,1,8.57,1,1,1,0
user_9700,156.46,ach,False,False,6,2,US,utilities,0,2596,1,1.96,3,1,1,0
user_2388,295.77,credit_card,True,False,22,5,AU,retail,0,2665,3,1.97,2,3,1,0
user_5786,142.37,debit_card,False,False,18,5,AU,gas,0,450,3,2.85,2,3,1,0
user_4232,398.69,credit_card,False,False,19,5,AU,gas,0,1622,3,7.97,2,3,1,0
user_7669,98.44,debit_card,False,False,11,6,US,utilities,0,2729,1,1.23,1,1,1,0
user_6916,197.53,ach,False,False,6,5,AU,groceries,0,3555,3,1.98,3,3,1,0
user_5661,1773.77,debit_card,False,False,21,2,UK,utilities,0,1453,3,22.17,2,3,1,0
user_4658,750.29,debit_card,False,False,18,0,UK,utilities,0,578,1,9.38,2,1,1,0
user_8957,531.36,ach,False,False,14,1,AU,restaurant,0,1148,3,13.28,1,3,1,0
user_2734,55.54,debit_card,False,False,16,1,AU,retail,0,2176,1,0.37,1,1,1,0
user_8183,305.67,credit_card,False,False,18,1,US,groceries,0,3384,3,3.06,2,3,1,0
user_9444,849.72,debit_card,False,True,22,1,AU,restaurant,0,1067,2,21.24,2,2,1,0
user_8611,40.01,debit_card,False,False,21,2,CA,groceries,0,3504,3,0.4,2,3,1,0
user_5581,854.0,credit_card,False,False,6,0,CA,gas,0,2388,2,17.08,3,2,1,0
user_9022,189.61,ach,False,False,17,6,AU,restaurant,0,1443,3,4.74,1,3,1,0
user_1505,139.25,debit_card,False,False,13,5,US,retail,0,1155,2,0.93,1,2,1,0
user_6617,323.6,ach,False,False,12,3,CA,groceries,0,595,3,3.24,1,3,1,0
user_5350,1539.33,ach,False,False,18,1,CA,retail,0,2984,1,10.26,2,1,1,0
user_2771,31.93,debit_card,False,False,11,2,US,gas,0,1737,1,0.64,1,1,1,0
user_4559,279.47,debit_card,False,False,16,0,CA,groceries,0,3533,3,2.79,1,3,1,0
user_7126,34.28,debit_card,False,False,19,6,CA,retail,0,298,3,0.23,2,3,1,0
user_8157,838.22,ach,False,False,22,0,UK,retail,0,743,2,5.59,2,2,1,0
user_7691,3957.23,wire_transfer,True,True,4,5,BR,cash_withdrawal,8,2300,16,19.79,10,16,1,1
user_1305,399.34,debit_card,False,False,9,0,CA,restaurant,0,1869,3,9.98,3,3,1,0
user_1833,1559.54,debit_card,False,False,19,5,UK,gas,0,2039,3,31.19,2,3,1,0
user_1344,1094.09,ach,False,False,20,3,CA,groceries,0,2440,1,10.94,2,1,1,0
user_6601,383.6,credit_card,False,False,15,0,AU,retail,0,1551,2,2.56,1,2,1,0
user_2389,392.87,debit_card,False,False,22,6,UK,groceries,0,412,2,3.93,2,2,1,0
user_7917,93.89,debit_card,False,True,22,5,UK,restaurant,0,1196,3,2.35,2,3,1,0
user_2274,118.79,ach,False,True,12,3,UK,retail,0,717,1,0.79,1,1,1,0
user_3267,142.74,credit_card,False,False,11,6,AU,retail,0,2872,3,0.95,1,3,1,0
user_9051,62.36,credit_card,False,False,17,4,US,groceries,0,1508,3,0.62,1,3,1,0
user_6169,61.39,ach,False,False,20,3,CA,groceries,0,814,2,0.61,2,2,1,0
user_7895,263.09,debit_card,False,True,20,6,CA,groceries,0,3154,3,2.63,2,3,1,0
user_6053,142.36,ach,False,False,14,0,AU,utilities,0,1938,1,1.78,1,1,1,0
user_1130,5372.63,wire_transfer,True,True,2,2,RU,wire_transfer,5,2339,11,10.75,10,11,1,1
user_3250,191.46,ach,False,False,14,3,AU,retail,0,2362,2,1.28,1,2,1,0
user_1715,321.55,debit_card,False,False,18,3,AU,gas,0,2918,1,6.43,2,1,1,0
user_6432,662.75,debit_card,True,False,8,0,US,restaurant,0,433,1,16.57,3,1,1,0
user_7615,35.71,debit_card,False,False,22,4,CA,utilities,0,2401,2,0.45,2,2,1,0
user_4390,65.93,debit_card,False,True,21,6,UK,utilities,0,2210,1,0.82,2,1,1,0
user_1128,1625.03,debit_card,False,False,14,6,US,gas,0,3626,1,32.5,1,1,1,0
user_7917,180.01,credit_card,False,False,22,0,UK,groceries,0,1196,1,1.8,2,1,1,0
user_4714,36073.98,wire_transfer,True,True,0,0,CN,wire_transfer,3,251,9,72.15,10,9,1,1
user_4389,381.22,debit_card,False,False,15,0,UK,restaurant,0,3410,1,9.53,1,1,1,0
user_7293,1178.92,credit_card,False,False,14,3,CA,groceries,0,3574,2,11.79,1,2,1,0
user_6804,691.65,ach,False,False,14,3,AU,groceries,0,3568,1,6.92,1,1,1,0
user_3100,167.72,debit_card,False,False,10,5,UK,retail,0,2567,3,1.12,1,3,1,0
user_5090,9932.78,wire_transfer,True,True,4,1,UK,wire_transfer,1,3423,16,19.87,10,16,1,1
user_4920,139.7,debit_card,False,False,11,5,CA,restaurant,0,2643,2,3.49,1,2,1,0
user_5999,274.71,debit_card,False,True,15,3,US,restaurant,0,1389,2,6.87,1,2,1,0
user_9619,9590.72,wire_transfer,True,True,0,0,US,cryptocurrency,2,1980,15,9.59,10,15,1,1
user_7484,143.8,debit_card,False,True,19,2,UK,retail,0,937,2,0.96,2,2,1,0
user_8598,54.78,credit_card,False,False,7,1,UK,groceries,0,1757,2,0.55,3,2,1,0
user_9922,190.36,debit_card,False,False,18,4,CA,groceries,0,1118,1,1.9,2,1,1,0
user_7550,9617.03,wire_transfer,True,True,5,4,US,cryptocurrency,2,2993,14,9.62,10,14,1,1
user_1202,1432.98,ach,False,False,20,5,CA,groceries,0,2773,1,14.33,2,1,1,0
user_4621,598.01,debit_card,False,False,12,3,UK,utilities,0,279,1,7.48,1,1,1,0
user_6345,335.28,ach,False,False,13,5,UK,restaurant,0,986,2,8.38,1,2,1,0
user_9267,167.96,debit_card,False,True,7,2,UK,retail,0,2942,2,1.12,3,2,1,0
user_1188,68.89,ach,False,False,19,4,UK,gas,0,3178,3,1.38,2,3,1,0
user_1945,712.42,debit_card,True,False,15,4,UK,gas,0,2992,3,14.25,1,3,1,0
user_3880,79.9,debit_card,False,False,15,0,AU,groceries,0,793,2,0.8,1,2,1,0
user_4387,813.48,ach,False,False,17,3,AU,gas,0,1953,2,16.27,1,2,1,0
user_1781,444.71,debit_card,False,False,9,2,CA,utilities,0,275,2,5.56,3,2,1,0
user_7325,139.13,debit_card,False,True,13,4,US,retail,0,547,2,0.93,1,2,1,0
user_1241,71.55,debit_card,False,True,11,3,CA,gas,0,1694,3,1.43,1,3,1,0
user_6253,180.57,ach,True,False,15,6,CA,groceries,0,2734,1,1.81,1,1,1,0
user_1674,95.84,debit_card,False,False,9,3,US,gas,0,2657,2,1.92,3,2,1,0
user_9762,85.62,ach,False,True,18,4,US,retail,0,3126,1,0.57,2,1,1,0
user_8015,104.77,debit_card,True,False,19,5,CA,groceries,0,3244,2,1.05,2,2,1,0
user_9504,859.62,ach,False,False,22,6,US,gas,0,1802,2,17.19,2,2,1,0
user_3385,156.27,ach,False,False,20,1,AU,retail,0,2348,2,1.04,2,2,1,0
user_4817,351.98,debit_card,False,False,6,4,US,gas,0,1165,1,7.04,3,1,1,0
user_7429,71.61,ach,False,False,18,2,AU,retail,0,773,1,0.48,2,1,1,0
user_9410,144.18,ach,False,False,14,0,US,retail,0,939,3,0.96,1,3,1,0
user_6169,95.07,credit_card,False,True,19,2,CA,utilities,0,814,3,1.19,2,3,1,0
user_7165,198.55,debit_card,False,False,19,2,AU,groceries,0,1475,3,1.99,2,3,1,0
user_9221,637.67,credit_card,False,False,22,6,CA,retail,0,3151,3,4.25,2,3,1,0
user_7950,72.47,credit_card,False,False,10,3,AU,retail,0,2678,3,0.48,1,3,1,0
user_3793,131.38,ach,False,False,12,0,AU,gas,0,2576,2,2.63,1,2,1,0
user_3451,162.02,credit_card,False,False,20,6,US,groceries,0,462,3,1.62,2,3,1,0
user_6573,1488.17,debit_card,False,False,11,5,UK,groceries,0,3558,3,14.88,1,3,1,0
user_3526,819.13,ach,False,False,22,4,CA,utilities,0,3059,3,10.24,2,3,1,0
user_6314,83.97,debit_card,False,False,14,3,UK,groceries,0,1565,1,0.84,1,1,1,0
user_5986,849.82,ach,False,False,8,1,US,restaurant,0,991,3,21.25,3,3,1,0
user_1860,28.35,debit_card,False,False,16,4,UK,utilities,0,2968,3,0.35,1,3,1,0
user_5999,679.4,credit_card,False,False,17,0,US,retail,0,1389,1,4.53,1,1,1,0
user_8439,608.98,wire_transfer,True,True,4,3,PH,jewelry,5,3035,13,0.61,10,13,1,1
user_7852,588.87,debit_card,False,False,9,1,AU,groceries,0,1762,1,5.89,3,1,1,0
user_3110,50.99,debit_card,False,False,12,5,US,restaurant,0,204,1,1.27,1,1,1,0
user_2420,44.49,ach,False,False,9,2,US,gas,0,2444,3,0.89,3,3,1,0
user_2531,708.59,credit_card,False,False,16,2,AU,retail,0,2293,1,4.72,1,1,1,0
user_5634,914.27,debit_card,False,False,13,4,UK,restaurant,0,2810,2,22.86,1,2,1,0
user_2627,175.46,ach,False,False,19,4,UK,gas,0,278,2,3.51,2,2,1,0
user_7852,1645.51,debit_card,False,True,7,1,AU,groceries,0,1762,2,16.46,3,2,1,0
user_7708,1950.77,debit_card,False,True,9,3,CA,restaurant,0,1328,1,48.77,3,1,1,0
user_7401,741.9,ach,False,False,18,1,US,utilities,0,1300,2,9.27,2,2,1,0
user_1090,36.57,ach,False,False,12,5,CA,gas,0,750,2,0.73,1,2,1,0
user_2638,26.58,ach,False,False,18,6,CA,restaurant,0,2102,2,0.66,2,2,1,0
user_9017,978.76,ach,False,False,12,0,UK,utilities,0,164,1,12.23,1,1,5,0
user_4390,56.16,ach,False,False,19,3,UK,groceries,0,2210,3,0.56,2,3,1,0
user_1424,117.24,debit_card,False,False,12,3,AU,groceries,0,2330,2,1.17,1,2,1,0
user_8430,526.12,ach,True,False,16,2,US,restaurant,0,1310,2,13.15,1,2,1,0
user_7895,111.64,debit_card,False,False,19,0,CA,retail,0,3154,2,0.74,2,2,1,0
user_5498,75.3,ach,False,False,11,2,AU,gas,0,1518,3,1.51,1,3,1,0
user_5803,797.04,credit_card,False,False,13,6,CA,groceries,0,2915,3,7.97,1,3,1,0
user_3492,33.31,ach,False,True,20,3,US,restaurant,0,791,2,0.83,2,2,1,0
user_1975,68.15,debit_card,False,False,11,0,CA,groceries,0,3201,2,0.68,1,2,1,0
user_5622,268.35,credit_card,False,False,6,0,AU,gas,0,3008,3,5.37,3,3,1,0
user_5380,1142.0,debit_card,False,False,20,6,US,gas,0,585,1,22.84,2,1,1,0
user_6008,1655.51,ach,False,False,8,6,UK,utilities,0,3338,2,20.69,3,2,1,0
user_5463,706.09,debit_card,False,False,14,1,CA,utilities,0,2887,2,8.83,1,2,1,0
user_6155,151.87,ach,False,False,22,2,AU,groceries,0,1650,1,1.52,2,1,1,0
user_2101,79.63,ach,False,True,22,6,UK,retail,0,1513,2,0.53,2,2,1,0
user_8303,38.48,ach,False,False,15,3,AU,utilities,0,1934,1,0.48,1,1,1,0
user_9689,64.74,debit_card,False,False,18,5,AU,utilities,0,3465,1,0.81,2,1,1,0
user_4882,58.49,ach,False,False,19,2,UK,gas,0,3556,2,1.17,2,2,1,0
user_2571,70.05,debit_card,False,True,12,0,AU,groceries,0,659,2,0.7,1,2,1,0
user_8973,98.66,ach,False,False,9,5,UK,groceries,0,921,3,0.99,3,3,1,0
user_1674,77.98,debit_card,False,False,7,3,US,groceries,0,2657,3,0.78,3,3,1,0
user_4114,330.96,ach,False,False,6,6,AU,groceries,0,36,3,3.31,3,3,5,0
user_6363,110.83,debit_card,False,False,15,6,UK,gas,0,1412,3,2.22,1,3,1,0
user_6608,1596.23,credit_card,False,False,13,0,UK,restaurant,0,2528,2,39.91,1,2,1,0
user_5911,336.59,debit_card,False,False,11,6,UK,utilities,0,1386,1,4.21,1,1,1,0
user_5414,306.51,debit_card,False,False,19,0,US,restaurant,0,799,2,7.66,2,2,1,0
user_7408,873.78,debit_card,False,False,20,3,CA,groceries,0,1442,1,8.74,2,1,1,0
user_3024,423.25,credit_card,False,False,13,5,UK,restaurant,0,2424,3,10.58,1,3,1,0
user_3096,143.77,ach,False,False,22,1,CA,retail,0,2814,3,0.96,2,3,1,0
user_3926,1959.87,wire_transfer,True,True,0,5,RU,wire_transfer,5,2018,5,3.92,10,5,1,1
user_8750,9896.71,wire_transfer,True,True,5,1,UK,wire_transfer,3,1680,20,19.79,10,20,1,1
user_1035,251.24,ach,False,False,12,4,AU,utilities,0,1198,2,3.14,1,2,1,0
user_3321,321.0,debit_card,False,False,13,1,UK,groceries,0,1895,1,3.21,1,1,1,0
user_5831,46.59,ach,False,False,16,3,UK,retail,0,458,3,0.31,1,3,1,0
user_9464,196.86,credit_card,False,False,9,1,CA,restaurant,0,2979,3,4.92,3,3,1,0
user_1474,83.87,ach,False,False,16,3,UK,restaurant,0,1421,2,2.1,1,2,1,0
user_5739,54.2,ach,False,False,20,5,UK,utilities,0,2395,3,0.68,2,3,1,0
user_7293,968.36,credit_card,False,False,13,4,CA,restaurant,0,3574,2,24.21,1,2,1,0
user_2293,742.02,debit_card,False,False,21,1,CA,gas,0,2264,3,14.84,2,3,1,0
user_5355,756.87,ach,False,True,8,0,US,gas,0,3447,1,15.14,3,1,1,0
user_4463,898.8,debit_card,False,False,21,0,AU,utilities,0,3140,1,11.23,2,1,1,0
user_5288,372.23,ach,False,False,22,2,AU,gas,0,908,1,7.44,2,1,1,0
user_2200,45.78,credit_card,False,False,9,3,UK,restaurant,0,2315,1,1.14,3,1,1,0
user_3455,183.65,debit_card,True,False,12,2,AU,retail,0,506,3,1.22,1,3,1,0
user_5166,861.97,ach,False,False,20,6,US,utilities,0,1872,3,10.77,2,3,1,0
user_1202,606.66,credit_card,False,True,18,5,AU,utilities,0,490,1,7.58,2,1,1,0
user_8909,70.37,ach,False,False,12,6,AU,utilities,0,381,1,0.88,1,1,1,0
user_6478,256.73,ach,False,False,15,1,AU,gas,0,3584,3,5.13,1,3,1,0
user_2827,309.78,credit_card,False,False,12,4,CA,restaurant,0,1888,1,7.74,1,1,1,0
user_4616,9703.88,wire_transfer,True,True,17,4,US,wire_transfer,3,83,18,19.41,1,18,5,1
user_2655,2834.7,debit_card,True,True,2,3,VN,cash_withdrawal,8,588,13,14.17,10,13,1,1
user_2522,237.41,ach,False,False,12,6,CA,groceries,0,496,3,2.37,1,3,1,0
user_7018,1501.59,debit_card,False,False,15,4,US,gas,0,3008,3,30.03,1,3,1,0
user_9397,153.69,debit_card,False,False,10,4,CA,restaurant,0,934,3,3.84,1,3,1,0
user_8692,156.01,debit_card,False,False,9,3,UK,restaurant,0,1311,3,3.9,3,3,1,0
user_6262,27.54,debit_card,False,False,11,3,UK,utilities,0,2737,3,0.34,1,3,1,0
user_4465,189.72,ach,False,False,7,4,CA,gas,0,1513,3,3.79,3,3,1,0
user_1404,1572.96,ach,False,False,13,6,AU,groceries,0,2023,1,15.73,1,1,1,0
user_1193,157.01,ach,False,False,12,5,US,retail,0,1362,3,1.05,1,3,1,0
user_5901,404.71,debit_card,False,False,20,5,UK,retail,0,1901,1,2.7,2,1,1,0
user_3506,703.53,ach,False,False,9,3,UK,restaurant,0,2552,3,17.59,3,3,1,0
user_4232,311.22,credit_card,False,False,20,5,AU,restaurant,0,1622,1,7.78,2,1,1,0
user_3250,150.31,debit_card,False,False,15,2,AU,groceries,0,2362,2,1.5,1,2,1,0
user_9962,53.17,ach,True,False,12,4,AU,utilities,0,2915,2,0.66,1,2,1,0
user_3455,60.19,credit_card,True,False,14,6,AU,groceries,0,506,2,0.6,1,2,1,0
user_6816,168.2,debit_card,False,False,22,5,US,utilities,0,2336,2,2.1,2,2,1,0
user_2956,73.35,ach,False,False,22,2,CA,gas,0,2903,1,1.47,2,1,1,0
user_5799,1960.36,credit_card,False,False,11,6,US,retail,0,2275,1,13.07,1,1,1,0
user_4281,1078.1,ach,True,False,10,5,US,utilities,0,399,1,13.48,1,1,1,0
user_6432,774.19,ach,False,True,8,3,US,restaurant,0,433,2,19.35,3,2,1,0
user_9008,86.99,debit_card,False,False,18,5,AU,restaurant,0,3342,2,2.17,2,2,1,0
user_5520,371.11,debit_card,False,True,15,4,AU,retail,0,1690,1,2.47,1,1,1,0
user_3390,58.77,debit_card,False,False,11,1,AU,retail,0,1160,1,0.39,1,1,1,0
user_1971,228.34,debit_card,True,False,20,5,CA,restaurant,0,2903,2,5.71,2,2,1,0
user_6439,70.04,ach,False,False,16,4,US,restaurant,0,2184,2,1.75,1,2,1,0
user_6509,179.81,ach,False,False,22,6,UK,gas,0,3558,1,3.6,2,1,1,0
user_1306,1192.93,debit_card,False,False,16,6,CA,utilities,0,1343,3,14.91,1,3,1,0
user_7325,129.02,debit_card,False,False,16,3,US,retail,0,547,3,0.86,1,3,1,0
user_4463,778.57,debit_card,False,False,20,2,AU,utilities,0,3140,1,9.73,2,1,1,0
user_4505,69.46,ach,False,False,16,4,AU,gas,0,1385,2,1.39,1,2,1,0
user_5278,6174.77,wire_transfer,True,True,2,3,RO,wire_transfer,2,2148,7,12.35,10,7,1,1
user_1752,67.39,debit_card,False,False,19,0,AU,retail,0,96,2,0.45,2,2,5,0
user_6509,384.34,ach,False,True,19,6,UK,utilities,0,3558,2,4.8,2,2,1,0
user_2037,1057.62,credit_card,False,False,16,0,CA,retail,0,1789,3,7.05,1,3,1,0
user_2696,793.71,ach,False,False,21,5,UK,groceries,0,2094,2,7.94,2,2,1,0
user_8178,86.41,credit_card,False,True,19,6,AU,restaurant,0,3221,2,2.16,2,2,1,0
user_2642,109.89,ach,False,False,20,5,AU,groceries,0,3249,2,1.1,2,2,1,0
user_9397,164.24,ach,True,True,10,6,CA,groceries,0,934,1,1.64,1,1,1,0
user_8988,198.77,debit_card,False,False,20,6,CA,utilities,0,1313,2,2.48,2,2,1,0
user_2389,348.59,debit_card,True,False,19,1,UK,utilities,0,412,2,4.36,2,2,1,0
user_6600,81.3,debit_card,False,False,16,6,CA,retail,0,3028,2,0.54,1,2,1,0
user_4143,679.58,debit_card,False,False,20,0,AU,utilities,0,2804,3,8.49,2,3,1,0
user_1202,1145.91,debit_card,False,False,18,3,CA,restaurant,0,2773,1,28.65,2,1,1,0
user_9814,190.69,debit_card,False,False,8,4,UK,retail,0,2277,1,1.27,3,1,1,0
user_7434,282.25,credit_card,False,False,6,1,UK,restaurant,0,2601,1,7.06,3,1,1,0
user_5105,1833.02,wire_transfer,True,True,3,0,PH,jewelry,8,542,23,1.83,10,20,1,1
user_3338,1299.2,debit_card,False,False,9,2,UK,utilities,0,716,3,16.24,3,3,1,0
user_8933,118.36,debit_card,False,False,21,6,UK,utilities,0,441,2,1.48,2,2,1,0
user_6690,424.48,debit_card,False,False,22,4,CA,groceries,0,117,3,4.24,2,3,5,0
user_1745,50.34,debit_card,False,False,13,5,US,groceries,0,1217,3,0.5,1,3,1,0
user_3110,72.98,credit_card,False,False,16,1,US,gas,0,204,1,1.46,1,1,1,0
user_3595,291.84,ach,True,False,6,1,CA,utilities,0,2546,3,3.65,3,3,1,0
user_6846,53.48,ach,False,False,21,6,CA,retail,0,1579,3,0.36,2,3,1,0
user_3385,175.87,ach,False,True,18,0,AU,gas,0,2348,3,3.52,2,3,1,0
user_4404,113.67,ach,False,False,16,3,US,utilities,0,673,2,1.42,1,2,1,0
user_2832,218.91,debit_card,False,False,15,6,CA,groceries,0,267,3,2.19,1,3,1,0
user_4571,654.42,ach,False,True,21,1,UK,retail,0,3171,1,4.36,2,1,1,0
user_4143,352.03,debit_card,False,False,20,6,AU,groceries,0,2804,3,3.52,2,3,1,0
user_3159,30.83,ach,False,False,16,4,CA,groceries,0,2441,1,0.31,1,1,1,0
user_8916,511.86,debit_card,False,False,7,4,US,gas,0,2209,2,10.24,3,2,1,0
user_6822,380.11,ach,False,False,8,3,UK,utilities,0,3355,2,4.75,3,2,1,0
user_9808,1541.31,debit_card,False,False,9,5,UK,retail,0,372,1,10.28,3,1,1,0
user_8368,116.55,credit_card,False,False,16,3,US,gas,0,1828,2,2.33,1,2,1,0
user_4893,328.29,debit_card,False,True,9,0,US,utilities,0,1006,1,4.1,3,1,1,0
user_4949,890.01,credit_card,False,True,21,0,US,retail,0,2193,3,5.93,2,3,1,0
user_2753,42.67,credit_card,False,False,22,4,CA,groceries,0,1017,2,0.43,2,2,1,0
user_8094,227.45,debit_card,False,False,11,4,AU,utilities,0,2787,3,2.84,1,3,1,0
user_7325,94.23,ach,False,False,13,5,US,restaurant,0,547,3,2.36,1,3,1,0
user_9571,67.58,credit_card,True,True,16,5,AU,gas,0,1239,1,1.35,1,1,1,0
user_4621,763.63,credit_card,False,False,17,5,UK,gas,0,279,1,15.27,1,1,1,0
user_7859,548.87,credit_card,False,True,18,5,CA,groceries,0,1150,3,5.49,2,3,1,0
user_5828,1087.45,ach,False,True,22,1,AU,groceries,0,807,2,10.87,2,2,1,0
user_1742,818.69,debit_card,False,False,17,5,US,gas,0,2246,2,16.37,1,2,1,0
user_3868,4531.18,wire_transfer,True,True,0,1,ID,jewelry,7,2617,10,4.53,10,10,1,1
user_9584,82.0,debit_card,False,False,8,4,UK,retail,0,2561,1,0.55,3,1,1,0
user_4450,276.3,ach,False,False,6,2,UK,restaurant,0,2100,3,6.91,3,3,1,0
user_4559,806.62,debit_card,False,False,16,5,CA,groceries,0,3533,1,8.07,1,1,1,0
user_2522,244.45,ach,False,False,13,0,CA,restaurant,0,496,3,6.11,1,3,1,0
user_1962,1544.57,debit_card,True,True,8,5,US,utilities,0,3380,1,19.31,3,1,1,0
user_3847,1430.96,debit_card,False,True,10,0,CA,gas,0,40,1,28.62,1,1,5,0
user_7948,1482.19,debit_card,False,True,16,4,CA,groceries,0,1043,2,14.82,1,2,1,0
user_9369,60.92,debit_card,False,False,20,5,US,gas,0,1127,2,1.22,2,2,1,0
user_1089,47.75,credit_card,False,True,19,0,US,gas,0,2158,1,0.95,2,1,1,0
user_1404,1592.38,debit_card,True,True,14,1,AU,groceries,0,2023,2,15.92,1,2,1,0
user_6916,211.43,credit_card,False,False,10,3,AU,gas,0,3555,3,4.23,1,3,1,0
user_3399,192.01,credit_card,False,False,8,4,CA,groceries,0,2497,1,1.92,3,1,1,0
user_6085,168.47,debit_card,True,False,6,3,CA,restaurant,0,130,3,4.21,3,3,5,0
user_7607,175.09,credit_card,False,False,6,0,AU,utilities,0,1849,1,2.19,3,1,1,0
user_9571,85.42,ach,False,False,17,2,AU,utilities,0,1239,1,1.07,1,1,1,0
user_7164,331.54,ach,False,False,8,3,CA,restaurant,0,2200,1,8.29,3,1,1,0
user_3275,128.84,credit_card,False,False,16,4,US,gas,0,1508,3,2.58,1,3,1,0
user_2696,984.3,debit_card,False,True,21,2,UK,restaurant,0,2094,3,24.61,2,3,1,0
user_7841,290.59,ach,False,False,9,3,CA,groceries,0,1381,1,2.91,3,1,1,0
user_3519,95.44,debit_card,False,False,12,0,UK,retail,0,185,3,0.64,1,3,1,0
user_8277,835.77,credit_card,False,False,15,4,AU,gas,0,988,1,16.72,1,1,1,0
user_7333,213.37,credit_card,True,False,15,0,CA,restaurant,0,1395,3,5.33,1,3,1,0
user_9565,263.23,ach,False,True,15,1,CA,retail,0,2773,3,1.75,1,3,1,0
user_9221,853.48,debit_card,False,True,20,6,CA,groceries,0,3151,3,8.53,2,3,1,0
user_1130,248.41,debit_card,False,False,7,0,UK,retail,0,2339,3,1.66,3,3,1,0
user_2524,50.32,ach,True,True,8,0,AU,utilities,0,2900,3,0.63,3,3,1,0
user_6599,648.22,credit_card,False,True,20,2,CA,restaurant,0,389,1,16.21,2,1,1,0
user_1781,931.86,debit_card,False,False,10,3,CA,retail,0,275,1,6.21,1,1,1,0
user_6218,129.39,debit_card,False,False,15,3,UK,retail,0,2461,1,0.86,1,1,1,0
user_8909,59.14,debit_card,False,False,13,3,AU,utilities,0,381,3,0.74,1,3,1,0
user_8633,945.06,debit_card,False,False,8,6,CA,utilities,0,3441,1,11.81,3,1,1,0
user_3230,182.63,debit_card,False,True,16,2,CA,utilities,0,1992,1,2.28,1,1,1,0
user_6500,453.62,debit_card,False,True,7,6,UK,utilities,0,888,2,5.67,3,2,1,0
user_8381,812.75,debit_card,False,False,14,6,UK,gas,0,163,2,16.25,1,2,5,0
user_6008,1208.45,ach,False,False,11,4,UK,utilities,0,3338,3,15.11,1,3,1,0
user_9830,194.06,ach,False,False,18,5,AU,restaurant,0,2420,2,4.85,2,2,1,0
user_5678,769.77,debit_card,False,False,6,3,US,groceries,0,585,3,7.7,3,3,1,0
user_3868,440.32,debit_card,False,False,22,5,AU,gas,0,2617,1,8.81,2,1,1,0
user_1077,806.0,debit_card,False,False,17,4,CA,groceries,0,3147,3,8.06,1,3,1,0
user_7484,137.37,debit_card,False,False,20,2,UK,retail,0,937,2,0.92,2,2,1,0
user_9565,103.11,ach,False,False,12,4,CA,retail,0,2773,3,0.69,1,3,1,0
user_5329,195.44,credit_card,False,True,10,6,UK,utilities,0,53,2,2.44,1,2,5,0
user_4996,1707.76,debit_card,False,True,9,6,CA,utilities,0,1385,2,21.35,3,2,1,0
user_5060,61.78,debit_card,False,False,12,1,US,utilities,0,3159,2,0.77,1,2,1,0
user_5622,106.75,ach,False,False,10,4,AU,retail,0,3008,2,0.71,1,2,1,0
user_5500,535.6,debit_card,False,False,6,0,UK,retail,0,2108,3,3.57,3,3,1,0
user_8372,424.08,debit_card,True,False,19,5,UK,groceries,0,555,1,4.24,2,1,1,0
user_4617,67.84,debit_card,False,False,8,3,AU,restaurant,0,1855,1,1.7,3,1,1,0
user_9374,150.63,credit_card,False,False,16,1,CA,utilities,0,3102,1,1.88,1,1,1,0
user_1722,41.4,debit_card,True,True,14,1,CA,groceries,0,2639,2,0.41,1,2,1,0
user_1485,156.78,debit_card,False,False,16,6,AU,restaurant,0,964,3,3.92,1,3,1,0
user_8141,537.68,credit_card,False,True,11,2,AU,groceries,0,1455,2,5.38,1,2,1,0
user_4971,383.82,ach,False,True,15,1,UK,gas,0,3374,1,7.68,1,1,1,0
user_4387,1886.08,credit_card,False,False,15,5,AU,restaurant,0,1953,1,47.15,1,1,1,0
user_9537,477.56,debit_card,False,False,12,4,AU,utilities,0,429,2,5.97,1,2,1,0
user_6096,53.72,credit_card,False,False,18,5,US,groceries,0,1307,3,0.54,2,3,1,0
user_1807,873.04,credit_card,False,False,17,2,UK,retail,0,112,3,5.82,1,3,5,0
user_2294,1010.41,debit_card,False,False,7,3,CA,restaurant,0,2227,1,25.26,3,1,1,0
user_2312,93.63,ach,False,True,10,3,US,restaurant,0,2795,1,2.34,1,1,1,0
user_7865,1796.58,ach,False,False,22,0,CA,retail,0,2029,1,11.98,2,1,1,0
user_3931,703.46,ach,False,False,21,4,AU,restaurant,0,3086,1,17.59,2,1,1,0
user_6442,865.41,debit_card,False,False,20,5,CA,groceries,0,1122,2,8.65,2,2,1,0
user_1188,9722.34,wire_transfer,True,True,14,6,UK,wire_transfer,2,3178,15,19.44,1,15,1,1
user_8933,113.53,debit_card,False,False,21,5,UK,restaurant,0,441,1,2.84,2,1,1,0
user_4281,1292.86,credit_card,False,False,10,6,US,gas,0,399,3,25.86,1,3,1,0
user_5221,611.78,ach,False,False,6,6,UK,restaurant,0,953,3,15.29,3,3,1,0
user_6262,34.29,debit_card,False,False,7,1,UK,groceries,0,2737,2,0.34,3,2,1,0
user_2638,42.32,debit_card,False,False,19,6,CA,utilities,0,2102,1,0.53,2,1,1,0
user_3286,58.16,debit_card,False,True,22,2,US,restaurant,0,2448,2,1.45,2,2,1,0
user_1842,396.08,ach,True,False,21,4,UK,groceries,0,1470,2,3.96,2,2,1,0
user_2771,360.48,debit_card,False,False,6,0,AU,gas,0,941,2,7.21,3,2,1,0
user_6759,589.18,debit_card,False,False,8,1,UK,restaurant,0,2548,2,14.73,3,2,1,0
user_8736,181.96,ach,False,False,15,4,CA,utilities,0,1601,1,2.27,1,1,1,0
user_4212,543.26,ach,True,False,19,4,CA,retail,0,1022,2,3.62,2,2,1,0
user_7878,764.24,debit_card,False,False,9,2,CA,utilities,0,2944,3,9.55,3,3,1,0
user_2417,305.33,ach,False,False,17,3,AU,retail,0,1648,2,2.04,1,2,1,0
user_8157,966.46,ach,False,False,19,4,UK,retail,0,743,3,6.44,2,3,1,0
user_3385,91.97,ach,False,True,22,3,AU,retail,0,2348,1,0.61,2,1,1,0
user_4519,194.33,ach,False,True,12,2,US,retail,0,2394,3,1.3,1,3,1,0
user_3900,1869.23,debit_card,False,False,18,0,AU,groceries,0,2614,2,18.69,2,2,1,0
user_8303,41.14,debit_card,False,True,14,4,AU,retail,0,1934,1,0.27,1,1,1,0
user_5093,83.95,credit_card,False,False,16,2,UK,groceries,0,406,3,0.84,1,3,1,0
user_5609,996.02,ach,False,False,19,6,AU,retail,0,1200,1,6.64,2,1,1,0
user_5102,638.03,debit_card,True,True,2,1,ID,cash_withdrawal,7,242,12,3.19,10,12,1,1
user_7164,160.46,ach,False,False,9,1,CA,gas,0,2200,2,3.21,3,2,1,0
user_6500,8888.36,wire_transfer,True,True,4,0,RU,wire_transfer,3,888,11,17.78,10,11,1,1
user_4012,978.39,debit_card,False,False,7,4,CA,gas,0,1733,1,19.57,3,1,1,0
user_2293,468.73,ach,False,True,20,5,CA,utilities,0,2264,2,5.86,2,2,1,0
user_4619,868.35,debit_card,False,True,11,3,AU,groceries,0,606,3,8.68,1,3,1,0
user_5471,444.84,debit_card,True,False,12,4,US,utilities,0,1622,3,5.56,1,3,1,0
user_7334,357.67,ach,False,False,6,2,AU,retail,0,2864,1,2.38,3,1,1,0
user_9488,72.98,ach,True,True,13,3,CA,retail,0,693,1,0.49,1,1,1,0
user_7401,542.26,debit_card,False,True,18,4,US,groceries,0,1300,2,5.42,2,2,1,0
user_7936,99.52,ach,False,True,22,5,AU,gas,0,857,3,1.99,2,3,1,0
user_6992,44.12,ach,False,False,16,3,US,groceries,0,1113,1,0.44,1,1,1,0
user_8921,287.79,credit_card,False,True,13,2,UK,retail,0,1350,2,1.92,1,2,1,0
user_4089,9774.42,cryptocurrency,True,True,14,0,AU,wire_transfer,1,1646,15,19.55,1,15,1,1
user_8341,56.33,debit_card,False,False,15,1,AU,retail,0,1324,3,0.38,1,3,1,0
user_2771,48.98,credit_card,False,False,9,3,US,retail,0,1737,2,0.33,3,2,1,0
user_5951,9745.47,wire_transfer,True,True,0,4,CA,cryptocurrency,3,215,9,9.75,10,9,1,1
user_4918,148.39,debit_card,False,False,13,0,CA,utilities,0,1536,2,1.85,1,2,1,0
user_8489,54.35,debit_card,False,False,8,1,AU,groceries,0,2474,2,0.54,3,2,1,0
user_8025,180.1,debit_card,False,False,18,0,US,utilities,0,2527,1,2.25,2,1,1,0
user_9269,59.73,debit_card,False,False,7,6,AU,gas,0,1216,2,1.19,3,2,1,0
user_8218,528.37,credit_card,False,False,12,4,AU,gas,0,2089,3,10.57,1,3,1,0
user_4150,105.28,credit_card,True,False,13,6,UK,restaurant,0,951,1,2.63,1,1,1,0
user_1280,1355.45,credit_card,False,True,22,3,AU,utilities,0,3332,1,16.94,2,1,1,0
user_3024,707.87,debit_card,False,False,12,6,UK,restaurant,0,2424,2,17.7,1,2,1,0
user_7401,725.93,debit_card,True,True,21,4,US,utilities,0,1300,1,9.07,2,1,1,0
user_6085,478.03,credit_card,False,False,13,3,US,gas,0,263,1,9.56,1,1,1,0
user_6460,346.49,debit_card,False,False,19,5,US,retail,0,3543,2,2.31,2,2,1,0
user_3395,999.36,debit_card,True,False,13,4,US,retail,0,926,1,6.66,1,1,1,0
user_3473,610.01,debit_card,True,False,9,6,AU,restaurant,0,1841,2,15.25,3,2,1,0
user_2099,87.37,debit_card,False,False,10,0,US,gas,0,1798,1,1.75,1,1,1,0
user_9270,583.72,debit_card,False,False,18,5,AU,restaurant,0,681,2,14.59,2,2,1,0
user_7594,206.22,debit_card,False,False,18,4,AU,utilities,0,1823,1,2.58,2,1,1,0
user_4006,264.74,credit_card,False,False,15,6,CA,utilities,0,3611,1,3.31,1,1,1,0
user_5739,120.49,credit_card,True,False,18,0,UK,utilities,0,2395,2,1.51,2,2,1,0
user_9796,50.74,credit_card,False,False,16,6,UK,groceries,0,837,3,0.51,1,3,1,0
user_5201,605.44,credit_card,False,True,11,4,CA,groceries,0,3421,3,6.05,1,3,1,0
user_1713,729.57,credit_card,False,False,15,0,UK,gas,0,3091,3,14.59,1,3,1,0
user_2753,556.85,wire_transfer,True,True,1,4,NG,wire_transfer,2,1017,15,1.11,10,15,1,1
user_1842,183.17,debit_card,False,False,21,3,UK,groceries,0,1470,1,1.83,2,1,1,0
user_7401,1233.64,debit_card,False,False,22,5,US,retail,0,1300,3,8.22,2,3,1,0
user_5942,164.22,credit_card,False,False,19,1,CA,retail,0,3093,3,1.09,2,3,1,0
user_7510,1308.8,debit_card,False,False,14,0,UK,retail,0,2158,2,8.73,1,2,1,0
user_7943,605.46,debit_card,False,True,13,1,AU,restaurant,0,1062,3,15.14,1,3,1,0
user_1136,583.17,debit_card,False,False,15,3,UK,retail,0,67,1,3.89,1,1,5,0
user_8750,57.84,debit_card,False,False,11,4,UK,utilities,0,1680,1,0.72,1,1,1,0
user_9226,1387.61,ach,False,False,22,5,CA,retail,0,522,3,9.25,2,3,1,0
user_8244,193.61,debit_card,False,True,22,1,AU,gas,0,3281,2,3.87,2,2,1,0
user_6262,36.94,credit_card,False,False,9,6,UK,groceries,0,2737,2,0.37,3,2,1,0
user_6460,3345.26,wire_transfer,True,True,2,1,RU,wire_transfer,3,3543,7,6.69,10,7,1,1
user_4974,722.98,credit_card,True,False,17,3,AU,gas,0,3194,2,14.46,1,2,1,0
user_1659,931.2,debit_card,True,True,2,1,PH,cash_withdrawal,7,3467,12,4.66,10,12,1,1
user_8354,656.55,ach,False,True,21,4,UK,retail,0,3569,1,4.38,2,1,1,0
user_3832,56.37,debit_card,False,True,11,6,CA,utilities,0,546,1,0.7,1,1,1,0
user_7859,737.52,debit_card,False,False,22,5,CA,retail,0,1150,2,4.92,2,2,1,0
user_3146,370.84,debit_card,False,False,15,5,AU,gas,0,527,1,7.42,1,1,1,0
user_7415,1868.63,credit_card,True,True,6,2,CA,retail,0,2497,1,12.46,3,1,1,0
user_1417,794.72,debit_card,False,False,12,2,UK,gas,0,1744,1,15.89,1,1,1,0
user_7985,848.65,debit_card,False,True,8,5,AU,retail,0,2609,1,5.66,3,1,1,0
user_8286,133.48,debit_card,False,True,13,6,US,utilities,0,572,3,1.67,1,3,1,0
user_8518,106.98,ach,False,False,20,0,CA,restaurant,0,87,2,2.67,2,2,5,0
user_5225,393.85,credit_card,False,False,21,5,US,gas,0,386,1,7.88,2,1,1,0
user_7325,198.09,debit_card,False,False,15,0,US,gas,0,547,2,3.96,1,2,1,0
user_4619,816.23,debit_card,False,False,6,0,AU,retail,0,606,3,5.44,3,3,1,0
user_1349,46.38,debit_card,False,True,15,5,CA,retail,0,545,1,0.31,1,1,1,0
user_8220,30.93,debit_card,False,True,6,2,UK,utilities,0,2712,3,0.39,3,3,1,0
user_5500,1339.42,debit_card,True,True,8,6,UK,groceries,0,2108,1,13.39,3,1,1,0
user_6658,327.01,ach,False,False,8,0,UK,gas,0,2139,1,6.54,3,1,1,0
user_8869,176.98,debit_card,False,False,7,5,US,restaurant,0,877,3,4.42,3,3,1,0
user_4882,9658.05,cryptocurrency,True,True,21,3,UK,wire_transfer,2,3556,16,19.32,2,16,1,1
user_4694,228.14,credit_card,False,False,22,1,UK,utilities,0,3494,2,2.85,2,2,1,0
user_2260,380.43,debit_card,False,False,7,6,CA,gas,0,2351,3,7.61,3,3,1,0
user_3584,755.32,ach,False,True,18,3,UK,retail,0,2535,2,5.04,2,2,1,0
user_9751,139.28,ach,False,True,15,4,US,utilities,0,253,1,1.74,1,1,1,0
user_9615,1552.86,debit_card,False,False,18,2,UK,utilities,0,231,3,19.41,2,3,1,0
user_4796,70.86,ach,False,True,17,2,UK,groceries,0,988,1,0.71,1,1,1,0
user_9565,177.96,debit_card,False,False,15,4,CA,groceries,0,2773,2,1.78,1,2,1,0
user_8722,686.88,debit_card,False,False,17,5,UK,restaurant,0,783,3,17.17,1,3,1,0
user_6509,285.6,debit_card,False,False,18,5,UK,gas,0,3558,1,5.71,2,1,1,0
user_5166,670.66,ach,True,False,22,0,US,retail,0,1872,1,4.47,2,1,1,0
user_3419,322.28,debit_card,False,True,10,5,UK,utilities,0,2871,2,4.03,1,2,1,0
user_4321,120.12,debit_card,False,False,19,3,US,groceries,0,666,1,1.2,2,1,1,0
user_6629,30.01,debit_card,False,True,13,3,CA,gas,0,1986,3,0.6,1,3,1,0
user_1742,70.55,ach,False,False,10,6,UK,retail,0,3323,1,0.47,1,1,1,0
user_7889,327.31,credit_card,False,True,12,4,UK,utilities,0,2428,2,4.09,1,2,1,0
user_2294,312.26,ach,True,False,17,5,AU,restaurant,0,2344,1,7.81,1,1,1,0
user_7408,740.09,debit_card,False,False,19,1,CA,restaurant,0,1442,1,18.5,2,1,1,0
user_3611,32.94,credit_card,False,False,17,2,AU,gas,0,3316,3,0.66,1,3,1,0
user_6759,545.74,ach,False,False,12,0,CA,retail,0,1044,1,3.64,1,1,1,0
user_3591,556.15,debit_card,False,False,22,2,AU,gas,0,1473,2,11.12,2,2,1,0
user_3110,37.48,debit_card,False,False,17,5,US,utilities,0,204,2,0.47,1,2,1,0
user_6881,1071.8,debit_card,False,False,16,2,UK,retail,0,119,1,7.15,1,1,5,0
user_3525,756.54,credit_card,False,False,15,2,UK,utilities,0,1708,1,9.46,1,1,1,0
user_5256,303.66,credit_card,False,False,16,4,UK,gas,0,1439,3,6.07,1,3,1,0
user_3173,118.95,debit_card,False,False,21,4,UK,restaurant,0,2939,3,2.97,2,3,1,0
user_6890,1590.32,debit_card,False,False,19,2,US,restaurant,0,477,1,39.76,2,1,1,0
user_2341,1890.3,debit_card,False,False,16,4,UK,retail,0,349,1,12.6,1,1,1,0
user_8430,989.87,debit_card,False,False,16,2,US,groceries,0,1310,2,9.9,1,2,1,0
user_1117,36.6,credit_card,False,False,20,1,US,retail,0,967,3,0.24,2,3,1,0
user_1749,1697.78,debit_card,False,False,11,0,CA,utilities,0,96,2,21.22,1,2,5,0
user_4281,1032.23,debit_card,False,False,9,2,US,groceries,0,399,2,10.32,3,2,1,0
user_3315,78.79,credit_card,True,False,15,3,US,groceries,0,1076,2,0.79,1,2,1,0
user_5558,152.46,ach,False,False,17,4,AU,groceries,0,1370,3,1.52,1,3,1,0
user_3096,144.84,debit_card,False,False,22,5,CA,gas,0,2814,2,2.9,2,2,1,0
user_8501,1203.32,ach,False,False,8,6,UK,restaurant,0,2546,1,30.08,3,1,1,0
user_3093,1925.3,credit_card,False,False,11,1,AU,utilities,0,2112,2,24.07,1,2,1,0
user_9488,155.34,ach,True,False,17,1,CA,gas,0,693,1,3.11,1,1,1,0
user_2617,51.5,debit_card,False,True,20,0,AU,retail,0,2724,1,0.34,2,1,1,0
user_6568,1059.9,debit_card,False,False,17,3,US,gas,0,1188,3,21.2,1,3,1,0
user_7745,1418.55,ach,False,False,22,3,AU,groceries,0,3552,2,14.19,2,2,1,0
user_3129,995.5,debit_card,False,True,12,5,CA,restaurant,0,480,2,24.89,1,2,1,0
user_3506,420.38,debit_card,False,False,7,0,UK,restaurant,0,2552,1,10.51,3,1,1,0
user_7841,332.77,credit_card,True,False,6,0,CA,utilities,0,1381,1,4.16,3,1,1,0
user_7434,625.3,credit_card,False,False,8,4,UK,groceries,0,2601,2,6.25,3,2,1,0
user_8668,247.5,debit_card,False,False,11,1,US,gas,0,1384,1,4.95,1,1,1,0
user_1441,434.88,credit_card,True,True,19,6,US,restaurant,0,373,2,10.87,2,2,1,0
user_6210,240.96,ach,False,False,21,4,US,retail,0,2911,1,1.61,2,1,1,0
user_5842,97.37,credit_card,True,False,9,0,AU,retail,0,1610,1,0.65,3,1,1,0
user_4943,1912.72,credit_card,False,True,19,2,CA,groceries,0,1566,2,19.13,2,2,1,0
user_9383,32.88,credit_card,False,False,22,0,US,utilities,0,1078,1,0.41,2,1,1,0
user_7475,1174.69,debit_card,False,False,10,4,US,utilities,0,867,3,14.68,1,3,1,0
user_6188,138.49,debit_card,False,True,7,2,US,utilities,0,51,2,1.73,3,2,5,0
user_4841,253.61,ach,False,False,13,0,UK,utilities,0,2242,3,3.17,1,3,1,0
user_1202,1097.42,credit_card,False,False,21,1,CA,groceries,0,2773,2,10.97,2,2,1,0
user_7022,353.25,credit_card,False,True,6,5,AU,groceries,0,3198,2,3.53,3,2,1,0
user_6601,822.66,credit_card,False,False,15,3,AU,restaurant,0,1551,2,20.57,1,2,1,0
user_6833,194.51,debit_card,False,False,10,0,US,utilities,0,351,1,2.43,1,1,1,0
user_9266,96.59,ach,False,False,8,6,CA,retail,0,2928,2,0.64,3,2,1,0
user_9830,859.84,debit_card,False,False,11,5,AU,gas,0,3166,2,17.2,1,2,1,0
user_9394,34.57,ach,False,False,15,2,AU,utilities,0,484,1,0.43,1,1,1,0
user_8444,517.29,credit_card,False,False,21,5,AU,restaurant,0,579,2,12.93,2,2,1,0
user_2234,164.92,ach,False,False,20,0,AU,utilities,0,1930,3,2.06,2,3,1,0
user_3734,241.17,debit_card,False,False,9,4,UK,utilities,0,3197,2,3.01,3,2,1,0
user_8145,314.84,credit_card,True,True,12,1,CA,retail,0,2813,3,2.1,1,3,1,0
user_9032,9568.82,wire_transfer,True,True,20,1,US,wire_transfer,1,1349,12,19.14,2,12,1,1
user_1104,843.65,debit_card,False,False,8,4,CA,utilities,0,308,3,10.55,3,3,1,0
user_5661,649.19,debit_card,False,False,19,1,UK,retail,0,1453,1,4.33,2,1,1,0
user_4707,1637.05,credit_card,False,False,11,3,AU,retail,0,1684,3,10.91,1,3,1,0
user_6085,610.04,debit_card,False,False,12,4,US,gas,0,263,2,12.2,1,2,1,0
user_3317,133.25,ach,False,False,16,2,AU,retail,0,558,2,0.89,1,2,1,0
user_1519,330.29,credit_card,False,True,10,2,CA,groceries,0,259,3,3.3,1,3,1,0
user_7126,168.67,debit_card,False,False,17,3,US,gas,0,1565,3,3.37,1,3,1,0
user_7086,25.43,debit_card,False,False,19,1,CA,restaurant,0,1961,1,0.64,2,1,1,0
user_7334,209.02,credit_card,False,False,7,5,AU,retail,0,2864,3,1.39,3,3,1,0
user_5414,832.06,debit_card,False,True,21,6,US,restaurant,0,799,3,20.8,2,3,1,0
user_8518,285.04,debit_card,False,False,19,0,CA,restaurant,0,87,2,7.13,2,2,5,0
user_7484,164.03,debit_card,False,False,21,3,UK,retail,0,937,1,1.09,2,1,1,0
user_7325,149.41,debit_card,False,False,14,6,US,retail,0,547,1,1.0,1,1,1,0
user_8178,140.56,debit_card,False,False,19,2,AU,restaurant,0,3221,1,3.51,2,1,1,0
user_8303,49.12,credit_card,True,False,15,1,AU,restaurant,0,1934,3,1.23,1,3,1,0
user_4879,9820.94,wire_transfer,True,True,14,2,UK,cryptocurrency,1,3310,13,9.82,1,13,1,1
user_6576,173.73,debit_card,False,False,20,0,UK,utilities,0,2306,1,2.17,2,1,1,0
user_1930,1189.35,debit_card,False,True,17,2,UK,groceries,0,2818,2,11.89,1,2,1,0
user_5558,817.69,debit_card,False,False,15,4,US,restaurant,0,1956,2,20.44,1,2,1,0
user_4909,40.65,debit_card,False,True,7,0,US,retail,0,1809,2,0.27,3,2,1,0
user_1269,1583.88,credit_card,False,False,20,5,CA,utilities,0,2973,2,19.8,2,2,1,0
user_2655,195.24,debit_card,False,False,16,4,UK,retail,0,588,1,1.3,1,1,1,0
user_5278,235.63,credit_card,False,False,10,4,CA,retail,0,2148,1,1.57,1,1,1,0
user_8381,1103.14,ach,False,True,12,3,UK,restaurant,0,163,2,27.58,1,2,5,0
user_9410,76.46,debit_card,False,False,17,4,US,utilities,0,939,1,0.96,1,1,1,0
user_5193,116.18,ach,False,True,6,2,AU,groceries,0,485,1,1.16,3,1,1,0
user_7708,9993.95,wire_transfer,True,True,15,4,CA,cryptocurrency,1,1328,14,9.99,1,14,1,1
user_2943,1252.38,debit_card,True,True,4,6,BR,jewelry,3,2196,20,1.25,10,20,1,1
user_9759,9591.51,cryptocurrency,True,True,6,1,UK,cryptocurrency,3,2107,19,9.59,3,19,1,1
user_3675,713.1,debit_card,False,False,15,6,CA,retail,0,1107,3,4.75,1,3,1,0
user_1485,320.13,ach,False,False,17,2,AU,restaurant,0,964,2,8.0,1,2,1,0
user_6864,847.42,debit_card,False,True,22,6,AU,retail,0,3646,2,5.65,2,2,1,0
user_5476,30.78,credit_card,False,False,17,1,AU,utilities,0,1668,2,0.38,1,2,1,0
user_4304,587.33,debit_card,False,False,16,3,CA,gas,0,167,1,11.75,1,1,5,0
user_6253,140.13,debit_card,False,False,17,6,CA,groceries,0,2734,2,1.4,1,2,1,0
user_6374,1516.52,ach,False,False,11,3,US,retail,0,2632,2,10.11,1,2,1,0
user_8786,1474.35,debit_card,False,False,8,2,UK,restaurant,0,3187,3,36.86,3,3,1,0
user_5067,397.2,ach,False,False,6,4,AU,utilities,0,2789,2,4.96,3,2,1,0
user_5781,36.23,ach,False,False,13,6,US,retail,0,1293,3,0.24,1,3,1,0
user_4263,902.18,debit_card,False,False,12,5,US,retail,0,1001,1,6.01,1,1,1,0
user_8803,386.56,credit_card,False,False,10,3,AU,restaurant,0,3527,3,9.66,1,3,1,0
user_5404,551.08,debit_card,False,True,11,2,US,restaurant,0,777,1,13.78,1,1,1,0
user_3473,490.45,debit_card,False,False,9,1,AU,utilities,0,1841,1,6.13,3,1,1,0
user_8569,392.19,debit_card,False,True,8,5,CA,utilities,0,2153,3,4.9,3,3,1,0
user_4082,587.55,ach,False,False,22,3,CA,restaurant,0,1993,2,14.69,2,2,1,0
user_3832,94.75,debit_card,False,False,9,4,CA,groceries,0,546,2,0.95,3,2,1,0
user_8094,387.72,credit_card,False,True,10,0,AU,groceries,0,2787,2,3.88,1,2,1,0
user_4176,380.64,credit_card,False,False,15,1,CA,groceries,0,997,2,3.81,1,2,1,0
user_2234,113.51,debit_card,False,False,18,5,AU,utilities,0,1930,3,1.42,2,3,1,0
user_4629,1331.53,ach,False,True,6,0,UK,utilities,0,1906,1,16.64,3,1,1,0
user_1618,1753.94,ach,False,False,7,0,UK,utilities,0,87,3,21.92,3,3,5,0
user_4559,638.29,credit_card,False,False,17,4,CA,groceries,0,3533,1,6.38,1,1,1,0
user_5327,518.6,credit_card,False,True,21,3,AU,restaurant,0,2373,3,12.96,2,3,1,0
user_8869,143.75,debit_card,False,False,6,0,US,gas,0,877,3,2.88,3,3,1,0
user_6085,932.56,credit_card,True,False,15,4,US,gas,0,263,3,18.65,1,3,1,0
user_8341,65.3,debit_card,False,False,13,0,AU,restaurant,0,1324,1,1.63,1,1,1,0
user_5442,1058.24,credit_card,False,False,22,3,UK,retail,0,592,2,7.05,2,2,1,0
user_7401,1468.3,ach,False,False,22,1,US,gas,0,1300,1,29.37,2,1,1,0
user_4619,1785.19,ach,False,False,7,4,AU,groceries,0,606,3,17.85,3,3,1,0
user_8491,144.89,ach,False,False,6,3,US,gas,0,1907,3,2.9,3,3,1,0
user_5222,1692.04,ach,False,True,19,4,UK,gas,0,2873,3,33.84,2,3,1,0
user_3749,1767.0,ach,False,False,22,5,US,gas,0,3215,1,35.34,2,1,1,0
user_1108,1154.74,ach,False,False,6,4,AU,restaurant,0,1550,1,28.87,3,1,1,0
user_7209,341.44,ach,False,True,11,2,AU,retail,0,3515,2,2.28,1,2,1,0
user_4619,866.58,debit_card,False,False,11,0,AU,retail,0,606,1,5.78,1,1,1,0
user_5634,577.1,ach,False,False,14,5,UK,utilities,0,2810,2,7.21,1,2,1,0
user_5162,352.43,debit_card,False,False,13,2,AU,retail,0,1656,2,2.35,1,2,1,0
user_8354,925.08,ach,False,False,21,0,UK,groceries,0,3569,3,9.25,2,3,1,0
user_5075,111.33,credit_card,False,False,17,5,US,gas,0,2839,3,2.23,1,3,1,0
user_1519,200.65,debit_card,True,False,10,0,CA,gas,0,259,3,4.01,1,3,1,0
user_1502,95.51,credit_card,False,False,22,4,CA,gas,0,1570,2,1.91,2,2,1,0
user_7296,685.31,debit_card,False,True,21,6,UK,restaurant,0,2944,2,17.13,2,2,1,0
user_5342,118.93,debit_card,False,False,19,1,AU,utilities,0,2691,1,1.49,2,1,1,0
user_2101,98.13,credit_card,False,False,19,3,UK,groceries,0,1513,3,0.98,2,3,1,0
user_1674,90.48,debit_card,False,False,8,4,US,retail,0,2657,3,0.6,3,3,1,0
user_8373,194.09,debit_card,False,True,6,3,UK,gas,0,3166,3,3.88,3,3,1,0
user_3595,978.58,debit_card,False,False,8,3,CA,retail,0,2546,2,6.52,3,2,1,0
user_9698,310.06,debit_card,False,False,16,5,UK,groceries,0,1471,2,3.1,1,2,1,0
user_8207,114.13,ach,False,False,6,3,US,restaurant,0,2137,3,2.85,3,3,1,0
user_4443,945.83,credit_card,False,False,21,5,UK,utilities,0,1934,1,11.82,2,1,1,0
user_8126,1958.57,debit_card,False,False,20,5,UK,groceries,0,1452,1,19.59,2,1,1,0
user_8109,253.37,debit_card,False,False,22,5,US,utilities,0,2193,1,3.17,2,1,1,0
user_8633,614.25,ach,True,False,10,3,CA,groceries,0,3441,3,6.14,1,3,1,0
user_4918,194.41,credit_card,False,False,13,2,CA,groceries,0,1536,2,1.94,1,2,1,0
user_7631,88.38,ach,False,False,9,0,CA,gas,0,1437,2,1.77,3,2,1,0
user_6846,55.93,debit_card,False,False,18,2,CA,restaurant,0,1579,3,1.4,2,3,1,0
user_1645,1479.2,debit_card,False,False,13,1,CA,retail,0,2848,2,9.86,1,2,1,0
user_4817,254.49,debit_card,False,False,11,5,US,gas,0,1165,3,5.09,1,3,1,0
user_5835,68.72,debit_card,False,False,21,5,US,groceries,0,1499,3,0.69,2,3,1,0
user_2584,290.44,credit_card,False,True,16,1,UK,retail,0,3335,3,1.94,1,3,1,0
user_1111,285.62,ach,False,False,17,4,CA,retail,0,1859,3,1.9,1,3,1,0
user_5106,83.63,credit_card,False,False,21,2,US,restaurant,0,2600,1,2.09,2,1,1,0
user_9808,123.47,ach,False,False,9,1,AU,utilities,0,2346,2,1.54,3,2,1,0
user_7223,847.92,debit_card,False,True,6,5,AU,utilities,0,2285,2,10.6,3,2,1,0
user_4304,1097.15,debit_card,False,False,15,3,CA,utilities,0,167,2,13.71,1,2,5,0
user_8017,177.31,ach,False,True,8,0,UK,groceries,0,1038,2,1.77,3,2,1,0
user_1807,918.8,ach,False,False,14,6,UK,gas,0,112,1,18.38,1,1,5,0
user_5942,199.53,ach,False,False,18,6,CA,groceries,0,3093,1,2.0,2,1,1,0
user_2659,390.34,debit_card,False,False,9,4,CA,gas,0,1706,3,7.81,3,3,1,0
user_1519,297.68,debit_card,False,False,8,6,CA,utilities,0,259,3,3.72,3,3,1,0
user_6269,263.84,debit_card,False,False,17,1,CA,retail,0,136,1,1.76,1,1,5,0
user_1971,346.77,debit_card,False,False,22,4,CA,utilities,0,2903,1,4.33,2,1,1,0
user_9814,191.47,debit_card,False,False,10,5,UK,gas,0,2277,1,3.83,1,1,1,0
user_9710,814.57,credit_card,True,False,6,5,CA,groceries,0,2185,3,8.15,3,3,1,0
user_7824,1032.29,debit_card,False,False,15,6,US,restaurant,0,2474,2,25.81,1,2,1,0
user_3868,678.9,debit_card,False,True,22,6,AU,groceries,0,2617,2,6.79,2,2,1,0
user_9759,18047.98,wire_transfer,True,True,2,1,NG,wire_transfer,5,2107,7,36.1,10,7,1,1
user_1852,9823.01,wire_transfer,True,True,4,0,US,wire_transfer,1,3324,16,19.65,10,16,1,1
user_6671,92.8,debit_card,False,False,12,6,CA,gas,0,3614,2,1.86,1,2,1,0
user_9032,605.33,credit_card,False,False,6,5,US,retail,0,1349,2,4.04,3,2,1,0
user_6416,177.84,debit_card,False,False,11,4,US,gas,0,2781,2,3.56,1,2,1,0
user_4390,90.42,credit_card,False,False,19,4,UK,restaurant,0,2210,2,2.26,2,2,1,0
user_9591,46.95,debit_card,False,False,13,5,CA,gas,0,1368,2,0.94,1,2,1,0
user_1613,58.62,credit_card,False,False,14,1,US,utilities,0,1402,1,0.73,1,1,1,0
user_9941,318.82,debit_card,False,False,22,4,CA,restaurant,0,1250,1,7.97,2,1,1,0
user_7315,138.18,credit_card,False,True,7,5,US,restaurant,0,858,2,3.45,3,2,1,0
user_6005,94.5,debit_card,False,True,13,2,US,retail,0,2912,3,0.63,1,3,1,0
user_1618,1315.2,debit_card,False,True,6,2,UK,retail,0,87,3,8.77,3,3,5,0
user_3684,661.45,debit_card,False,False,16,4,UK,restaurant,0,713,1,16.54,1,1,1,0
user_2387,509.08,credit_card,True,False,6,3,CA,gas,0,2837,1,10.18,3,1,1,0
user_9246,1672.44,ach,False,False,13,5,CA,restaurant,0,297,1,41.81,1,1,1,0
user_8429,186.1,debit_card,False,False,18,4,AU,gas,0,1901,1,3.72,2,1,1,0
user_8220,32.47,debit_card,False,False,6,2,UK,utilities,0,2712,3,0.41,3,3,1,0
user_3286,80.2,debit_card,False,False,18,3,US,retail,0,2448,3,0.53,2,3,1,0
user_3664,100.43,ach,False,False,17,2,CA,restaurant,0,2775,1,2.51,1,1,1,0
user_8532,96.67,ach,False,False,14,6,AU,gas,0,2378,3,1.93,1,3,1,0
user_4963,9713.22,cryptocurrency,True,True,16,3,AU,cryptocurrency,3,757,19,9.71,1,19,1,1
user_5315,1778.62,debit_card,False,True,7,4,US,restaurant,0,3595,3,44.47,3,3,1,0
user_4920,122.13,debit_card,False,False,13,3,US,groceries,0,2292,1,1.22,1,1,1,0
user_5658,702.65,debit_card,True,False,16,5,AU,retail,0,1425,1,4.68,1,1,1,0
user_8640,143.09,debit_card,False,False,6,6,CA,utilities,0,1351,2,1.79,3,2,1,0
user_5166,366.66,debit_card,False,False,22,3,US,groceries,0,1872,1,3.67,2,1,1,0
user_3381,922.14,ach,False,False,20,5,AU,restaurant,0,391,1,23.05,2,1,1,0
user_9574,102.72,ach,False,False,12,3,UK,utilities,0,1951,1,1.28,1,1,1,0
user_1685,384.81,debit_card,True,False,16,2,US,retail,0,1495,2,2.57,1,2,1,0
user_4560,193.75,debit_card,False,False,9,2,UK,gas,0,2842,2,3.88,3,2,1,0
user_6599,384.66,debit_card,False,False,18,5,CA,restaurant,0,389,2,9.62,2,2,1,0
user_9175,59.95,credit_card,False,False,9,4,CA,groceries,0,3604,3,0.6,3,3,1,0
user_4616,1128.06,credit_card,False,False,22,2,US,retail,0,83,2,7.52,2,2,5,0
user_5256,378.0,debit_card,False,False,14,3,UK,restaurant,0,1439,3,9.45,1,3,1,0
user_1715,199.5,debit_card,False,False,20,1,AU,restaurant,0,2918,1,4.99,2,1,1,0
user_2245,533.76,ach,False,False,8,3,AU,gas,0,1315,2,10.68,3,2,1,0
user_9226,765.16,ach,False,False,18,2,CA,utilities,0,522,2,9.56,2,2,1,0
user_2294,1399.26,ach,False,True,11,3,CA,retail,0,2227,1,9.33,1,1,1,0
user_4814,66.17,debit_card,False,False,10,0,US,utilities,0,2051,3,0.83,1,3,1,0
user_6364,1494.45,ach,False,False,21,2,UK,utilities,0,807,1,18.68,2,1,1,0
user_9303,498.35,credit_card,False,False,7,3,US,restaurant,0,741,3,12.46,3,3,1,0
user_3664,121.05,ach,False,True,17,3,CA,retail,0,2775,2,0.81,1,2,1,0
user_9173,538.78,ach,False,False,21,6,AU,restaurant,0,279,2,13.47,2,2,1,0
user_3589,790.11,debit_card,False,False,17,2,AU,restaurant,0,1932,2,19.75,1,2,1,0
user_6455,187.59,ach,False,False,10,5,CA,restaurant,0,808,3,4.69,1,3,1,0
user_7557,650.16,credit_card,False,False,16,2,AU,restaurant,0,2855,1,16.25,1,1,1,0
user_2983,959.33,debit_card,False,False,6,4,UK,utilities,0,2212,1,11.99,3,1,1,0
user_6172,276.32,credit_card,False,True,17,4,US,restaurant,0,2900,2,6.91,1,2,1,0
user_8366,77.25,debit_card,False,True,6,6,US,groceries,0,237,2,0.77,3,2,1,0
user_7044,685.56,ach,False,True,21,2,CA,restaurant,0,2536,3,17.14,2,3,1,0
user_5558,722.97,debit_card,False,False,15,6,US,groceries,0,1956,3,7.23,1,3,1,0
user_4143,822.3,debit_card,False,False,19,1,AU,groceries,0,2804,1,8.22,2,1,1,0
user_4949,525.74,ach,True,False,20,1,US,restaurant,0,2193,1,13.14,2,1,1,0
user_2659,283.57,ach,False,False,8,6,CA,retail,0,1706,2,1.89,3,2,1,0
user_1193,166.22,debit_card,False,True,14,4,US,gas,0,1362,1,3.32,1,1,1,0
user_9508,474.1,credit_card,False,False,10,4,CA,restaurant,0,1373,3,11.85,1,3,1,0
user_1352,91.12,credit_card,False,False,11,1,UK,restaurant,0,1396,1,2.28,1,1,1,0
user_8916,430.51,credit_card,False,False,7,1,US,gas,0,2209,1,8.61,3,1,1,0
user_4729,203.88,credit_card,False,False,17,0,AU,groceries,0,1877,1,2.04,1,1,1,0
user_3340,72.22,ach,False,False,20,3,US,restaurant,0,2529,1,1.81,2,1,1,0
user_2655,300.44,ach,False,False,15,1,UK,gas,0,588,2,6.01,1,2,1,0
user_8429,78.22,debit_card,False,False,19,5,AU,gas,0,1901,1,1.56,2,1,1,0
user_9303,422.56,debit_card,False,True,9,3,US,gas,0,741,2,8.45,3,2,1,0
user_8430,324.26,debit_card,True,False,16,5,US,restaurant,0,1310,3,8.11,1,3,1,0
user_7691,316.89,credit_card,False,False,12,6,UK,gas,0,2300,3,6.34,1,3,1,0
user_9780,296.79,debit_card,False,False,11,4,AU,groceries,0,1292,1,2.97,1,1,1,0
user_5201,376.93,debit_card,False,True,8,5,CA,restaurant,0,3421,2,9.42,3,2,1,0
user_8846,99.29,ach,False,True,18,1,CA,gas,0,1654,2,1.99,2,2,1,0
user_8598,58.86,credit_card,False,True,17,2,US,restaurant,0,3578,1,1.47,1,1,1,0
user_9680,138.46,debit_card,False,False,12,4,US,utilities,0,3596,2,1.73,1,2,1,0
user_5631,120.19,debit_card,True,False,20,5,US,restaurant,0,2003,2,3.0,2,2,1,0
user_5634,743.99,debit_card,False,True,17,4,UK,retail,0,2810,3,4.96,1,3,1,0
user_5262,168.55,debit_card,True,True,7,6,AU,utilities,0,3530,3,2.11,3,3,1,0
user_9418,31.69,ach,False,False,17,3,US,gas,0,1785,1,0.63,1,1,1,0
user_6930,153.19,debit_card,False,False,10,1,AU,restaurant,0,402,2,3.83,1,2,1,0
user_4321,153.63,ach,False,False,21,3,US,gas,0,666,2,3.07,2,2,1,0
user_6364,1101.94,credit_card,False,False,20,3,UK,restaurant,0,807,1,27.55,2,1,1,0
user_5362,910.17,debit_card,False,False,12,4,US,gas,0,490,2,18.2,1,2,1,0
user_4700,267.18,debit_card,False,False,18,2,US,retail,0,2707,2,1.78,2,2,1,0
user_4729,156.02,debit_card,False,False,12,1,AU,groceries,0,1877,2,1.56,1,2,1,0
user_3584,566.82,ach,False,False,22,1,UK,restaurant,0,2535,3,14.17,2,3,1,0
user_5720,107.81,debit_card,False,False,19,3,AU,groceries,0,321,1,1.08,2,1,1,0
user_6478,203.48,credit_card,False,True,14,0,AU,groceries,0,3584,3,2.03,1,3,1,0
user_1035,502.48,credit_card,False,True,13,2,AU,restaurant,0,1198,3,12.56,1,3,1,0
user_6866,9681.01,wire_transfer,True,True,0,4,UK,wire_transfer,3,2182,15,19.36,10,15,1,1
user_8372,452.99,debit_card,False,False,19,2,UK,gas,0,555,2,9.06,2,2,1,0
user_4012,1928.79,ach,True,True,10,5,CA,utilities,0,1733,1,24.11,1,1,1,0
user_5333,78.06,debit_card,False,False,9,3,CA,restaurant,0,1145,2,1.95,3,2,1,0
user_4909,89.64,debit_card,False,False,9,5,US,groceries,0,1809,3,0.9,3,3,1,0
user_9814,100.24,debit_card,False,False,6,0,UK,restaurant,0,2277,1,2.51,3,1,1,0
user_4996,528.11,credit_card,False,False,8,5,CA,restaurant,0,1385,1,13.2,3,1,1,0
user_2037,1114.49,credit_card,False,False,15,4,CA,retail,0,1789,1,7.43,1,1,1,0
user_9311,1441.57,credit_card,False,False,21,4,AU,gas,0,2932,2,28.83,2,2,1,0
user_4185,649.86,credit_card,False,True,17,0,AU,restaurant,0,1029,2,16.25,1,2,1,0
user_3340,81.53,ach,False,False,18,4,US,utilities,0,2529,3,1.02,2,3,1,0
user_3733,60.53,debit_card,False,False,21,3,AU,gas,0,2097,1,1.21,2,1,1,0
user_4517,58.89,credit_card,False,True,17,6,UK,utilities,0,1856,3,0.74,1,3,1,0
user_3647,904.96,credit_card,False,False,20,6,AU,retail,0,2327,2,6.03,2,2,1,0
user_8483,392.58,ach,False,False,17,4,AU,restaurant,0,235,3,9.81,1,3,1,0
user_4443,665.09,ach,False,True,20,3,UK,utilities,0,1934,3,8.31,2,3,1,0
user_1108,1105.15,ach,False,False,11,1,AU,restaurant,0,1550,2,27.63,1,2,1,0
user_9584,43.99,ach,False,False,8,2,UK,retail,0,2561,2,0.29,3,2,1,0
user_2753,36.07,credit_card,False,False,22,1,CA,retail,0,1017,1,0.24,2,1,1,0
user_5634,358.3,debit_card,False,False,12,4,UK,restaurant,0,2810,2,8.96,1,2,1,0
user_5913,892.2,ach,True,False,11,5,AU,retail,0,1017,2,5.95,1,2,1,0
user_4057,1294.17,credit_card,False,False,15,6,UK,gas,0,3029,2,25.88,1,2,1,0
user_3785,89.44,ach,False,False,6,4,AU,utilities,0,2568,2,1.12,3,2,1,0
user_9619,64.25,debit_card,False,True,18,0,US,retail,0,1980,2,0.43,2,2,1,0
user_5744,68.21,credit_card,False,True,19,6,AU,gas,0,2560,2,1.36,2,2,1,0
user_8277,1119.97,ach,False,False,13,4,AU,utilities,0,988,2,14.0,1,2,1,0
user_3868,949.96,debit_card,True,True,21,0,AU,utilities,0,2617,2,11.87,2,2,1,0
user_4944,121.72,ach,False,False,22,6,UK,restaurant,0,229,1,3.04,2,1,1,0
user_7565,9474.32,debit_card,True,True,5,6,PH,electronics,7,651,10,18.95,10,10,1,1
user_9700,61.66,debit_card,False,False,8,4,US,utilities,0,2596,1,0.77,3,1,1,0
user_9830,865.08,debit_card,False,False,8,2,AU,groceries,0,3166,3,8.65,3,3,1,0
user_5380,1728.78,credit_card,False,False,21,1,US,groceries,0,585,2,17.29,2,2,1,0
user_4337,785.56,ach,False,False,22,0,AU,retail,0,762,1,5.24,2,1,1,0
user_8822,105.46,debit_card,False,False,16,5,UK,restaurant,0,1199,2,2.64,1,2,1,0
user_8025,9963.42,wire_transfer,True,True,5,2,RO,wire_transfer,4,2527,14,19.93,10,14,1,1
user_8113,182.78,ach,False,False,8,3,CA,restaurant,0,3283,1,4.57,3,1,1,0
user_5728,13184.71,wire_transfer,True,True,3,0,RU,wire_transfer,4,2850,14,26.37,10,14,1,1
user_8527,1025.86,debit_card,False,False,8,0,AU,groceries,0,352,3,10.26,3,3,1,0
user_2539,1129.28,debit_card,False,False,21,4,CA,groceries,0,1966,1,11.29,2,1,1,0
user_8909,41.86,credit_card,False,False,14,3,AU,utilities,0,381,1,0.52,1,1,1,0
user_1090,31.07,ach,False,False,12,6,CA,gas,0,750,2,0.62,1,2,1,0
user_1520,53.49,ach,False,False,7,5,CA,utilities,0,982,2,0.67,3,2,1,0
user_2647,79.69,debit_card,False,False,7,2,CA,groceries,0,1696,2,0.8,3,2,1,0
user_7149,316.85,debit_card,False,True,19,2,CA,retail,0,341,3,2.11,2,3,1,0
user_6617,333.52,debit_card,False,False,16,4,CA,restaurant,0,595,3,8.34,1,3,1,0
user_8414,47.28,debit_card,False,False,11,2,CA,gas,0,38,1,0.95,1,1,5,0
user_2130,264.98,debit_card,False,True,11,1,UK,utilities,0,1704,1,3.31,1,1,1,0
user_8803,399.37,ach,True,False,11,4,AU,gas,0,3527,1,7.99,1,1,1,0
user_2234,86.81,credit_card,False,True,20,5,AU,gas,0,1930,3,1.74,2,3,1,0
user_3932,72.59,ach,False,False,20,0,AU,utilities,0,949,2,0.91,2,2,1,0
user_8723,441.74,debit_card,False,True,11,5,CA,utilities,0,3431,3,5.52,1,3,1,0
user_1349,38.75,credit_card,False,True,12,0,CA,restaurant,0,545,3,0.97,1,3,1,0
user_8972,926.64,debit_card,False,False,20,0,UK,gas,0,216,3,18.53,2,3,1,0
user_2102,82.22,debit_card,False,False,19,0,US,retail,0,1858,3,0.55,2,3,1,0
user_9173,693.9,credit_card,False,True,22,1,AU,groceries,0,279,3,6.94,2,3,1,0
user_4920,73.98,credit_card,False,False,13,5,US,gas,0,2292,2,1.48,1,2,1,0
user_6478,362.79,credit_card,False,False,17,1,AU,restaurant,0,3584,1,9.07,1,1,1,0
user_8532,99.78,ach,False,False,12,5,AU,retail,0,2378,1,0.67,1,1,1,0
user_8273,26.86,credit_card,True,True,21,5,CA,gas,0,2198,3,0.54,2,3,1,0
user_4882,57.32,debit_card,False,True,21,5,UK,groceries,0,3556,1,0.57,2,1,1,0
user_5825,175.69,debit_card,False,False,10,6,US,gas,0,2905,3,3.51,1,3,1,0
user_6864,700.1,credit_card,False,False,19,4,AU,gas,0,3646,2,14.0,2,2,1,0
user_1100,156.71,credit_card,False,True,6,1,AU,retail,0,315,2,1.04,3,2,1,0
user_3862,29.58,debit_card,False,True,13,6,UK,groceries,0,3313,2,0.3,1,2,1,0
user_1842,395.92,ach,False,False,20,4,UK,gas,0,1470,1,7.92,2,1,1,0
user_3451,135.34,credit_card,False,False,22,6,US,groceries,0,462,3,1.35,2,3,1,0
user_9609,989.91,debit_card,False,False,16,1,CA,restaurant,0,1912,3,24.75,1,3,1,0
user_3621,94.3,debit_card,False,False,11,4,AU,gas,0,172,1,1.89,1,1,5,0
user_6822,352.66,debit_card,False,False,8,4,UK,retail,0,3355,1,2.35,3,1,1,0
user_9508,703.3,ach,False,False,7,4,CA,groceries,0,1373,1,7.03,3,1,1,0
user_2294,398.01,ach,False,False,13,2,AU,retail,0,2344,3,2.65,1,3,1,0
user_8178,68.32,debit_card,False,False,22,5,AU,groceries,0,3221,3,0.68,2,3,1,0
user_3847,1265.47,debit_card,False,False,7,1,CA,gas,0,40,3,25.31,3,3,5,0
user_2245,1869.11,debit_card,False,False,6,3,AU,utilities,0,1315,3,23.36,3,3,1,0
user_9204,307.45,credit_card,False,False,9,6,US,utilities,0,1820,1,3.84,3,1,1,0
user_4963,377.25,debit_card,False,False,16,3,AU,utilities,0,757,3,4.72,1,3,1,0
user_4727,61.57,debit_card,False,False,15,3,US,gas,0,3144,2,1.23,1,2,1,0
user_5609,484.16,debit_card,True,False,21,5,AU,utilities,0,1200,2,6.05,2,2,1,0
user_1842,252.48,ach,False,False,19,5,UK,retail,0,1470,1,1.68,2,1,1,0
user_9710,515.67,debit_card,False,True,11,5,CA,restaurant,0,2185,1,12.89,1,1,1,0
user_6363,95.69,ach,False,False,14,0,UK,retail,0,1412,1,0.64,1,1,1,0
user_7165,199.91,debit_card,False,False,21,1,AU,restaurant,0,1475,1,5.0,2,1,1,0
user_3876,449.97,debit_card,True,False,6,3,US,retail,0,260,3,3.0,3,3,1,0
user_8879,1204.67,ach,False,True,10,1,AU,restaurant,0,1649,3,30.12,1,3,1,0
user_3815,1599.41,credit_card,False,False,14,1,UK,utilities,0,390,2,19.99,1,2,1,0
user_8113,257.07,debit_card,False,False,7,2,CA,gas,0,3283,3,5.14,3,3,1,0
user_4910,395.62,debit_card,False,False,14,3,CA,retail,0,2781,1,2.64,1,1,1,0
user_9226,1651.01,debit_card,True,False,18,5,CA,retail,0,522,2,11.01,2,2,1,0
user_1111,145.93,debit_card,False,True,16,5,CA,retail,0,1859,1,0.97,1,1,1,0
user_3346,215.98,ach,False,False,20,0,CA,gas,0,3220,3,4.32,2,3,1,0
user_2380,123.87,ach,False,False,22,1,UK,gas,0,3220,2,2.48,2,2,1,0
user_5438,142.9,debit_card,False,False,12,1,CA,gas,0,524,3,2.86,1,3,1,0
user_8017,144.53,debit_card,False,False,9,0,UK,groceries,0,1038,2,1.45,3,2,1,0
user_8220,97.17,ach,False,False,9,5,UK,restaurant,0,2712,2,2.43,3,2,1,0
user_3101,77.08,debit_card,False,False,21,2,AU,restaurant,0,1989,2,1.93,2,2,1,0
user_7071,95.17,credit_card,False,False,18,6,UK,utilities,0,81,1,1.19,2,1,5,0
user_1076,199.38,debit_card,True,True,7,5,AU,retail,0,2103,3,1.33,3,3,1,0
user_6363,155.43,ach,False,False,12,5,UK,groceries,0,1412,2,1.55,1,2,1,0
user_4362,1070.36,wire_transfer,True,True,1,3,NG,wire_transfer,2,2431,14,2.14,10,14,1,1
user_5222,1520.0,credit_card,True,False,19,4,UK,groceries,0,2873,2,15.2,2,2,1,0
user_3733,125.08,debit_card,False,True,22,0,AU,retail,0,2097,3,0.83,2,3,1,0
user_2195,50.6,credit_card,False,False,18,4,US,retail,0,86,1,0.34,2,1,5,0
user_4729,228.6,debit_card,False,True,16,0,AU,retail,0,1877,2,1.52,1,2,1,0
user_5703,50.57,debit_card,False,False,18,2,US,retail,0,2549,1,0.34,2,1,1,0
user_8025,202.47,ach,False,False,21,6,US,utilities,0,2527,1,2.53,2,1,1,0
user_9796,68.43,credit_card,False,False,12,3,UK,restaurant,0,837,1,1.71,1,1,1,0
user_4814,39.01,ach,False,False,11,5,US,groceries,0,2051,2,0.39,1,2,1,0
user_2108,1592.51,ach,False,False,22,6,US,restaurant,0,1629,2,39.81,2,2,1,0
user_3299,22637.18,wire_transfer,True,True,0,4,CN,wire_transfer,2,2349,9,45.27,10,9,1,1
user_5558,394.08,ach,False,True,14,5,AU,restaurant,0,1370,3,9.85,1,3,1,0
user_5342,152.38,debit_card,True,True,22,4,AU,gas,0,2691,1,3.05,2,1,1,0
user_9821,170.74,debit_card,False,False,12,0,AU,gas,0,316,1,3.41,1,1,1,0
user_1111,324.04,ach,False,False,15,4,CA,retail,0,1859,1,2.16,1,1,1,0
user_1807,1928.11,credit_card,True,False,14,1,UK,retail,0,378,3,12.85,1,3,1,0
user_9780,197.02,debit_card,False,False,9,4,AU,retail,0,1292,3,1.31,3,3,1,0
user_2765,691.73,credit_card,False,False,8,1,US,restaurant,0,3192,2,17.29,3,2,1,0
user_5497,36.12,debit_card,False,False,18,6,US,utilities,0,2513,2,0.45,2,2,1,0
user_7581,57.89,debit_card,False,False,12,0,UK,groceries,0,2858,3,0.58,1,3,1,0
user_1136,887.62,debit_card,False,False,17,3,UK,retail,0,67,2,5.92,1,2,5,0
user_5097,942.37,debit_card,False,False,8,6,US,retail,0,3176,1,6.28,3,1,1,0
user_2260,149.72,ach,False,False,9,4,CA,groceries,0,2351,1,1.5,3,1,1,0
user_8532,25.31,debit_card,False,False,12,6,AU,utilities,0,2378,3,0.32,1,3,1,0
user_7843,164.92,debit_card,True,False,10,0,AU,groceries,0,115,1,1.65,1,1,5,0
user_8633,314.01,debit_card,False,False,11,1,CA,restaurant,0,3441,3,7.85,1,3,1,0
user_2734,86.46,debit_card,True,True,17,2,AU,retail,0,2176,2,0.58,1,2,1,0
user_8260,1720.98,ach,False,False,11,4,US,restaurant,0,2701,1,43.02,1,1,1,0
user_5842,44.71,ach,False,False,7,2,AU,restaurant,0,1610,3,1.12,3,3,1,0
user_5911,476.16,debit_card,False,False,6,4,UK,retail,0,1060,3,3.17,3,3,1,0
user_4070,762.62,debit_card,True,False,12,6,AU,utilities,0,453,1,9.53,1,1,1,0
user_3684,529.99,debit_card,False,True,15,0,UK,gas,0,713,1,10.6,1,1,1,0
user_5658,689.45,ach,False,False,14,2,AU,groceries,0,1425,3,6.89,1,3,1,0
user_7429,27.31,debit_card,False,True,20,6,AU,groceries,0,773,1,0.27,2,1,1,0
user_4584,53.09,ach,False,False,19,3,AU,utilities,0,32,1,0.66,2,1,5,0
user_6169,78.96,ach,False,False,22,4,CA,retail,0,814,2,0.53,2,2,1,0
user_7479,120.13,debit_card,False,False,17,3,UK,restaurant,0,3093,3,3.0,1,3,1,0
user_5090,573.73,wire_transfer,True,True,1,4,ID,cash_withdrawal,6,3423,15,2.87,10,15,1,1
user_4295,3680.63,wire_transfer,True,True,4,6,ID,cash_withdrawal,8,1824,21,18.4,10,20,1,1
user_3110,96.62,debit_card,False,True,15,3,US,gas,0,204,2,1.93,1,2,1,0
user_8912,1902.97,ach,False,False,11,3,CA,retail,0,3022,3,12.69,1,3,1,0
user_7814,214.45,debit_card,True,True,20,5,US,groceries,0,3403,1,2.14,2,1,1,0
user_9263,329.44,ach,False,False,10,5,US,restaurant,0,756,2,8.24,1,2,1,0
user_5333,38.75,credit_card,False,False,11,0,CA,groceries,0,1145,2,0.39,1,2,1,0
user_7108,544.78,wire_transfer,True,True,4,4,VN,jewelry,3,764,25,0.54,10,20,1,1
user_8048,55.22,credit_card,False,False,19,5,US,restaurant,0,3523,2,1.38,2,2,1,0
user_4707,235.27,credit_card,True,False,15,5,CA,gas,0,450,1,4.71,1,1,1,0
user_8141,463.72,debit_card,False,False,9,1,AU,gas,0,1455,2,9.27,3,2,1,0
user_6345,270.16,debit_card,False,False,15,6,UK,gas,0,986,1,5.4,1,1,1,0
user_4729,162.15,ach,False,False,15,6,AU,gas,0,1877,1,3.24,1,1,1,0
user_2040,257.07,ach,False,False,17,6,AU,retail,0,2197,2,1.71,1,2,1,0
user_1750,70.44,debit_card,False,False,14,1,US,groceries,0,3533,1,0.7,1,1,1,0
user_4817,176.42,debit_card,False,False,6,4,US,groceries,0,1165,3,1.76,3,3,1,0
user_2169,30.37,credit_card,False,False,10,3,UK,utilities,0,2467,1,0.38,1,1,1,0
user_4706,310.94,ach,False,False,18,1,US,groceries,0,649,2,3.11,2,2,1,0
user_2419,210.29,ach,False,False,13,6,CA,restaurant,0,3103,1,5.26,1,1,1,0
user_7691,339.25,debit_card,False,False,12,0,UK,restaurant,0,2300,1,8.48,1,1,1,0
user_8439,91.42,credit_card,False,False,18,4,AU,restaurant,0,3035,2,2.29,2,2,1,0
user_1126,922.29,ach,True,False,20,2,AU,gas,0,749,2,18.45,2,2,1,0
user_3785,1668.96,debit_card,False,True,11,6,UK,retail,0,429,2,11.13,1,2,1,0
user_7044,407.03,ach,True,False,20,5,CA,groceries,0,2536,1,4.07,2,1,1,0
user_3595,591.18,credit_card,False,False,10,5,CA,restaurant,0,2546,1,14.78,1,1,1,0
user_7557,510.0,ach,False,False,16,4,AU,restaurant,0,2855,3,12.75,1,3,1,0
user_1749,1259.88,credit_card,False,True,8,5,CA,retail,0,96,1,8.4,3,1,5,0
user_7371,148.42,debit_card,True,False,20,2,UK,retail,0,2868,2,0.99,2,2,1,0
user_3979,963.11,ach,False,False,9,0,UK,utilities,0,3297,3,12.04,3,3,1,0
user_8157,20670.47,wire_transfer,True,True,4,6,CN,wire_transfer,5,743,5,41.34,10,5,1,1
user_1130,212.52,debit_card,False,True,11,6,UK,restaurant,0,2339,3,5.31,1,3,1,0
user_3250,66.7,debit_card,False,False,15,2,AU,restaurant,0,2362,3,1.67,1,3,1,0
user_8157,783.34,credit_card,True,False,21,1,UK,retail,0,743,1,5.22,2,1,1,0
user_5256,6745.17,wire_transfer,True,True,3,0,NG,wire_transfer,3,1439,7,13.49,10,7,1,1
user_6167,9550.96,cryptocurrency,True,True,15,2,UK,wire_transfer,2,2040,9,19.1,1,9,1,1
user_2419,255.4,ach,False,True,15,3,CA,groceries,0,3103,3,2.55,1,3,1,0
user_6816,147.38,debit_card,False,False,22,5,US,restaurant,0,2336,3,3.68,2,3,1,0
user_9331,290.75,debit_card,True,True,5,4,VN,electronics,3,3580,20,0.58,10,20,1,1
user_9796,149.98,debit_card,False,False,14,1,UK,utilities,0,837,3,1.87,1,3,1,0
user_4697,1069.53,debit_card,False,True,14,2,AU,restaurant,0,1843,3,26.74,1,3,1,0
user_1349,78.89,debit_card,False,False,13,1,CA,restaurant,0,545,2,1.97,1,2,1,0
user_4978,27.73,ach,False,False,22,6,UK,groceries,0,3512,3,0.28,2,3,1,0
user_5329,106.36,debit_card,False,False,6,5,UK,restaurant,0,53,3,2.66,3,3,5,0
user_4176,161.89,credit_card,True,True,13,2,CA,restaurant,0,997,2,4.05,1,2,1,0
user_2276,181.55,credit_card,True,False,22,2,US,retail,0,444,3,1.21,2,3,1,0
user_4751,285.01,ach,False,False,6,4,US,groceries,0,452,3,2.85,3,3,1,0
user_7631,68.68,debit_card,True,False,9,5,CA,restaurant,0,1437,2,1.72,3,2,1,0
user_2617,85.2,credit_card,True,False,22,0,AU,restaurant,0,2724,3,2.13,2,3,1,0
user_8722,1023.31,ach,False,False,12,1,UK,retail,0,783,1,6.82,1,1,1,0
user_8909,59.37,debit_card,True,False,15,3,AU,retail,0,381,1,0.4,1,1,1,0
user_8489,33.48,credit_card,True,False,11,5,AU,restaurant,0,2474,1,0.84,1,1,1,0
user_7165,158.7,credit_card,False,True,21,6,AU,groceries,0,1475,3,1.59,2,3,1,0
user_3346,172.59,debit_card,False,False,18,0,CA,groceries,0,3220,2,1.73,2,2,1,0
user_4505,757.52,wire_transfer,True,True,1,0,VN,electronics,7,1385,12,1.52,10,12,1,1
user_9383,74.16,debit_card,False,False,19,0,US,restaurant,0,1078,2,1.85,2,2,1,0
user_2771,726.32,debit_card,False,False,10,0,AU,retail,0,941,1,4.84,1,1,1,0
user_8851,570.81,debit_card,False,False,12,6,AU,retail,0,2256,2,3.81,1,2,1,0
user_4751,540.16,debit_card,False,False,6,5,US,utilities,0,452,3,6.75,3,3,1,0
user_6363,105.37,debit_card,False,False,16,0,UK,retail,0,1412,1,0.7,1,1,1,0
user_4443,657.41,debit_card,False,True,22,1,UK,groceries,0,1934,1,6.57,2,1,1,0
user_9954,128.13,credit_card,False,False,8,3,US,restaurant,0,1709,1,3.2,3,1,1,0
user_1040,32.53,ach,False,True,20,1,AU,groceries,0,2630,2,0.33,2,2,1,0
user_3262,87.93,debit_card,False,False,22,4,CA,utilities,0,1859,1,1.1,2,1,1,0
user_4629,721.29,credit_card,False,False,7,6,UK,groceries,0,1906,1,7.21,3,1,1,0
user_7745,1514.28,debit_card,True,True,20,5,AU,utilities,0,3552,2,18.93,2,2,1,0
user_4510,1542.58,credit_card,True,False,10,1,AU,utilities,0,1025,1,19.28,1,1,1,0
user_9508,754.23,debit_card,False,False,8,1,CA,restaurant,0,1373,3,18.86,3,3,1,0
user_8277,15165.3,wire_transfer,True,True,2,2,BR,jewelry,8,988,17,15.17,10,17,1,1
user_6985,1201.05,debit_card,True,False,18,1,US,restaurant,0,2146,3,30.03,2,3,1,0
user_4465,63.0,debit_card,False,False,11,1,CA,gas,0,1513,1,1.26,1,1,1,0
user_1298,153.11,credit_card,False,True,16,0,CA,restaurant,0,907,3,3.83,1,3,1,0
user_5945,97.9,debit_card,False,False,14,5,CA,retail,0,909,3,0.65,1,3,1,0
user_5177,187.0,debit_card,True,False,14,1,US,utilities,0,1872,1,2.34,1,1,1,0
user_9622,312.61,credit_card,False,False,10,1,UK,retail,0,2915,3,2.08,1,3,1,0
user_6771,808.68,debit_card,False,False,15,2,AU,groceries,0,2791,1,8.09,1,1,1,0
user_4559,376.93,debit_card,True,False,12,5,CA,groceries,0,3533,3,3.77,1,3,1,0
user_1996,907.25,ach,False,False,13,3,AU,utilities,0,2840,3,11.34,1,3,1,0
user_5497,63.14,ach,False,False,19,5,US,restaurant,0,2513,2,1.58,2,2,1,0
user_1590,337.0,debit_card,False,False,7,6,US,groceries,0,674,1,3.37,3,1,1,0
user_6432,431.91,ach,True,False,11,2,US,groceries,0,433,1,4.32,1,1,1,0
user_5067,146.79,ach,False,False,8,0,AU,gas,0,2789,2,2.94,3,2,1,0
user_2739,106.51,credit_card,False,False,11,0,AU,retail,0,531,3,0.71,1,3,1,0
user_3024,946.8,credit_card,False,False,13,5,UK,retail,0,2424,2,6.31,1,2,1,0
user_4212,148.74,debit_card,True,False,21,0,CA,gas,0,1967,2,2.97,2,2,1,0
user_7653,151.9,debit_card,False,False,14,6,US,gas,0,2850,1,3.04,1,1,1,0
user_4963,310.75,credit_card,False,False,13,2,AU,utilities,0,757,2,3.88,1,2,1,0
user_2077,239.45,debit_card,False,False,12,0,AU,restaurant,0,2183,3,5.99,1,3,1,0
user_5945,48.15,ach,False,False,13,3,CA,groceries,0,909,1,0.48,1,1,1,0
user_5105,93.55,debit_card,False,False,20,6,UK,groceries,0,542,2,0.94,2,2,1,0
user_8967,76.81,ach,False,False,8,4,CA,groceries,0,664,2,0.77,3,2,1,0
user_2654,472.25,ach,True,True,13,6,AU,groceries,0,2633,2,4.72,1,2,1,0
user_5329,104.09,credit_card,False,False,9,1,UK,restaurant,0,53,3,2.6,3,3,5,0
user_6544,49.58,debit_card,False,False,10,6,UK,restaurant,0,2670,3,1.24,1,3,1,0
user_9841,86.09,credit_card,False,True,10,1,AU,utilities,0,1291,2,1.08,1,2,1,0
user_2294,1509.46,credit_card,True,False,11,3,CA,gas,0,2227,2,30.19,1,2,1,0
user_7809,4132.72,wire_transfer,True,True,3,4,VN,electronics,5,368,16,8.27,10,16,1,1
user_3526,137.14,ach,False,False,21,5,UK,retail,0,3481,3,0.91,2,3,1,0
user_6345,349.99,debit_card,False,False,12,3,UK,utilities,0,986,1,4.37,1,1,1,0
user_3451,153.11,debit_card,False,False,19,1,US,restaurant,0,462,2,3.83,2,2,1,0
user_2381,843.93,ach,False,False,13,5,CA,gas,0,1043,2,16.88,1,2,1,0
user_9269,77.72,credit_card,False,False,7,3,AU,retail,0,1216,3,0.52,3,3,1,0
user_9307,725.9,credit_card,False,True,14,6,US,groceries,0,1872,1,7.26,1,1,1,0
user_8183,257.34,ach,False,False,19,2,US,utilities,0,3384,3,3.22,2,3,1,0
user_1996,490.14,debit_card,False,False,16,3,AU,retail,0,2840,1,3.27,1,1,1,0
user_7979,36.82,debit_card,True,True,7,6,US,retail,0,69,2,0.25,3,2,5,0
user_5631,346.35,credit_card,False,True,22,4,US,groceries,0,2003,3,3.46,2,3,1,0
user_8895,260.6,debit_card,False,True,19,2,AU,utilities,0,638,1,3.26,2,1,1,0
user_1355,329.83,credit_card,False,False,22,5,CA,gas,0,416,2,6.6,2,2,1,0
user_8517,509.71,ach,False,False,18,3,US,restaurant,0,2004,3,12.74,2,3,1,0
user_5720,180.62,credit_card,True,False,22,3,AU,gas,0,321,1,3.61,2,1,1,0
user_1485,330.29,ach,False,False,17,1,AU,restaurant,0,964,2,8.26,1,2,1,0
user_3547,3367.86,wire_transfer,True,True,3,3,RO,wire_transfer,3,409,6,6.74,10,6,1,1
user_4089,946.85,debit_card,True,False,19,2,AU,groceries,0,1646,2,9.47,2,2,1,0
user_7939,144.72,debit_card,False,False,17,4,CA,groceries,0,1343,1,1.45,1,1,1,0
user_8126,959.34,debit_card,False,False,20,5,UK,utilities,0,1452,2,11.99,2,2,1,0
user_3419,322.84,debit_card,False,False,11,5,UK,retail,0,2871,3,2.15,1,3,1,0
user_6319,346.2,debit_card,False,False,17,3,AU,gas,0,3413,3,6.92,1,3,1,0
user_9022,58.58,credit_card,False,False,13,4,AU,retail,0,1443,3,0.39,1,3,1,0
user_7594,295.77,debit_card,False,False,21,3,AU,groceries,0,1823,1,2.96,2,1,1,0
user_7878,353.57,debit_card,False,False,10,5,CA,utilities,0,2944,3,4.42,1,3,1,0
user_6759,330.31,debit_card,False,False,12,3,CA,groceries,0,1044,1,3.3,1,1,1,0
user_6403,259.02,ach,False,False,20,6,AU,gas,0,1210,3,5.18,2,3,1,0
user_8483,396.31,credit_card,False,False,13,6,AU,gas,0,235,2,7.93,1,2,1,0
user_7637,1328.92,credit_card,False,False,9,1,US,retail,0,2289,3,8.86,3,3,1,0
user_4705,812.53,debit_card,False,False,22,5,US,gas,0,2524,3,16.25,2,3,1,0
user_4637,48544.72,wire_transfer,True,True,5,6,NG,wire_transfer,5,1855,9,97.09,10,9,1,1
user_4337,838.45,debit_card,False,False,21,0,AU,groceries,0,762,2,8.38,2,2,1,0
user_7349,95.6,credit_card,False,True,17,0,AU,groceries,0,1543,2,0.96,1,2,1,0
user_2562,53.38,ach,False,False,9,5,AU,gas,0,1355,3,1.07,3,3,1,0
user_3932,89.85,ach,False,False,21,3,AU,gas,0,949,3,1.8,2,3,1,0
user_3230,147.69,debit_card,False,False,16,6,CA,utilities,0,1992,3,1.85,1,3,1,0
user_1618,1824.2,debit_card,False,False,6,1,UK,retail,0,87,3,12.16,3,3,5,0
user_2468,151.7,credit_card,False,True,20,3,US,gas,0,2475,2,3.03,2,2,1,0
user_1639,579.62,debit_card,False,False,20,3,US,retail,0,411,2,3.86,2,2,1,0
user_9163,1045.27,debit_card,False,False,15,6,AU,retail,0,3630,1,6.97,1,1,1,0
user_7950,92.29,debit_card,False,False,8,3,AU,gas,0,2678,1,1.85,3,1,1,0
user_1745,70.6,credit_card,False,False,12,5,US,groceries,0,1217,1,0.71,1,1,1,0
user_4996,1317.71,credit_card,False,True,7,3,CA,retail,0,1385,1,8.78,3,1,1,0
user_3254,73.23,credit_card,False,False,13,0,AU,restaurant,0,2881,3,1.83,1,3,1,0
user_7381,1083.44,debit_card,True,True,20,1,US,retail,0,3539,2,7.22,2,2,1,0
user_2293,362.12,debit_card,False,False,22,6,CA,utilities,0,2264,1,4.53,2,1,1,0
user_2110,354.94,debit_card,False,False,16,3,US,retail,0,2980,2,2.37,1,2,1,0
user_3931,1478.31,credit_card,False,True,18,3,AU,groceries,0,3086,1,14.78,2,1,1,0
user_9078,646.32,debit_card,False,False,16,6,AU,groceries,0,445,3,6.46,1,3,1,0
user_1750,120.55,credit_card,False,False,12,4,US,retail,0,3533,3,0.8,1,3,1,0
user_1807,9964.86,wire_transfer,True,True,4,6,UK,wire_transfer,2,378,13,19.93,10,13,1,1
user_7637,1512.68,debit_card,False,False,9,6,US,retail,0,2289,3,10.08,3,3,1,0
user_9270,835.33,debit_card,False,False,22,2,AU,utilities,0,681,1,10.44,2,1,1,0
user_9418,75.57,ach,False,False,16,1,US,groceries,0,1785,3,0.76,1,3,1,0
user_5463,1872.79,credit_card,False,True,16,0,CA,retail,0,2887,3,12.49,1,3,1,0
user_2465,1087.59,debit_card,False,False,11,2,US,utilities,0,747,3,13.59,1,3,1,0
user_2753,69.28,credit_card,False,False,22,3,CA,restaurant,0,1017,1,1.73,2,1,1,0
user_3286,41.41,debit_card,False,False,20,1,US,utilities,0,2448,1,0.52,2,1,1,0
user_4522,639.55,debit_card,False,False,16,3,CA,retail,0,1724,2,4.26,1,2,1,0
user_8277,565.51,credit_card,False,False,12,1,AU,utilities,0,988,1,7.07,1,1,1,0
user_1313,175.48,ach,False,False,6,6,CA,groceries,0,895,1,1.75,3,1,1,0
user_6269,195.97,debit_card,False,False,13,0,AU,restaurant,0,2215,1,4.9,1,1,1,0
user_2102,64.24,ach,False,False,19,5,US,groceries,0,1858,3,0.64,2,3,1,0
user_4114,308.52,credit_card,False,False,11,3,AU,groceries,0,36,3,3.09,1,3,5,0
user_9837,1870.12,debit_card,False,True,8,0,UK,gas,0,2031,3,37.4,3,3,1,0
user_8429,59.56,debit_card,False,False,18,2,AU,groceries,0,1901,3,0.6,2,3,1,0
user_6188,160.44,ach,False,False,6,1,US,gas,0,51,3,3.21,3,3,5,0
user_5684,6890.05,wire_transfer,True,True,4,6,RO,wire_transfer,2,133,7,13.78,10,7,5,1
user_5060,186.55,credit_card,False,False,15,5,US,restaurant,0,3159,3,4.66,1,3,1,0
user_1941,115.51,credit_card,False,True,19,1,AU,utilities,0,1828,1,1.44,2,1,1,0
user_5842,46.07,debit_card,False,False,9,4,AU,groceries,0,1610,2,0.46,3,2,1,0
user_5349,93.58,debit_card,False,False,7,6,AU,groceries,0,1445,2,0.94,3,2,1,0
user_6168,923.46,debit_card,False,False,16,5,US,retail,0,894,1,6.16,1,1,1,0
user_1645,539.1,debit_card,False,False,12,0,CA,gas,0,2848,1,10.78,1,1,1,0
user_1750,112.68,credit_card,False,False,12,0,CA,retail,0,3396,2,0.75,1,2,1,0
user_2832,156.01,debit_card,False,False,15,0,CA,retail,0,267,1,1.04,1,1,1,0
user_9210,28218.97,wire_transfer,True,True,0,4,CN,wire_transfer,5,1520,10,56.44,10,10,1,1
user_6881,860.58,debit_card,False,True,14,0,UK,restaurant,0,119,1,21.51,1,1,5,0
user_5819,687.86,debit_card,False,False,11,4,US,gas,0,795,3,13.76,1,3,1,0
user_2312,9880.87,cryptocurrency,True,True,11,3,US,wire_transfer,3,2795,12,19.76,1,12,1,1
user_4053,282.24,debit_card,False,False,14,4,US,retail,0,3050,3,1.88,1,3,1,0
user_5558,312.25,debit_card,False,False,13,3,US,utilities,0,1956,1,3.9,1,1,1,0
user_7229,1929.74,debit_card,False,False,19,4,CA,restaurant,0,2079,3,48.24,2,3,1,0
user_7624,156.96,ach,False,False,13,2,CA,groceries,0,2578,3,1.57,1,3,1,0
user_4082,1720.24,ach,False,False,20,4,CA,restaurant,0,1993,1,43.01,2,1,1,0
user_9031,70.33,credit_card,False,False,15,1,UK,groceries,0,2633,1,0.7,1,1,1,0
user_2404,106.9,debit_card,False,False,20,4,AU,retail,0,3128,3,0.71,2,3,1,0
user_3389,804.62,credit_card,False,False,6,2,CA,restaurant,0,847,1,20.12,3,1,1,0
user_5342,125.57,credit_card,False,False,21,6,AU,utilities,0,2691,2,1.57,2,2,1,0
user_9008,60.06,debit_card,False,False,21,6,AU,groceries,0,3342,2,0.6,2,2,1,0
user_2654,102.71,debit_card,False,False,20,3,UK,restaurant,0,3625,3,2.57,2,3,1,0
user_5240,62.71,credit_card,False,False,11,0,US,retail,0,839,1,0.42,1,1,1,0
user_3473,371.01,debit_card,False,True,9,6,AU,utilities,0,1841,3,4.64,3,3,1,0
user_5011,288.86,debit_card,False,True,21,4,US,retail,0,1895,2,1.93,2,2,1,0
user_8286,381.67,ach,False,False,16,2,US,groceries,0,572,3,3.82,1,3,1,0
user_4971,250.0,credit_card,True,False,17,3,UK,gas,0,3374,1,5.0,1,1,1,0
user_2531,563.27,ach,False,True,17,0,AU,utilities,0,2293,2,7.04,1,2,1,0
user_3223,528.61,ach,False,True,8,6,US,restaurant,0,1095,2,13.22,3,2,1,0
user_8491,2613.01,debit_card,True,True,2,4,ID,cash_withdrawal,7,1907,23,13.07,10,20,1,1
user_1108,1896.33,credit_card,False,False,10,4,AU,utilities,0,1550,3,23.7,1,3,1,0
user_7044,9662.99,cryptocurrency,True,True,6,5,CA,cryptocurrency,3,2536,12,9.66,3,12,1,1
user_7945,82.53,debit_card,False,False,15,0,UK,retail,0,1525,1,0.55,1,1,1,0
user_5558,396.78,debit_card,False,False,15,1,AU,utilities,0,1370,3,4.96,1,3,1,0
user_4185,619.26,credit_card,False,False,17,0,AU,gas,0,1029,1,12.39,1,1,1,0
user_9022,63.98,ach,False,True,14,3,AU,retail,0,1443,1,0.43,1,1,1,0
user_6930,157.14,debit_card,False,False,7,5,AU,retail,0,402,3,1.05,3,3,1,0
user_8183,324.1,ach,False,False,21,4,US,gas,0,3384,3,6.48,2,3,1,0
user_1750,183.41,debit_card,False,False,12,3,US,restaurant,0,3533,3,4.59,1,3,1,0
user_8517,924.35,ach,False,True,21,1,US,retail,0,2004,1,6.16,2,1,1,0
user_1352,39.45,credit_card,False,True,8,2,UK,groceries,0,1396,1,0.39,3,1,1,0
user_9899,339.33,debit_card,False,False,15,4,UK,gas,0,3196,3,6.79,1,3,1,0
user_9393,121.86,debit_card,False,False,18,3,UK,utilities,0,2945,1,1.52,2,1,1,0
user_8987,676.6,debit_card,False,False,7,2,AU,utilities,0,2543,3,8.46,3,3,1,0
user_8517,470.05,debit_card,False,False,21,1,US,gas,0,2004,3,9.4,2,3,1,0
user_4505,98.29,debit_card,False,False,15,2,AU,groceries,0,1385,1,0.98,1,1,1,0
user_8973,113.86,debit_card,False,False,8,0,UK,gas,0,921,3,2.28,3,3,1,0
user_9762,90.12,debit_card,False,False,18,5,US,gas,0,3126,1,1.8,2,1,1,0
user_8859,1573.81,debit_card,False,False,12,4,UK,restaurant,0,2346,1,39.35,1,1,1,0
user_7637,1643.95,credit_card,False,False,6,1,US,restaurant,0,2289,2,41.1,3,2,1,0
user_8723,634.31,debit_card,False,False,9,4,CA,groceries,0,3431,3,6.34,3,3,1,0
user_3048,74.33,ach,False,False,19,0,UK,restaurant,0,3076,3,1.86,2,3,1,0
user_8909,60.21,credit_card,False,False,13,0,AU,retail,0,381,2,0.4,1,2,1,0
user_9622,118.28,debit_card,False,True,8,6,UK,retail,0,2915,3,0.79,3,3,1,0
user_9787,867.05,debit_card,True,True,1,3,ID,jewelry,8,983,14,0.87,10,14,1,1
user_5480,282.4,credit_card,False,False,18,0,CA,utilities,0,1572,3,3.53,2,3,1,0
user_9167,366.35,debit_card,False,False,11,3,CA,groceries,0,1123,2,3.66,1,2,1,0
user_8598,86.8,credit_card,False,True,12,5,US,restaurant,0,3578,1,2.17,1,1,1,0
user_9899,362.75,credit_card,False,False,12,1,UK,retail,0,3196,2,2.42,1,2,1,0
user_2655,349.69,debit_card,False,False,14,3,UK,groceries,0,588,1,3.5,1,1,1,0
user_1722,56.11,ach,False,False,12,0,CA,groceries,0,2639,3,0.56,1,3,1,0
user_2746,157.64,debit_card,False,False,13,1,UK,gas,0,1100,3,3.15,1,3,1,0
user_3093,1274.42,debit_card,False,False,8,3,AU,retail,0,2112,1,8.5,3,1,1,0
user_4629,1553.44,ach,True,True,9,3,UK,gas,0,1906,3,31.07,3,3,1,0
user_9464,1037.4,wire_transfer,True,True,0,4,ID,electronics,8,2979,17,2.07,10,17,1,1
user_9883,76.22,credit_card,False,False,18,6,UK,gas,0,264,1,1.52,2,1,1,0
user_7479,339.03,debit_card,False,False,13,0,UK,restaurant,0,3093,1,8.48,1,1,1,0
user_5073,144.21,credit_card,False,False,6,0,AU,restaurant,0,604,1,3.61,3,1,1,0
user_5216,269.85,debit_card,False,False,22,3,AU,utilities,0,1917,3,3.37,2,3,1,0
user_1618,1465.64,debit_card,False,True,6,6,UK,retail,0,87,2,9.77,3,2,5,0
user_8933,232.25,credit_card,True,False,20,3,UK,restaurant,0,441,3,5.81,2,3,1,0
user_1722,42.79,ach,False,False,13,6,CA,utilities,0,2639,3,0.53,1,3,1,0
user_6143,40.34,debit_card,False,False,20,0,UK,utilities,0,2107,3,0.5,2,3,1,0
user_6730,271.72,credit_card,False,False,7,3,UK,retail,0,3097,3,1.81,3,3,1,0
user_2746,183.51,debit_card,False,False,14,0,UK,groceries,0,1100,3,1.84,1,3,1,0
user_9022,120.58,debit_card,False,False,6,4,CA,retail,0,1318,3,0.8,3,3,1,0
user_5463,1452.48,ach,False,False,14,5,CA,restaurant,0,2887,3,36.31,1,3,1,0
user_1807,1270.29,credit_card,False,False,16,2,UK,retail,0,378,1,8.47,1,1,1,0
user_5162,130.96,credit_card,True,False,13,3,AU,retail,0,1656,3,0.87,1,3,1,0
user_7429,91.43,ach,False,False,22,5,AU,restaurant,0,773,3,2.29,2,3,1,0
user_9691,428.3,credit_card,False,False,21,3,US,utilities,0,499,3,5.35,2,3,1,0
user_6770,95.92,debit_card,False,False,10,0,AU,retail,0,783,3,0.64,1,3,1,0
user_2276,144.45,debit_card,False,False,20,6,US,groceries,0,444,1,1.44,2,1,1,0
user_5067,648.61,ach,False,True,20,2,UK,groceries,0,1141,1,6.49,2,1,1,0
user_9246,974.08,debit_card,False,False,12,3,CA,restaurant,0,297,2,24.35,1,2,1,0
user_5846,95.75,debit_card,False,False,19,5,US,retail,0,2741,3,0.64,2,3,1,0
user_7936,81.26,debit_card,False,False,18,2,AU,restaurant,0,857,1,2.03,2,1,1,0
user_9748,138.07,ach,False,False,16,4,UK,groceries,0,1057,2,1.38,1,2,1,0
user_6980,44.87,ach,False,True,21,4,CA,groceries,0,2455,1,0.45,2,1,1,0
user_5799,1705.32,debit_card,False,False,6,4,US,restaurant,0,2275,2,42.63,3,2,1,0
user_1352,95.96,credit_card,False,True,7,5,UK,gas,0,1396,2,1.92,3,2,1,0
user_9303,750.71,debit_card,False,False,8,1,US,restaurant,0,741,2,18.77,3,2,1,0
user_1352,35.71,debit_card,False,True,8,4,UK,restaurant,0,1396,3,0.89,3,3,1,0
user_2099,55.2,debit_card,True,False,9,3,US,gas,0,1798,1,1.1,3,1,1,0
user_5349,25.12,credit_card,False,False,6,6,AU,restaurant,0,1445,2,0.63,3,2,1,0
user_3526,181.61,debit_card,False,True,19,0,UK,retail,0,3481,1,1.21,2,1,1,0
user_3340,49.13,debit_card,False,False,19,4,US,utilities,0,2529,2,0.61,2,2,1,0
user_3868,271.31,credit_card,False,False,20,4,AU,groceries,0,2617,1,2.71,2,1,1,0
user_7943,521.5,ach,False,False,16,4,AU,restaurant,0,1062,1,13.04,1,1,1,0
user_5262,9542.84,wire_transfer,True,True,22,0,AU,wire_transfer,2,3530,19,19.09,2,19,1,1
user_2373,256.16,debit_card,False,False,20,4,AU,gas,0,1085,3,5.12,2,3,1,0
user_1313,114.43,ach,True,True,8,5,CA,restaurant,0,895,1,2.86,3,1,1,0
user_7939,330.67,debit_card,False,True,12,4,CA,groceries,0,1343,2,3.31,1,2,1,0
user_4694,209.32,ach,False,False,20,0,UK,gas,0,3494,1,4.19,2,1,1,0
user_9508,430.49,credit_card,False,False,10,0,CA,utilities,0,1373,3,5.38,1,3,1,0
user_8199,1418.95,debit_card,False,False,21,1,CA,retail,0,1520,1,9.46,2,1,1,0
user_9105,194.14,debit_card,False,False,12,3,UK,gas,0,1413,3,3.88,1,3,1,0
user_8028,148.32,credit_card,False,False,12,0,AU,retail,0,1465,3,0.99,1,3,1,0
user_1674,33.78,debit_card,False,False,8,3,US,groceries,0,2657,1,0.34,3,1,1,0
user_1984,339.38,credit_card,False,False,11,2,UK,groceries,0,247,2,3.39,1,2,1,0
user_6262,45.63,debit_card,False,False,9,4,UK,restaurant,0,2737,2,1.14,3,2,1,0
user_3754,74.24,debit_card,False,False,19,5,US,restaurant,0,2203,2,1.86,2,2,1,0
user_5102,82.47,debit_card,False,False,17,0,CA,restaurant,0,242,1,2.06,1,1,1,0
user_4170,170.6,debit_card,False,False,14,5,AU,groceries,0,1374,2,1.71,1,2,1,0
user_7814,9856.19,cryptocurrency,True,True,15,2,US,wire_transfer,2,3403,19,19.71,1,19,1,1
user_5090,196.05,ach,False,False,20,4,UK,restaurant,0,3423,3,4.9,2,3,1,0
user_5254,184.71,ach,False,False,20,3,UK,gas,0,1001,3,3.69,2,3,1,0
user_6904,1310.12,wire_transfer,True,True,0,3,VN,jewelry,8,3403,22,1.31,10,20,1,1
user_8025,187.04,debit_card,False,False,18,0,US,groceries,0,2527,3,1.87,2,3,1,0
user_3616,661.78,ach,False,True,22,6,UK,utilities,0,2857,1,8.27,2,1,1,0
user_5011,853.34,debit_card,False,False,19,5,US,gas,0,1895,1,17.07,2,1,1,0
user_1404,1498.67,debit_card,False,False,13,6,AU,groceries,0,2023,2,14.99,1,2,1,0
user_1111,248.4,credit_card,False,True,12,1,CA,groceries,0,1859,3,2.48,1,3,1,0
user_6447,160.49,credit_card,False,False,10,1,UK,utilities,0,2266,3,2.01,1,3,1,0
user_8145,361.2,debit_card,False,False,13,5,CA,retail,0,2813,3,2.41,1,3,1,0
user_5414,306.46,credit_card,True,False,22,1,US,gas,0,799,2,6.13,2,2,1,0
user_2101,56.22,credit_card,False,False,21,3,UK,utilities,0,1513,2,0.7,2,2,1,0
user_6816,72.61,debit_card,False,False,21,0,US,utilities,0,2336,3,0.91,2,3,1,0
user_2110,218.62,ach,False,False,13,0,US,retail,0,2980,1,1.46,1,1,1,0
user_8430,494.55,debit_card,False,True,14,4,US,gas,0,1310,2,9.89,1,2,1,0
user_1722,61.55,ach,False,True,16,1,CA,retail,0,2639,2,0.41,1,2,1,0
user_9899,284.82,debit_card,False,False,16,5,UK,groceries,0,3196,3,2.85,1,3,1,0
user_9808,1071.84,credit_card,False,False,10,4,UK,utilities,0,372,2,13.4,1,2,1,0
user_1241,36.37,ach,False,False,8,5,CA,gas,0,1694,3,0.73,3,3,1,0
user_3785,179.73,ach,False,False,11,4,AU,restaurant,0,2568,2,4.49,1,2,1,0
user_4986,247.47,debit_card,False,True,20,6,UK,retail,0,1968,3,1.65,2,3,1,0
user_7550,569.03,ach,False,False,6,5,US,groceries,0,2993,1,5.69,3,1,1,0
user_5911,457.68,debit_card,False,False,7,3,UK,utilities,0,1060,1,5.72,3,1,1,0
user_4114,9788.03,wire_transfer,True,True,12,4,AU,cryptocurrency,3,36,8,9.79,1,8,5,1
user_6727,32.68,credit_card,False,False,13,6,US,retail,0,1653,3,0.22,1,3,1,0
user_2343,267.22,credit_card,False,False,6,3,CA,utilities,0,1108,1,3.34,3,1,1,0
user_9709,98.69,credit_card,True,False,9,6,CA,gas,0,2080,1,1.97,3,1,1,0
user_9524,167.83,credit_card,False,False,21,0,CA,restaurant,0,1745,2,4.2,2,2,1,0
user_2169,41836.37,wire_transfer,True,True,2,0,RO,wire_transfer,5,2217,8,83.67,10,8,1,1
user_1639,1191.88,debit_card,False,False,21,2,US,utilities,0,411,3,14.9,2,3,1,0
user_9553,543.96,ach,False,False,16,2,US,restaurant,0,2887,1,13.6,1,1,1,0
user_6364,1224.7,credit_card,False,False,19,3,UK,groceries,0,807,3,12.25,2,3,1,0
user_1349,60.75,debit_card,False,False,16,3,CA,utilities,0,545,2,0.76,1,2,1,0
user_1567,328.76,debit_card,False,True,19,0,US,gas,0,2150,2,6.58,2,2,1,0
user_1313,59.77,debit_card,False,False,10,0,CA,gas,0,895,1,1.2,1,1,1,0
user_2293,918.63,credit_card,False,True,22,1,CA,groceries,0,2264,1,9.19,2,1,1,0
user_9883,88.47,debit_card,False,False,21,6,UK,retail,0,264,3,0.59,2,3,1,0
user_3381,625.03,credit_card,False,False,21,5,AU,gas,0,391,2,12.5,2,2,1,0
user_7653,182.35,debit_card,False,False,14,0,US,restaurant,0,2850,3,4.56,1,3,1,0
user_9821,97.61,credit_card,False,False,12,5,UK,retail,0,1361,3,0.65,1,3,1,0
user_4212,795.83,debit_card,False,True,20,4,CA,utilities,0,1022,2,9.95,2,2,1,0
user_5497,90.97,debit_card,False,True,20,6,US,retail,0,2513,3,0.61,2,3,1,0
user_3381,38.66,credit_card,False,False,20,3,US,retail,0,848,3,0.26,2,3,1,0
user_7643,432.61,ach,False,False,20,5,UK,groceries,0,385,2,4.33,2,2,1,0
user_5978,50.43,debit_card,False,False,9,2,US,retail,0,2315,2,0.34,3,2,1,0
user_1352,83.0,debit_card,False,False,6,5,UK,gas,0,1396,3,1.66,3,3,1,0
user_9031,70.02,credit_card,False,False,14,0,UK,utilities,0,2633,2,0.88,1,2,1,0
user_3979,981.89,credit_card,False,False,10,6,UK,groceries,0,3297,3,9.82,1,3,1,0
user_1659,92.75,debit_card,False,False,8,4,CA,utilities,0,3467,1,1.16,3,1,1,0
user_1136,40.52,debit_card,False,False,14,4,UK,utilities,0,2745,2,0.51,1,2,1,0
user_1424,152.67,debit_card,False,True,15,4,AU,restaurant,0,2330,2,3.82,1,2,1,0
user_8207,189.86,debit_card,False,False,6,5,US,restaurant,0,2137,2,4.75,3,2,1,0
user_4189,9912.75,wire_transfer,True,True,21,1,UK,wire_transfer,2,331,15,19.83,2,15,1,1
user_4621,430.57,credit_card,False,False,16,5,UK,restaurant,0,279,3,10.76,1,3,1,0
user_5720,136.65,debit_card,False,True,20,4,AU,restaurant,0,321,1,3.42,2,1,1,0
user_6615,735.43,debit_card,False,False,12,3,CA,gas,0,705,3,14.71,1,3,1,0
user_2404,241.57,ach,False,False,18,6,AU,gas,0,3128,2,4.83,2,2,1,0
user_2571,90.13,debit_card,False,False,15,5,AU,restaurant,0,659,1,2.25,1,1,1,0
user_9303,9523.32,wire_transfer,True,True,20,6,US,cryptocurrency,3,741,13,9.52,2,13,1,1
user_4839,1281.6,debit_card,False,False,10,2,US,gas,0,603,1,25.63,1,1,1,0
user_7018,1044.68,debit_card,False,False,12,4,US,retail,0,3008,2,6.96,1,2,1,0
user_8714,1525.86,credit_card,False,False,21,5,CA,groceries,0,3150,3,15.26,2,3,1,0
user_4588,57.17,debit_card,False,False,12,2,US,utilities,0,3342,2,0.71,1,2,1,0
user_5684,351.77,credit_card,True,True,10,3,US,restaurant,0,133,1,8.79,1,1,5,0
user_2185,1182.35,debit_card,False,False,12,6,UK,gas,0,509,1,23.65,1,1,1,0
user_5288,341.17,debit_card,True,False,18,3,AU,gas,0,908,2,6.82,2,2,1,0
user_9204,128.29,debit_card,False,False,10,3,US,groceries,0,1820,2,1.28,1,2,1,0
user_4321,113.03,debit_card,False,False,19,1,US,groceries,0,666,1,1.13,2,1,1,0
user_9727,50.66,debit_card,True,False,10,2,AU,retail,0,2281,2,0.34,1,2,1,0
user_2234,165.7,ach,True,False,22,2,AU,restaurant,0,1930,3,4.14,2,3,1,0
user_8752,669.2,ach,False,False,7,5,US,gas,0,3187,1,13.38,3,1,1,0
user_4450,165.97,debit_card,False,False,17,5,US,groceries,0,421,1,1.66,1,1,1,0
user_4658,1250.9,ach,False,False,18,2,UK,restaurant,0,578,2,31.27,2,2,1,0
user_1945,1723.75,debit_card,False,False,12,5,UK,retail,0,2992,3,11.49,1,3,1,0
user_3159,1615.12,wire_transfer,True,True,1,5,NG,wire_transfer,5,2441,8,3.23,10,8,1,1
user_6008,1461.99,ach,False,False,8,1,UK,groceries,0,3338,1,14.62,3,1,1,0
user_5781,57.57,debit_card,True,False,15,4,US,groceries,0,1293,3,0.58,1,3,1,0
user_9311,1952.6,ach,False,False,21,0,AU,utilities,0,2932,2,24.41,2,2,1,0
user_8025,163.73,debit_card,False,True,18,5,US,retail,0,2527,2,1.09,2,2,1,0
user_2627,261.35,debit_card,False,False,19,6,UK,restaurant,0,278,1,6.53,2,1,1,0
user_3473,407.7,ach,False,False,7,1,AU,groceries,0,1841,3,4.08,3,3,1,0
user_6008,663.07,credit_card,False,False,7,0,UK,restaurant,0,3338,3,16.58,3,3,1,0
user_7165,134.07,ach,False,False,21,3,AU,restaurant,0,1475,1,3.35,2,1,1,0
user_5842,93.71,debit_card,False,False,6,3,AU,utilities,0,1610,1,1.17,3,1,1,0
user_1396,283.83,credit_card,False,False,10,5,UK,groceries,0,2554,1,2.84,1,1,1,0
user_7753,136.7,credit_card,False,False,9,5,UK,restaurant,0,73,2,3.42,3,2,5,0
user_8157,956.47,debit_card,True,False,19,4,UK,groceries,0,743,2,9.56,2,2,1,0
user_9922,125.86,debit_card,False,True,20,3,CA,restaurant,0,1118,3,3.15,2,3,1,0
user_7361,60.38,debit_card,False,False,18,3,CA,retail,0,1435,2,0.4,2,2,1,0
user_5558,953.89,debit_card,False,False,15,4,US,utilities,0,1956,2,11.92,1,2,1,0
user_4006,112.64,debit_card,False,False,16,1,CA,restaurant,0,3611,2,2.82,1,2,1,0
user_3267,53.25,credit_card,False,True,7,1,AU,restaurant,0,2872,3,1.33,3,3,1,0
user_6172,875.15,ach,False,False,15,2,US,groceries,0,2900,3,8.75,1,3,1,0
user_5082,1556.7,credit_card,False,True,6,1,AU,retail,0,3232,3,10.38,3,3,1,0
user_8381,599.58,debit_card,False,False,17,5,UK,utilities,0,163,2,7.49,1,2,5,0
user_4114,329.42,credit_card,False,False,7,0,AU,gas,0,36,3,6.59,3,3,5,0
user_9444,452.01,credit_card,False,False,19,4,AU,restaurant,0,1067,3,11.3,2,3,1,0
user_1258,162.98,credit_card,False,False,14,0,US,groceries,0,549,2,1.63,1,2,1,0
user_6904,193.11,credit_card,True,False,12,4,UK,groceries,0,3403,2,1.93,1,2,1,0
user_8218,430.76,ach,False,False,17,6,AU,gas,0,2089,2,8.62,1,2,1,0
user_4505,9854.58,wire_transfer,True,True,23,3,AU,wire_transfer,1,1385,8,19.71,7,8,1,1
user_3621,88.94,credit_card,False,True,11,2,AU,retail,0,172,1,0.59,1,1,5,0
user_9841,96.94,debit_card,False,False,11,2,AU,utilities,0,1291,3,1.21,1,3,1,0
user_2245,1758.57,debit_card,False,False,6,3,AU,groceries,0,1315,2,17.59,3,2,1,0
user_5670,68.22,debit_card,False,False,15,5,US,retail,0,697,2,0.45,1,2,1,0
user_3595,568.22,credit_card,False,False,10,0,CA,gas,0,2546,2,11.36,1,2,1,0
user_3473,429.12,ach,False,False,7,3,AU,restaurant,0,1841,2,10.73,3,2,1,0
user_4295,292.41,debit_card,False,False,12,1,UK,utilities,0,1824,2,3.66,1,2,1,0
user_4909,38.39,credit_card,True,False,8,2,US,gas,0,1809,1,0.77,3,1,1,0
user_6085,648.3,ach,False,False,14,0,US,groceries,0,263,3,6.48,1,3,1,0
user_1852,192.43,ach,True,False,17,0,US,restaurant,0,3324,3,4.81,1,3,1,0
user_3947,1838.04,credit_card,False,False,6,4,AU,retail,0,2931,1,12.25,3,1,1,0
user_9022,99.17,ach,True,False,17,5,AU,gas,0,1443,3,1.98,1,3,1,0
user_2394,159.77,credit_card,False,True,7,1,UK,groceries,0,897,3,1.6,3,3,1,0
user_1520,97.96,debit_card,False,False,11,6,CA,restaurant,0,982,2,2.45,1,2,1,0
user_8811,1998.89,debit_card,False,False,20,4,CA,groceries,0,262,1,19.99,2,1,1,0
user_4764,109.71,debit_card,False,False,21,0,AU,utilities,0,1140,1,1.37,2,1,1,0
user_9508,950.05,credit_card,False,False,10,6,CA,groceries,0,1373,1,9.5,1,1,1,0
user_1919,62.21,credit_card,False,True,18,3,CA,groceries,0,368,2,0.62,2,2,1,0
user_6319,382.94,ach,False,False,14,1,AU,retail,0,3413,3,2.55,1,3,1,0
user_3395,747.42,debit_card,False,False,14,2,US,utilities,0,926,3,9.34,1,3,1,0
user_9740,79.48,credit_card,False,True,18,3,CA,utilities,0,2454,2,0.99,2,2,1,0
user_2655,275.85,debit_card,False,True,16,1,UK,gas,0,588,1,5.52,1,1,1,0
user_9159,970.86,debit_card,False,False,16,0,UK,utilities,0,2008,2,12.14,1,2,1,0
user_9504,1448.48,credit_card,False,False,20,1,US,groceries,0,1802,2,14.48,2,2,1,0
user_8611,826.03,wire_transfer,True,True,4,0,CN,wire_transfer,2,3504,13,1.65,10,13,1,1
user_9418,61.55,ach,False,False,13,2,US,gas,0,1785,2,1.23,1,2,1,0
user_9674,344.35,debit_card,False,False,22,3,CA,utilities,0,683,2,4.3,2,2,1,0
user_5500,1086.58,debit_card,False,False,10,3,UK,groceries,0,2108,1,10.87,1,1,1,0
user_7917,131.14,credit_card,False,False,18,2,UK,utilities,0,1196,3,1.64,2,3,1,0
user_2294,8626.72,wire_transfer,True,True,5,3,PH,electronics,7,2227,19,17.25,10,19,1,1
user_5225,291.36,credit_card,False,True,21,0,US,utilities,0,386,2,3.64,2,2,1,0
user_1517,523.93,ach,False,False,21,0,US,groceries,0,811,2,5.24,2,2,1,0
user_9444,489.75,debit_card,False,False,18,4,AU,restaurant,0,1067,2,12.24,2,2,1,0
user_2394,280.73,credit_card,False,False,7,0,UK,gas,0,897,1,5.61,3,1,1,0
user_7071,31.81,debit_card,False,False,19,1,UK,groceries,0,81,3,0.32,2,3,5,0
user_2388,370.46,credit_card,False,True,21,0,AU,gas,0,2665,2,7.41,2,2,1,0
user_5965,275.31,debit_card,False,False,13,5,AU,groceries,0,3545,1,2.75,1,1,1,0
user_3496,195.03,debit_card,False,False,9,6,AU,retail,0,2772,3,1.3,3,3,1,0
user_9535,873.19,debit_card,False,False,12,1,CA,retail,0,783,3,5.82,1,3,1,0
user_3926,50.55,credit_card,False,True,10,3,US,gas,0,2018,3,1.01,1,3,1,0
user_7732,32.68,ach,False,False,8,5,US,groceries,0,553,3,0.33,3,3,1,0
user_8372,481.67,ach,False,False,20,2,UK,retail,0,555,1,3.21,2,1,1,0
user_3815,1797.82,debit_card,False,False,17,4,UK,groceries,0,390,1,17.98,1,1,1,0
user_3147,638.04,credit_card,False,True,17,0,CA,gas,0,694,2,12.76,1,2,1,0
user_6061,252.79,credit_card,False,False,8,2,UK,retail,0,3029,1,1.69,3,1,1,0
user_8342,628.88,wire_transfer,True,True,5,0,VN,cash_withdrawal,6,937,18,3.14,10,18,1,1
user_4302,37.3,debit_card,False,False,8,6,US,gas,0,1322,3,0.75,3,3,1,0
user_9821,65.95,credit_card,False,False,14,1,UK,gas,0,1361,3,1.32,1,3,1,0
user_4580,1960.14,credit_card,False,False,16,1,CA,groceries,0,3086,2,19.6,1,2,1,0
user_5828,1874.62,credit_card,False,False,21,6,AU,retail,0,807,2,12.5,2,2,1,0
user_5712,717.69,debit_card,False,True,7,5,US,utilities,0,1839,2,8.97,3,2,1,0
user_2956,92.7,debit_card,False,False,22,2,CA,restaurant,0,2903,3,2.32,2,3,1,0
user_2381,581.45,credit_card,False,False,16,3,CA,groceries,0,1043,3,5.81,1,3,1,0
user_7022,374.47,credit_card,False,False,8,4,AU,gas,0,3198,1,7.49,3,1,1,0
user_9808,268.72,debit_card,False,False,9,4,AU,restaurant,0,2346,2,6.72,3,2,1,0
user_6096,73.39,credit_card,False,True,22,6,US,utilities,0,1307,1,0.92,2,1,1,0
user_1722,44.96,debit_card,True,False,17,0,CA,retail,0,2639,3,0.3,1,3,1,0
user_3749,1730.26,debit_card,False,False,18,2,US,restaurant,0,3215,2,43.26,2,2,1,0
user_4012,623.82,ach,False,False,6,4,CA,restaurant,0,1733,1,15.6,3,1,1,0
user_7224,132.99,debit_card,False,False,17,6,UK,gas,0,1793,1,2.66,1,1,1,0
user_8527,1722.64,ach,False,False,11,4,AU,restaurant,0,352,3,43.07,1,3,1,0
user_4362,67.34,debit_card,False,False,22,6,CA,restaurant,0,2431,1,1.68,2,1,1,0
user_6439,89.74,debit_card,False,False,14,2,US,utilities,0,2184,1,1.12,1,1,1,0
user_5558,6275.93,wire_transfer,True,True,3,1,BR,cash_withdrawal,7,1956,16,31.38,10,16,1,1
user_6658,977.23,debit_card,False,False,10,0,UK,utilities,0,2139,2,12.22,1,2,1,0
user_6400,228.15,debit_card,False,False,18,2,US,retail,0,1101,2,1.52,2,2,1,0
user_2388,9994.12,cryptocurrency,True,True,17,3,US,wire_transfer,2,1007,15,19.99,1,15,1,1
user_8803,193.27,debit_card,False,True,6,4,AU,groceries,0,3527,3,1.93,3,3,1,0
user_3230,185.17,debit_card,False,False,15,6,CA,gas,0,1992,2,3.7,1,2,1,0
user_3926,97.93,debit_card,False,False,11,2,US,retail,0,2018,1,0.65,1,1,1,0
user_2753,28.84,ach,False,True,22,1,CA,utilities,0,1017,3,0.36,2,3,1,0
user_7293,575.22,ach,False,False,17,6,CA,restaurant,0,3574,1,14.38,1,1,1,0
user_8048,91.1,credit_card,True,False,20,4,US,gas,0,3523,2,1.82,2,2,1,0
user_8723,403.53,debit_card,False,False,6,6,CA,utilities,0,3431,1,5.04,3,1,1,0
user_1120,1665.9,credit_card,False,True,22,1,UK,restaurant,0,2329,3,41.65,2,3,1,0
user_3584,795.66,credit_card,False,False,19,0,UK,restaurant,0,2535,1,19.89,2,1,1,0
user_2130,471.54,ach,False,False,7,1,UK,utilities,0,1704,3,5.89,3,3,1,0
user_1520,79.53,debit_card,True,False,10,2,CA,gas,0,982,1,1.59,1,1,1,0
user_9364,1291.39,debit_card,True,False,22,3,CA,gas,0,2549,3,25.83,2,3,1,0
user_3584,937.74,credit_card,False,True,22,4,UK,retail,0,2535,2,6.25,2,2,1,0
user_4878,82.68,debit_card,False,True,6,6,AU,retail,0,131,3,0.55,3,3,5,0
user_7325,115.65,credit_card,False,True,14,5,US,groceries,0,547,1,1.16,1,1,1,0
user_4185,663.08,debit_card,False,False,16,2,AU,restaurant,0,1029,3,16.58,1,3,1,0
user_5634,372.67,ach,True,False,15,5,UK,utilities,0,2810,2,4.66,1,2,1,0
user_9004,1127.65,debit_card,False,False,9,6,AU,retail,0,2675,2,7.52,3,2,1,0
user_2463,99.97,debit_card,True,False,17,0,CA,utilities,0,3078,2,1.25,1,2,1,0
user_3218,416.51,debit_card,False,False,14,0,AU,groceries,0,1867,1,4.17,1,1,1,0
user_3222,982.17,debit_card,False,True,12,1,UK,retail,0,2776,1,6.55,1,1,1,0
user_2584,175.34,credit_card,False,False,14,4,UK,utilities,0,3335,2,2.19,1,2,1,0
user_4089,297.61,debit_card,False,False,22,2,AU,gas,0,1646,2,5.95,2,2,1,0
user_4302,47.61,credit_card,False,False,10,5,US,groceries,0,1322,3,0.48,1,3,1,0
user_9397,198.0,debit_card,False,False,11,4,CA,retail,0,934,2,1.32,1,2,1,0
user_1750,110.29,credit_card,False,False,14,1,CA,groceries,0,3396,3,1.1,1,3,1,0
user_2767,32.83,ach,False,False,17,2,AU,groceries,0,976,2,0.33,1,2,1,0
user_3173,129.09,debit_card,False,False,22,3,UK,retail,0,2939,1,0.86,2,1,1,0
user_7939,391.56,debit_card,False,False,14,4,CA,gas,0,1343,2,7.83,1,2,1,0
user_4734,112.04,ach,True,False,17,5,AU,groceries,0,3200,2,1.12,1,2,1,0
user_7154,40.07,ach,False,False,20,0,CA,gas,0,2706,2,0.8,2,2,1,0
user_7859,179.97,credit_card,False,False,9,6,CA,groceries,0,3605,1,1.8,3,1,1,0
user_1133,70.0,debit_card,False,False,17,5,CA,retail,0,3644,3,0.47,1,3,1,0
user_2108,1458.02,debit_card,False,False,20,0,US,restaurant,0,1629,3,36.45,2,3,1,0
user_7154,27.97,debit_card,False,False,20,6,CA,retail,0,2706,2,0.19,2,2,1,0
user_8066,189.59,debit_card,False,False,22,2,AU,gas,0,673,3,3.79,2,3,1,0
user_7334,392.98,credit_card,True,False,7,4,AU,groceries,0,2864,1,3.93,3,1,1,0
user_4571,845.0,debit_card,False,False,22,4,UK,groceries,0,3171,1,8.45,2,1,1,0
user_4522,342.5,debit_card,False,False,13,1,CA,utilities,0,1724,1,4.28,1,1,1,0
user_7229,1499.66,debit_card,False,False,18,1,CA,restaurant,0,2079,1,37.49,2,1,1,0
user_9508,342.14,credit_card,False,False,6,5,CA,utilities,0,1373,2,4.28,3,2,1,0
user_4176,119.81,debit_card,False,True,14,2,CA,utilities,0,997,2,1.5,1,2,1,0
user_6866,54.52,debit_card,False,False,18,6,UK,retail,0,2182,3,0.36,2,3,1,0
user_7746,64.67,ach,False,False,13,3,CA,groceries,0,2392,2,0.65,1,2,1,0
user_4707,26004.26,wire_transfer,True,True,4,4,NG,wire_transfer,2,1684,10,52.01,10,10,1,1
user_3042,218.32,debit_card,False,True,6,4,CA,gas,0,1147,2,4.37,3,2,1,0
user_4263,956.45,debit_card,False,False,17,0,US,restaurant,0,1001,1,23.91,1,1,1,0
user_8269,59.8,debit_card,False,False,18,1,UK,utilities,0,148,3,0.75,2,3,5,0
user_9922,131.65,debit_card,False,False,21,6,CA,groceries,0,1118,1,1.32,2,1,1,0
user_2627,155.01,debit_card,False,False,21,6,UK,groceries,0,278,2,1.55,2,2,1,0
user_5828,1642.65,debit_card,False,True,21,6,AU,utilities,0,807,3,20.53,2,3,1,0
user_7615,73.81,credit_card,True,False,18,2,CA,groceries,0,2401,2,0.74,2,2,1,0
user_7809,986.26,credit_card,False,False,17,2,CA,groceries,0,368,3,9.86,1,3,1,0
user_1017,163.98,credit_card,False,False,14,4,US,gas,0,573,3,3.28,1,3,1,0
user_4658,603.69,credit_card,False,True,21,5,UK,restaurant,0,578,2,15.09,2,2,1,0
user_4920,97.69,ach,False,False,7,2,CA,restaurant,0,2643,2,2.44,3,2,1,0
user_5831,81.99,debit_card,False,False,15,3,UK,utilities,0,458,2,1.02,1,2,1,0
user_8640,124.27,debit_card,True,True,8,5,CA,groceries,0,1351,3,1.24,3,3,1,0
user_6442,796.18,debit_card,False,False,22,2,CA,utilities,0,1122,2,9.95,2,2,1,0
user_7248,53.18,ach,False,False,15,4,UK,gas,0,2242,1,1.06,1,1,1,0
user_1760,86.27,debit_card,False,False,21,5,UK,groceries,0,452,2,0.86,2,2,1,0
user_1202,977.1,debit_card,False,True,21,2,AU,gas,0,490,3,19.54,2,3,1,0
user_3526,167.61,credit_card,False,True,20,5,UK,gas,0,3481,3,3.35,2,3,1,0
user_4362,39.82,ach,False,False,20,0,CA,retail,0,2431,2,0.27,2,2,1,0
user_3093,1657.67,debit_card,False,False,11,6,AU,restaurant,0,2112,1,41.44,1,1,1,0
user_9780,103.45,credit_card,False,False,8,6,AU,gas,0,1292,1,2.07,3,1,1,0
user_1807,1090.27,credit_card,False,True,17,4,UK,groceries,0,378,3,10.9,1,3,1,0
user_9808,1625.91,debit_card,False,False,7,5,UK,retail,0,372,1,10.84,3,1,1,0
user_1930,1246.19,debit_card,False,False,16,5,UK,groceries,0,2818,2,12.46,1,2,1,0
user_1750,91.18,debit_card,False,False,16,4,US,utilities,0,3533,3,1.14,1,3,1,0
user_5786,9786.62,wire_transfer,True,True,10,3,AU,cryptocurrency,2,450,12,9.79,1,12,1,1
user_6771,1814.3,debit_card,False,False,13,6,AU,gas,0,2791,3,36.29,1,3,1,0
user_3712,515.57,debit_card,False,False,8,1,AU,retail,0,1522,2,3.44,3,2,1,0
user_2753,71.12,debit_card,False,False,21,4,CA,gas,0,1017,1,1.42,2,1,1,0
user_8871,114.67,credit_card,False,False,22,2,AU,gas,0,635,1,2.29,2,1,1,0
user_9508,800.26,ach,False,True,7,1,CA,restaurant,0,1373,1,20.01,3,1,1,0
user_7146,470.13,credit_card,False,False,9,5,US,restaurant,0,1680,1,11.75,3,1,1,0
user_6416,119.99,debit_card,False,True,8,1,US,restaurant,0,2781,3,3.0,3,3,1,0
user_9984,257.53,debit_card,False,False,12,3,UK,utilities,0,1888,1,3.22,1,1,1,0
user_9751,56.39,credit_card,False,False,12,5,US,restaurant,0,253,3,1.41,1,3,1,0
user_8834,71.68,credit_card,False,False,12,0,UK,groceries,0,1733,2,0.72,1,2,1,0
user_1891,1503.18,debit_card,False,False,15,2,US,utilities,0,1220,2,18.79,1,2,1,0
user_6846,292.83,debit_card,False,False,15,0,AU,retail,0,3597,1,1.95,1,1,1,0
user_5825,175.07,ach,False,False,11,5,US,restaurant,0,2905,1,4.38,1,1,1,0
user_5558,729.14,debit_card,False,False,16,2,US,retail,0,1956,2,4.86,1,2,1,0
user_4839,1622.93,debit_card,False,False,11,2,US,restaurant,0,603,2,40.57,1,2,1,0
user_1193,169.29,credit_card,False,False,16,6,US,restaurant,0,1362,1,4.23,1,1,1,0
user_4971,295.05,credit_card,False,False,14,3,UK,utilities,0,3374,2,3.69,1,2,1,0
user_7086,85.93,credit_card,False,False,20,4,CA,retail,0,1961,3,0.57,2,3,1,0
user_1857,291.2,debit_card,False,False,9,3,UK,restaurant,0,417,3,7.28,3,3,1,0
user_1916,136.28,ach,False,True,17,5,CA,utilities,0,2146,1,1.7,1,1,1,0
user_4918,315.87,credit_card,True,False,17,2,CA,gas,0,1536,3,6.32,1,3,1,0
user_6168,967.89,debit_card,False,False,12,2,US,restaurant,0,894,2,24.2,1,2,1,0
user_6727,37.0,credit_card,False,False,15,3,US,restaurant,0,1653,3,0.93,1,3,1,0
user_4694,358.29,debit_card,False,True,19,1,UK,restaurant,0,3494,2,8.96,2,2,1,0
user_3926,73.9,debit_card,False,False,8,4,US,groceries,0,2018,1,0.74,3,1,1,0
user_5945,42.2,debit_card,False,False,17,0,CA,restaurant,0,909,3,1.06,1,3,1,0
user_7010,1555.54,debit_card,True,True,10,0,AU,utilities,0,2267,2,19.44,1,2,1,0
user_6096,56.74,debit_card,False,False,20,2,US,restaurant,0,1307,3,1.42,2,3,1,0
user_7653,180.33,debit_card,False,False,12,4,US,restaurant,0,2850,3,4.51,1,3,1,0
user_3165,1629.54,credit_card,False,False,12,5,UK,utilities,0,3431,1,20.37,1,1,1,0
user_4164,647.89,debit_card,False,False,17,0,UK,retail,0,3570,2,4.32,1,2,1,0
user_1306,1003.27,ach,False,True,12,0,CA,retail,0,1343,3,6.69,1,3,1,0
user_9849,175.98,debit_card,False,False,22,5,UK,groceries,0,1248,3,1.76,2,3,1,0
user_3299,615.02,debit_card,False,False,7,1,CA,restaurant,0,2349,3,15.38,3,3,1,0
user_4534,81.68,debit_card,False,True,11,0,AU,utilities,0,2105,1,1.02,1,1,1,0
user_6804,620.3,debit_card,False,False,13,0,AU,gas,0,3568,3,12.41,1,3,1,0
user_2796,66.71,ach,False,False,18,0,CA,groceries,0,3274,3,0.67,2,3,1,0
user_9393,182.76,credit_card,False,False,22,2,UK,groceries,0,2945,1,1.83,2,1,1,0
user_2235,49.28,credit_card,False,False,18,2,US,utilities,0,3358,2,0.62,2,2,1,0
user_3847,1157.12,debit_card,False,True,7,5,CA,utilities,0,40,2,14.46,3,2,5,0
user_6990,179.65,credit_card,False,False,10,0,AU,groceries,0,2078,2,1.8,1,2,1,0
user_9508,344.54,debit_card,False,False,6,6,CA,restaurant,0,1373,1,8.61,3,1,1,0
user_1280,1152.47,debit_card,False,False,22,3,AU,retail,0,3332,1,7.68,2,1,1,0
user_9008,45.64,credit_card,False,False,18,6,AU,utilities,0,3342,3,0.57,2,3,1,0
user_7251,753.5,debit_card,False,False,13,6,UK,utilities,0,2291,2,9.42,1,2,1,0
user_7363,109.14,debit_card,False,True,11,0,CA,retail,0,998,2,0.73,1,2,1,0
user_9148,56.07,credit_card,False,False,6,5,AU,restaurant,0,1718,3,1.4,3,3,1,0
user_3024,386.75,debit_card,False,False,14,0,UK,retail,0,2424,2,2.58,1,2,1,0
user_2584,395.32,debit_card,False,True,15,4,UK,restaurant,0,3335,3,9.88,1,3,1,0
user_3161,261.36,ach,False,False,11,0,UK,gas,0,412,2,5.23,1,2,1,0
user_1841,115.47,debit_card,False,False,17,2,US,groceries,0,3397,2,1.15,1,2,1,0
user_3869,379.27,debit_card,True,False,20,2,AU,restaurant,0,222,3,9.48,2,3,1,0
user_1212,355.95,debit_card,False,False,8,6,AU,utilities,0,3429,2,4.45,3,2,1,0
user_4321,4308.95,wire_transfer,True,True,5,1,CN,wire_transfer,5,666,5,8.62,10,5,1,1
user_7025,1425.21,debit_card,False,False,20,6,CA,groceries,0,3209,1,14.25,2,1,1,0
user_9680,262.29,debit_card,False,True,16,3,US,groceries,0,3596,3,2.62,1,3,1,0
user_9837,65.78,ach,False,True,14,0,CA,restaurant,0,2692,2,1.64,1,2,1,0
user_8905,141.88,credit_card,False,True,13,5,US,restaurant,0,2468,1,3.55,1,1,1,0
user_7445,143.84,ach,True,False,9,2,UK,gas,0,2832,2,2.88,3,2,1,0
user_5075,158.07,debit_card,False,False,17,6,US,groceries,0,2839,3,1.58,1,3,1,0
user_1651,1333.58,ach,False,False,9,3,AU,restaurant,0,2722,2,33.34,3,2,1,0
user_5442,648.95,debit_card,False,False,21,0,UK,restaurant,0,592,1,16.22,2,1,1,0
user_4387,83.72,ach,False,False,6,3,CA,groceries,0,3455,2,0.84,3,2,1,0
user_3900,770.44,debit_card,False,False,19,2,AU,groceries,0,2614,1,7.7,2,1,1,0
user_7843,256.71,debit_card,False,False,9,1,AU,gas,0,115,1,5.13,3,1,5,0
user_6021,288.86,ach,False,True,21,3,AU,restaurant,0,712,1,7.22,2,1,1,0
user_6759,766.47,ach,False,False,12,2,CA,utilities,0,1044,1,9.58,1,1,1,0
user_6262,78.26,ach,False,False,10,5,UK,groceries,0,2737,1,0.78,1,1,1,0
user_8541,143.04,ach,False,True,15,5,CA,gas,0,943,2,2.86,1,2,1,0
user_9331,38.65,credit_card,False,True,16,3,AU,utilities,0,3580,3,0.48,1,3,1,0
user_4337,422.59,debit_card,False,False,21,0,AU,gas,0,762,1,8.45,2,1,1,0
user_1613,89.75,credit_card,False,False,16,3,US,utilities,0,1402,3,1.12,1,3,1,0
user_4164,717.62,debit_card,False,False,17,2,UK,gas,0,3570,1,14.35,1,1,1,0
user_2899,682.49,ach,False,False,19,5,US,retail,0,2723,2,4.55,2,2,1,0
user_3893,879.59,credit_card,False,True,15,2,CA,retail,0,3509,3,5.86,1,3,1,0
user_2796,159.8,debit_card,False,False,21,0,CA,retail,0,3274,2,1.07,2,2,1,0
user_5999,542.95,ach,False,True,15,1,US,retail,0,1389,2,3.62,1,2,1,0
user_9246,1996.76,ach,False,False,14,5,CA,retail,0,297,2,13.31,1,2,1,0
user_5438,272.16,debit_card,False,False,17,4,CA,gas,0,524,2,5.44,1,2,1,0
user_2373,397.68,debit_card,False,False,18,4,AU,restaurant,0,1085,1,9.94,2,1,1,0
user_7841,393.13,credit_card,True,False,11,6,CA,restaurant,0,1381,3,9.83,1,3,1,0
user_1305,339.05,debit_card,False,False,6,3,CA,restaurant,0,1869,2,8.48,3,2,1,0
user_7866,787.99,credit_card,False,False,22,1,CA,utilities,0,1729,1,9.85,2,1,1,0
user_9128,33.1,credit_card,False,False,17,4,AU,restaurant,0,737,3,0.83,1,3,1,0
user_3340,257.75,debit_card,False,True,11,2,CA,utilities,0,3081,2,3.22,1,2,1,0
user_5634,425.46,debit_card,False,False,17,5,UK,gas,0,2810,3,8.51,1,3,1,0
user_4841,159.78,ach,True,False,15,4,UK,restaurant,0,2242,3,3.99,1,3,1,0
user_5073,63.84,debit_card,False,False,10,4,AU,groceries,0,604,3,0.64,1,3,1,0
user_9615,1090.14,credit_card,False,False,22,4,UK,gas,0,231,2,21.8,2,2,1,0
user_4443,500.55,debit_card,False,True,22,1,UK,gas,0,1934,1,10.01,2,1,1,0
user_2293,942.84,debit_card,False,False,22,4,CA,utilities,0,2264,2,11.79,2,2,1,0
user_9984,362.38,ach,False,False,14,2,UK,gas,0,1888,1,7.25,1,1,1,0
user_4751,810.84,credit_card,False,False,7,3,US,groceries,0,452,3,8.11,3,3,1,0
user_8715,397.34,ach,False,False,22,6,UK,gas,0,403,3,7.95,2,3,1,0
user_9221,984.4,ach,False,False,19,3,CA,retail,0,3151,2,6.56,2,2,1,0
user_1750,192.93,debit_card,False,False,14,0,US,retail,0,3533,3,1.29,1,3,1,0
user_2734,56.04,debit_card,True,False,14,3,AU,utilities,0,2176,3,0.7,1,3,1,0
user_2943,162.73,credit_card,False,False,21,2,AU,utilities,0,2196,3,2.03,2,3,1,0
user_7653,332.34,ach,False,False,17,2,US,restaurant,0,2850,1,8.31,1,1,1,0
user_4652,623.54,debit_card,False,False,14,5,AU,gas,0,2965,1,12.47,1,1,1,0
user_4841,257.09,debit_card,False,True,14,6,UK,gas,0,2242,2,5.14,1,2,1,0
user_4658,842.27,ach,False,False,21,5,UK,restaurant,0,578,1,21.06,2,1,1,0
user_6167,945.41,credit_card,False,True,22,4,UK,restaurant,0,2040,3,23.64,2,3,1,0
user_8869,174.44,credit_card,False,False,11,6,US,groceries,0,877,3,1.74,1,3,1,0
user_9619,66.37,debit_card,True,True,18,2,US,restaurant,0,1980,2,1.66,2,2,1,0
user_5497,63.56,debit_card,False,False,19,6,US,utilities,0,2513,1,0.79,2,1,1,0
user_6727,75.33,debit_card,False,True,13,4,US,restaurant,0,1653,2,1.88,1,2,1,0
user_8646,117.2,debit_card,False,False,20,1,AU,gas,0,2424,3,2.34,2,3,1,0
user_7510,1361.4,credit_card,False,False,16,2,UK,retail,0,2158,1,9.08,1,1,1,0
user_5828,1243.11,credit_card,False,True,18,1,AU,utilities,0,807,3,15.54,2,3,1,0
user_2746,98.16,credit_card,False,False,14,3,UK,restaurant,0,1100,2,2.45,1,2,1,0
user_9535,996.52,debit_card,False,False,15,5,CA,gas,0,783,3,19.93,1,3,1,0
user_5825,188.43,ach,False,False,10,0,US,utilities,0,2905,2,2.36,1,2,1,0
user_8921,487.06,ach,True,True,17,5,UK,groceries,0,1350,3,4.87,1,3,1,0
user_8015,166.28,ach,False,False,21,6,CA,utilities,0,3244,2,2.08,2,2,1,0
user_9148,65.78,ach,True,False,6,1,AU,restaurant,0,1718,3,1.64,3,3,1,0
user_6992,36.28,credit_card,False,False,14,3,US,groceries,0,1113,3,0.36,1,3,1,0
user_8511,30.86,ach,True,True,19,1,US,retail,0,2100,1,0.21,2,1,1,0
user_9903,918.91,debit_card,False,False,14,4,UK,utilities,0,3591,2,11.49,1,2,1,0
user_3647,950.92,credit_card,False,False,18,6,AU,groceries,0,2327,2,9.51,2,2,1,0
user_1188,83.91,ach,False,False,18,0,UK,gas,0,3178,3,1.68,2,3,1,0
user_3286,87.94,debit_card,False,False,22,1,US,gas,0,2448,2,1.76,2,2,1,0
user_6364,1846.14,debit_card,False,True,22,5,UK,restaurant,0,807,2,46.15,2,2,1,0
user_1745,69.21,ach,False,True,13,3,US,retail,0,1217,3,0.46,1,3,1,0
user_2753,64.78,debit_card,False,False,21,3,CA,restaurant,0,1017,3,1.62,2,3,1,0
user_2394,182.32,credit_card,False,False,6,5,UK,gas,0,897,3,3.65,3,3,1,0
user_3139,1744.3,ach,False,False,12,0,UK,gas,0,2825,2,34.89,1,2,1,0
user_5557,49.51,credit_card,False,False,8,1,AU,utilities,0,1423,2,0.62,3,2,1,0
user_2562,162.36,debit_card,False,False,7,5,AU,retail,0,1355,1,1.08,3,1,1,0
user_2867,122.45,debit_card,False,False,20,2,AU,restaurant,0,2191,2,3.06,2,2,1,0
user_7637,598.99,debit_card,False,False,8,1,US,retail,0,2289,1,3.99,3,1,1,0
user_4910,347.12,debit_card,False,False,15,0,CA,gas,0,2781,1,6.94,1,1,1,0
user_5901,776.61,debit_card,False,False,20,3,UK,gas,0,1901,1,15.53,2,1,1,0
user_3209,50.56,ach,False,False,22,5,AU,retail,0,181,1,0.34,2,1,1,0
user_2077,295.06,debit_card,True,False,13,0,AU,utilities,0,2183,3,3.69,1,3,1,0
user_8822,89.59,debit_card,True,False,14,0,UK,groceries,0,1199,1,0.9,1,1,1,0
user_9748,251.82,debit_card,False,True,13,0,UK,gas,0,1057,2,5.04,1,2,1,0
user_1854,565.93,credit_card,False,False,15,0,US,restaurant,0,2943,1,14.15,1,1,1,0
user_3219,198.55,debit_card,False,False,11,1,AU,retail,0,1390,1,1.32,1,1,1,0
user_9751,158.12,ach,False,False,13,0,US,retail,0,253,2,1.05,1,2,1,0
user_2290,67.22,ach,False,True,21,3,AU,gas,0,3372,3,1.34,2,3,1,0
user_2916,141.89,ach,False,True,17,4,CA,restaurant,0,2122,1,3.55,1,1,1,0
user_2037,1654.23,credit_card,False,False,13,6,CA,restaurant,0,1789,3,41.36,1,3,1,0
user_7858,885.6,ach,False,False,20,5,AU,restaurant,0,2375,2,22.14,2,2,1,0
user_8909,33.27,debit_card,False,False,17,5,AU,groceries,0,381,1,0.33,1,1,1,0
user_4263,737.37,debit_card,False,False,12,5,US,utilities,0,1001,3,9.22,1,3,1,0
user_1514,266.21,ach,False,False,11,2,CA,utilities,0,1170,3,3.33,1,3,1,0
user_3785,53.23,debit_card,False,False,11,3,AU,groceries,0,2568,3,0.53,1,3,1,0
user_3519,95.77,debit_card,False,False,14,4,UK,restaurant,0,185,1,2.39,1,1,1,0
user_7909,164.56,debit_card,False,False,10,6,CA,groceries,0,2881,3,1.65,1,3,1,0
user_7939,788.23,debit_card,False,False,12,1,UK,gas,0,2817,1,15.76,1,1,1,0
user_1306,846.59,debit_card,False,True,12,6,CA,gas,0,1343,1,16.93,1,1,1,0
user_6544,54.25,debit_card,False,False,8,1,UK,retail,0,2670,1,0.36,3,1,1,0
user_4559,698.84,debit_card,False,False,15,0,CA,groceries,0,3533,1,6.99,1,1,1,0
user_7858,957.85,debit_card,False,False,18,5,AU,gas,0,2375,3,19.16,2,3,1,0
user_5856,82.36,ach,False,True,13,2,US,gas,0,423,3,1.65,1,3,1,0
user_4986,213.42,ach,False,False,22,5,UK,retail,0,1968,3,1.42,2,3,1,0
user_7615,43.3,debit_card,False,False,19,5,CA,retail,0,2401,3,0.29,2,3,1,0
user_9180,9940.42,wire_transfer,True,True,23,0,UK,cryptocurrency,2,1021,18,9.94,7,18,1,1
user_6866,66.43,debit_card,False,False,18,1,UK,retail,0,2182,2,0.44,2,2,1,0
user_8430,336.39,debit_card,True,True,16,1,US,utilities,0,1310,3,4.2,1,3,1,0
user_8767,181.26,ach,False,False,22,1,CA,groceries,0,2492,3,1.81,2,3,1,0
user_6442,385.66,debit_card,False,False,21,0,CA,retail,0,1122,3,2.57,2,3,1,0
user_6253,197.74,debit_card,False,True,14,6,CA,groceries,0,2734,1,1.98,1,1,1,0
user_1894,98.81,debit_card,False,False,20,6,CA,groceries,0,2100,2,0.99,2,2,1,0
user_5927,135.19,debit_card,False,False,12,5,US,retail,0,2333,3,0.9,1,3,1,0
user_1781,801.25,debit_card,False,False,9,2,CA,groceries,0,275,3,8.01,3,3,1,0
user_5573,262.83,debit_card,False,False,18,4,AU,utilities,0,2813,1,3.29,2,1,1,0
user_6168,522.04,credit_card,True,False,16,1,US,restaurant,0,894,2,13.05,1,2,1,0
user_3639,74.73,ach,False,True,20,0,US,groceries,0,2374,1,0.75,2,1,1,0
user_4943,9887.5,cryptocurrency,True,True,23,0,CA,cryptocurrency,1,1566,11,9.89,7,11,1,1
user_9394,40.83,debit_card,False,True,17,5,AU,gas,0,484,1,0.82,1,1,1,0
user_6576,180.4,debit_card,False,False,18,2,UK,restaurant,0,2306,3,4.51,2,3,1,0
user_9226,1711.6,debit_card,False,False,21,1,CA,retail,0,522,1,11.41,2,1,1,0
user_3425,59.42,debit_card,False,False,12,3,US,retail,0,1979,3,0.4,1,3,1,0
user_1833,1697.19,ach,False,False,22,2,UK,gas,0,2039,2,33.94,2,2,1,0
user_3900,629.62,debit_card,False,True,19,5,AU,restaurant,0,2614,1,15.74,2,1,1,0
user_2746,131.09,credit_card,False,True,17,4,UK,gas,0,1100,3,2.62,1,3,1,0
user_9381,791.22,credit_card,False,False,11,4,UK,retail,0,496,3,5.27,1,3,1,0
user_1722,74.86,credit_card,True,False,15,2,CA,gas,0,2639,3,1.5,1,3,1,0
user_5256,351.76,credit_card,False,False,15,4,UK,groceries,0,1439,3,3.52,1,3,1,0
user_8529,189.63,debit_card,False,False,22,2,US,retail,0,3325,3,1.26,2,3,1,0
user_1188,34.76,credit_card,True,False,21,4,UK,utilities,0,3178,1,0.43,2,1,1,0
user_5093,68.43,debit_card,False,True,16,0,US,gas,0,3322,3,1.37,1,3,1,0
user_1781,360.76,debit_card,True,False,10,0,CA,gas,0,275,2,7.22,1,2,1,0
user_4519,193.5,debit_card,False,True,16,2,US,groceries,0,2394,1,1.94,1,1,1,0
user_9444,528.68,credit_card,False,False,19,6,AU,gas,0,1067,3,10.57,2,3,1,0
user_5093,62.76,credit_card,False,False,12,6,UK,utilities,0,406,3,0.78,1,3,1,0
user_5315,1431.71,debit_card,True,True,7,6,US,groceries,0,3595,3,14.32,3,3,1,0
user_4621,534.91,ach,False,False,15,3,UK,groceries,0,279,2,5.35,1,2,1,0
user_1104,766.44,debit_card,False,False,8,5,CA,groceries,0,308,1,7.66,3,1,1,0
user_3250,188.2,ach,False,True,13,4,AU,gas,0,2362,1,3.76,1,1,1,0
user_5193,154.49,debit_card,False,True,9,2,AU,retail,0,485,3,1.03,3,3,1,0
user_7371,119.45,debit_card,False,False,20,0,UK,retail,0,2868,3,0.8,2,3,1,0
user_8611,28.44,debit_card,False,False,20,3,CA,restaurant,0,3504,2,0.71,2,2,1,0
user_8909,55.82,credit_card,False,True,13,2,AU,gas,0,381,2,1.12,1,2,1,0
user_8478,175.85,ach,False,False,15,0,UK,restaurant,0,3123,2,4.4,1,2,1,0
user_1651,1966.3,debit_card,False,False,11,2,AU,gas,0,2722,3,39.33,1,3,1,0
user_2832,45.74,credit_card,False,False,19,2,CA,restaurant,0,2264,3,1.14,2,3,1,0
user_8895,127.92,debit_card,False,True,22,2,AU,restaurant,0,638,2,3.2,2,2,1,0
user_6770,147.06,debit_card,False,False,8,0,AU,utilities,0,783,2,1.84,3,2,1,0
user_7150,789.22,debit_card,False,False,10,4,AU,groceries,0,381,2,7.89,1,2,1,0
user_9808,203.01,ach,False,False,10,5,AU,gas,0,2346,1,4.06,1,1,1,0
user_9821,191.13,ach,False,False,13,6,UK,gas,0,1361,3,3.82,1,3,1,0
user_1305,351.17,ach,False,False,6,4,CA,utilities,0,1869,1,4.39,3,1,1,0
user_5476,9558.46,cryptocurrency,True,True,3,4,AU,wire_transfer,3,1668,20,19.12,10,20,1,1
user_1344,1763.86,ach,False,False,18,6,CA,restaurant,0,2440,2,44.1,2,2,1,0
user_6315,598.9,debit_card,False,False,11,2,UK,restaurant,0,1724,3,14.97,1,3,1,0
user_7565,728.9,debit_card,False,False,6,0,US,retail,0,651,3,4.86,3,3,1,0
user_9808,1925.68,debit_card,False,False,6,1,UK,groceries,0,372,2,19.26,3,2,1,0
user_5744,99.82,debit_card,False,False,21,4,AU,utilities,0,2560,1,1.25,2,1,1,0
user_8157,793.91,credit_card,False,False,22,2,UK,utilities,0,743,1,9.92,2,1,1,0
user_7179,677.66,ach,False,False,19,6,US,gas,0,3608,1,13.55,2,1,1,0
user_7594,289.57,debit_card,False,False,18,4,AU,restaurant,0,1823,3,7.24,2,3,1,0
user_6864,786.45,debit_card,False,False,19,2,AU,retail,0,3646,1,5.24,2,1,1,0
user_5803,1016.44,credit_card,False,False,16,3,CA,retail,0,2915,3,6.78,1,3,1,0
user_9727,188.42,debit_card,False,False,6,4,AU,utilities,0,2281,2,2.36,3,2,1,0
user_3165,953.73,credit_card,False,False,14,3,UK,groceries,0,3431,2,9.54,1,2,1,0
user_6568,1529.12,debit_card,True,True,13,5,US,gas,0,1188,3,30.58,1,3,1,0
user_6460,255.15,debit_card,False,False,21,5,US,groceries,0,3543,2,2.55,2,2,1,0
user_4150,4677.07,wire_transfer,True,True,5,4,NG,wire_transfer,5,951,11,9.35,10,11,1,1
user_9689,90.66,debit_card,False,False,19,3,AU,restaurant,0,3465,2,2.27,2,2,1,0
user_9759,781.27,debit_card,True,True,19,6,UK,retail,0,2107,2,5.21,2,2,1,0
user_7164,143.84,credit_card,False,False,8,6,CA,gas,0,2200,3,2.88,3,3,1,0
user_5744,1509.26,wire_transfer,True,True,3,0,RO,wire_transfer,4,2560,15,3.02,10,15,1,1
user_5825,182.32,credit_card,True,False,7,3,US,groceries,0,2905,3,1.82,3,3,1,0
user_8905,197.44,debit_card,False,False,16,0,US,restaurant,0,2468,1,4.94,1,1,1,0
user_5839,146.73,credit_card,True,True,19,1,US,retail,0,366,2,0.98,2,2,1,0
user_5278,315.0,credit_card,False,False,8,4,CA,utilities,0,2148,3,3.94,3,3,1,0
user_9787,99.83,debit_card,False,False,10,0,AU,utilities,0,983,1,1.25,1,1,1,0
user_3900,918.51,credit_card,False,False,18,1,AU,groceries,0,2614,1,9.19,2,1,1,0
user_9904,1706.58,credit_card,False,False,13,3,CA,utilities,0,1528,2,21.33,1,2,1,0
user_7108,76.05,ach,False,False,19,5,US,groceries,0,764,3,0.76,2,3,1,0
user_3340,91.27,ach,False,False,20,4,US,groceries,0,2529,3,0.91,2,3,1,0
user_7150,997.5,debit_card,False,True,9,2,AU,groceries,0,381,3,9.97,3,3,1,0
user_4918,159.09,debit_card,False,False,13,6,CA,utilities,0,1536,2,1.99,1,2,1,0
user_2102,88.93,ach,False,False,19,5,US,gas,0,1858,2,1.78,2,2,1,0
user_3664,131.35,debit_card,False,True,12,5,CA,restaurant,0,2775,1,3.28,1,1,1,0
user_1417,806.76,debit_card,False,True,16,0,UK,gas,0,1744,2,16.14,1,2,1,0
user_3096,124.44,credit_card,False,False,22,5,CA,gas,0,2814,1,2.49,2,1,1,0
user_8066,173.83,debit_card,False,False,21,0,AU,gas,0,673,1,3.48,2,1,1,0
user_9615,1113.59,credit_card,False,False,21,1,UK,gas,0,231,2,22.27,2,2,1,0
user_5334,1045.67,debit_card,False,False,19,6,CA,utilities,0,1771,2,13.07,2,2,1,0
user_8444,836.24,credit_card,False,False,22,2,AU,groceries,0,579,1,8.36,2,1,1,0
user_2809,61.76,debit_card,False,True,18,0,US,restaurant,0,209,3,1.54,2,3,1,0
user_9727,167.49,debit_card,False,True,8,3,AU,groceries,0,2281,3,1.67,3,3,1,0
user_4637,9892.86,wire_transfer,True,True,20,2,CA,wire_transfer,1,1855,20,19.79,2,20,1,1
user_9625,375.12,credit_card,False,False,14,1,UK,utilities,0,3286,3,4.69,1,3,1,0
user_8988,209.57,ach,False,False,22,1,CA,utilities,0,1313,3,2.62,2,3,1,0
user_2514,699.67,ach,False,False,21,5,CA,retail,0,241,1,4.66,2,1,1,0
user_5240,56.65,debit_card,False,False,8,4,US,retail,0,839,3,0.38,3,3,1,0
user_5067,183.92,credit_card,False,False,8,1,AU,groceries,0,2789,2,1.84,3,2,1,0
user_8598,58.37,debit_card,False,False,15,0,US,groceries,0,3578,1,0.58,1,1,1,0
user_7086,46.57,credit_card,False,False,18,6,CA,restaurant,0,1961,1,1.16,2,1,1,0
user_1919,94.39,ach,False,True,22,2,CA,gas,0,368,1,1.89,2,1,1,0
user_5097,629.57,ach,False,False,8,4,US,retail,0,3176,2,4.2,3,2,1,0
user_8978,1951.87,debit_card,False,False,8,4,CA,retail,0,2674,1,13.01,3,1,1,0
user_5256,234.73,ach,True,True,13,6,UK,utilities,0,1439,2,2.93,1,2,1,0
user_9381,876.16,credit_card,False,False,8,5,UK,utilities,0,496,3,10.95,3,3,1,0
user_8429,195.93,ach,False,True,21,5,AU,utilities,0,1901,2,2.45,2,2,1,0
user_6218,9508.28,cryptocurrency,True,True,4,6,UK,cryptocurrency,2,2461,10,9.51,10,10,1,1
user_6432,819.42,debit_card,False,False,9,0,US,retail,0,433,1,5.46,3,1,1,0
user_4910,264.7,credit_card,False,False,16,0,CA,groceries,0,2781,3,2.65,1,3,1,0
user_5703,80.73,debit_card,False,False,19,2,US,restaurant,0,2549,1,2.02,2,1,1,0
user_1674,70.52,credit_card,False,False,8,4,US,groceries,0,2657,1,0.71,3,1,1,0
user_3506,374.06,debit_card,False,False,9,4,UK,groceries,0,2552,2,3.74,3,2,1,0
user_4150,140.02,debit_card,False,False,16,6,UK,utilities,0,951,1,1.75,1,1,1,0
user_7224,148.2,debit_card,False,False,15,0,UK,retail,0,1793,1,0.99,1,1,1,0
user_6816,64.38,debit_card,False,False,22,0,US,utilities,0,2336,2,0.8,2,2,1,0
user_3526,138.04,debit_card,False,False,19,4,UK,utilities,0,3481,3,1.73,2,3,1,0
user_1117,35.65,credit_card,False,False,21,6,US,gas,0,967,1,0.71,2,1,1,0
user_5678,913.38,credit_card,False,False,6,2,US,gas,0,585,3,18.27,3,3,1,0
user_2234,159.12,debit_card,False,False,22,3,AU,restaurant,0,1930,1,3.98,2,1,1,0
user_9317,697.18,debit_card,False,False,10,6,CA,gas,0,1561,2,13.94,1,2,1,0
user_9393,2296.8,debit_card,True,True,2,5,PH,cash_withdrawal,8,2945,11,11.48,10,11,1,1
user_6500,949.57,ach,False,False,8,0,UK,retail,0,888,1,6.33,3,1,1,0
user_1984,109.6,debit_card,True,False,8,6,UK,utilities,0,247,1,1.37,3,1,1,0
user_4707,783.72,credit_card,False,False,7,6,AU,gas,0,1684,3,15.67,3,3,1,0
user_9317,848.2,debit_card,False,False,7,0,CA,retail,0,1561,3,5.65,3,3,1,0
user_1136,817.31,debit_card,False,True,16,6,UK,utilities,0,67,1,10.22,1,1,5,0
user_3588,658.17,debit_card,False,False,13,1,US,gas,0,1782,3,13.16,1,3,1,0
user_3101,99.76,debit_card,False,False,19,0,AU,restaurant,0,1989,3,2.49,2,3,1,0
user_6736,1516.84,credit_card,False,False,15,1,US,restaurant,0,3153,1,37.92,1,1,1,0
user_4012,988.72,credit_card,True,False,7,6,CA,groceries,0,1733,1,9.89,3,1,1,0
user_7144,160.95,credit_card,True,True,22,3,UK,utilities,0,1704,2,2.01,2,2,1,0
user_1502,46.61,debit_card,False,False,19,0,CA,utilities,0,1570,1,0.58,2,1,1,0
user_3876,504.31,credit_card,False,False,10,6,US,gas,0,260,3,10.09,1,3,1,0
user_9748,159.3,ach,False,False,15,0,UK,groceries,0,1057,2,1.59,1,2,1,0
user_3981,129.96,ach,False,False,16,5,US,restaurant,0,3435,3,3.25,1,3,1,0
user_4694,161.88,debit_card,False,False,21,4,UK,retail,0,3494,3,1.08,2,3,1,0
user_2380,160.57,ach,True,False,20,2,UK,retail,0,3220,3,1.07,2,3,1,0
user_1305,314.68,ach,True,False,10,5,CA,retail,0,1869,1,2.1,1,1,1,0
user_7367,1646.82,ach,False,True,14,5,US,retail,0,1455,3,10.98,1,3,1,0
user_9226,1080.08,ach,False,False,18,6,CA,restaurant,0,522,1,27.0,2,1,1,0
user_3317,189.43,debit_card,False,True,13,5,AU,retail,0,558,3,1.26,1,3,1,0
user_7018,1634.81,credit_card,False,False,17,2,US,retail,0,3008,1,10.9,1,1,1,0
user_8511,321.85,wire_transfer,True,True,0,2,BR,electronics,3,2100,19,0.64,10,19,1,1
user_9488,89.81,debit_card,True,False,16,4,CA,utilities,0,693,1,1.12,1,1,1,0
user_4871,58.46,credit_card,True,True,18,4,US,gas,0,1936,2,1.17,2,2,1,0
user_3815,30652.21,wire_transfer,True,True,0,3,RU,wire_transfer,5,390,13,61.3,10,13,1,1
user_9553,289.36,debit_card,False,False,16,1,US,utilities,0,2887,2,3.62,1,2,1,0
user_9180,73.57,debit_card,False,True,20,6,UK,retail,0,1021,1,0.49,2,1,1,0
user_9751,155.98,debit_card,False,False,17,3,US,gas,0,253,3,3.12,1,3,1,0
user_7510,35195.91,wire_transfer,True,True,3,0,RU,wire_transfer,5,2158,8,70.39,10,8,1,1
user_8752,850.8,debit_card,False,False,11,6,US,utilities,0,3187,1,10.63,1,1,1,0
user_5414,555.01,credit_card,False,False,20,1,US,utilities,0,799,2,6.94,2,2,1,0
user_9954,140.96,debit_card,False,False,11,6,US,restaurant,0,1709,3,3.52,1,3,1,0
user_9553,307.72,credit_card,False,False,12,6,US,retail,0,2887,3,2.05,1,3,1,0
user_9591,50.13,debit_card,False,False,13,3,CA,gas,0,1368,3,1.0,1,3,1,0
user_2889,151.97,credit_card,False,True,21,1,US,gas,0,210,3,3.04,2,3,1,0
user_3785,132.75,credit_card,False,True,8,4,AU,groceries,0,2568,2,1.33,3,2,1,0
user_2294,154.6,debit_card,False,False,14,4,AU,utilities,0,2344,1,1.93,1,1,1,0
user_8301,163.36,credit_card,True,False,21,2,CA,retail,0,193,3,1.09,2,3,1,0
user_8277,9616.94,cryptocurrency,True,True,8,1,AU,wire_transfer,3,988,17,19.23,3,17,1,1
user_3519,1642.43,wire_transfer,True,True,4,6,RO,wire_transfer,4,185,10,3.28,10,10,1,1
user_7917,174.81,credit_card,False,False,18,4,UK,restaurant,0,1196,2,4.37,2,2,1,0
user_2040,624.18,ach,False,False,14,0,AU,restaurant,0,2197,3,15.6,1,3,1,0
user_5254,81.26,debit_card,False,False,19,0,UK,restaurant,0,1001,1,2.03,2,1,1,0
user_2638,74.1,debit_card,False,False,20,0,CA,retail,0,2102,2,0.49,2,2,1,0
user_6544,32.63,ach,False,False,9,4,UK,utilities,0,2670,2,0.41,3,2,1,0
user_8260,35237.67,wire_transfer,True,True,0,1,RO,wire_transfer,4,2701,6,70.48,10,6,1,1
user_5380,1735.97,credit_card,True,False,22,2,US,retail,0,585,2,11.57,2,2,1,0
user_4255,392.88,ach,False,False,10,0,CA,restaurant,0,492,2,9.82,1,2,1,0
user_6188,149.45,ach,True,False,7,5,US,retail,0,51,2,1.0,3,2,5,0
user_7950,81.9,debit_card,False,False,9,0,AU,restaurant,0,2678,3,2.05,3,3,1,0
user_4150,156.31,debit_card,False,False,13,1,UK,gas,0,951,3,3.13,1,3,1,0
user_4912,507.42,credit_card,False,False,17,4,CA,gas,0,3536,3,10.15,1,3,1,0
user_5278,259.27,debit_card,False,False,8,3,CA,utilities,0,2148,2,3.24,3,2,1,0
user_4707,743.64,debit_card,False,True,8,6,AU,utilities,0,1684,1,9.3,3,1,1,0
user_5333,50.85,debit_card,False,False,11,1,CA,utilities,0,1145,1,0.64,1,1,1,0
user_4616,1681.4,ach,False,False,20,3,US,retail,0,83,2,11.21,2,2,5,0
user_2102,84.15,credit_card,False,True,20,1,US,groceries,0,1858,3,0.84,2,3,1,0
user_4734,168.68,debit_card,False,False,17,1,AU,groceries,0,3200,1,1.69,1,1,1,0
user_3389,975.74,debit_card,False,False,7,2,CA,retail,0,847,1,6.5,3,1,1,0
user_8368,215.61,credit_card,False,False,12,1,US,retail,0,1828,3,1.44,1,3,1,0
user_2274,155.32,ach,True,False,15,0,UK,restaurant,0,717,2,3.88,1,2,1,0
user_6143,59.33,ach,False,False,22,4,UK,retail,0,2107,1,0.4,2,1,1,0
user_2916,170.17,debit_card,False,True,14,2,CA,utilities,0,2122,1,2.13,1,1,1,0
user_5341,58.48,ach,False,False,9,6,CA,groceries,0,3337,3,0.58,3,3,1,0
user_6374,1567.77,credit_card,True,True,10,0,US,groceries,0,2632,2,15.68,1,2,1,0
user_5090,173.54,debit_card,False,False,20,6,UK,utilities,0,3423,1,2.17,2,1,1,0
user_3451,168.27,debit_card,False,True,18,3,US,gas,0,462,2,3.37,2,2,1,0
user_4706,133.37,debit_card,False,False,21,2,US,gas,0,649,3,2.67,2,3,1,0
user_9856,199.5,credit_card,True,False,13,5,CA,utilities,0,3267,1,2.49,1,1,1,0
user_7147,201.44,debit_card,False,False,22,6,US,retail,0,2462,3,1.34,2,3,1,0
user_6400,47.93,credit_card,False,False,15,1,UK,groceries,0,3608,1,0.48,1,1,1,0
user_3399,145.35,ach,True,False,7,0,CA,groceries,0,2497,1,1.45,3,1,1,0
user_8685,704.25,debit_card,False,True,19,6,US,gas,0,354,3,14.09,2,3,1,0
user_1089,39.24,debit_card,False,True,21,3,US,retail,0,2158,1,0.26,2,1,1,0
user_8765,137.35,credit_card,False,False,21,3,CA,retail,0,588,3,0.92,2,3,1,0
user_6210,299.76,ach,False,True,21,6,US,restaurant,0,2911,1,7.49,2,1,1,0
user_7224,363.5,debit_card,False,False,14,2,UK,groceries,0,1793,2,3.63,1,2,1,0
user_1975,65.83,debit_card,False,False,7,5,CA,retail,0,3201,3,0.44,3,3,1,0
user_3588,267.7,credit_card,False,False,15,0,US,groceries,0,1782,1,2.68,1,1,1,0
user_8368,262.98,credit_card,False,True,16,6,US,retail,0,1828,1,1.75,1,1,1,0
user_7631,1558.4,wire_transfer,True,True,0,0,RO,wire_transfer,5,1437,14,3.12,10,14,1,1
user_1117,44.27,ach,False,False,18,1,US,retail,0,967,1,0.3,2,1,1,0
user_8269,172.57,ach,False,True,20,0,UK,groceries,0,148,1,1.73,2,1,5,0
user_1128,1372.81,credit_card,False,False,14,4,US,restaurant,0,3626,2,34.32,1,2,1,0
user_2571,79.13,ach,False,True,13,4,AU,gas,0,659,1,1.58,1,1,1,0
user_7325,2267.38,wire_transfer,True,True,2,2,NG,wire_transfer,3,547,12,4.53,10,12,1,1
user_7858,1634.88,debit_card,False,False,21,1,AU,retail,0,2375,2,10.9,2,2,1,0
user_6714,1968.02,ach,False,False,21,4,UK,retail,0,1208,3,13.12,2,3,1,0
user_8633,887.18,debit_card,False,False,11,4,CA,utilities,0,3441,1,11.09,1,1,1,0
user_2102,82.99,ach,False,False,21,3,US,gas,0,1858,1,1.66,2,1,1,0
user_5216,377.63,credit_card,False,False,22,1,AU,restaurant,0,1917,2,9.44,2,2,1,0
user_8149,1534.96,credit_card,False,False,21,4,US,restaurant,0,1607,3,38.37,2,3,1,0
user_8967,154.16,debit_card,False,False,7,4,CA,restaurant,0,664,1,3.85,3,1,1,0
user_3525,948.4,debit_card,False,False,17,1,UK,gas,0,1708,3,18.97,1,3,1,0
user_4879,245.95,ach,False,False,14,6,UK,gas,0,3310,2,4.92,1,2,1,0
user_5349,68.26,ach,False,False,6,6,AU,groceries,0,1445,2,0.68,3,2,1,0
user_7950,97.11,ach,False,False,11,0,AU,groceries,0,2678,2,0.97,1,2,1,0
user_1713,759.28,debit_card,False,False,15,4,UK,groceries,0,3091,1,7.59,1,1,1,0
user_4517,62.35,debit_card,False,False,16,6,UK,retail,0,1856,1,0.42,1,1,1,0
user_7878,7955.83,wire_transfer,True,True,0,4,CN,wire_transfer,3,2944,15,15.91,10,15,1,1
user_8889,729.05,credit_card,False,True,13,4,CA,groceries,0,2449,1,7.29,1,1,1,0
user_9159,1843.62,debit_card,False,True,14,3,UK,groceries,0,2008,3,18.44,1,3,1,0
user_4963,334.65,debit_card,True,True,16,2,AU,retail,0,757,3,2.23,1,3,1,0
user_5853,90.58,ach,True,False,14,6,CA,utilities,0,1268,3,1.13,1,3,1,0
user_7229,1382.79,ach,False,True,21,4,CA,restaurant,0,2079,3,34.57,2,3,1,0
user_2218,324.55,debit_card,False,False,21,1,US,restaurant,0,764,3,8.11,2,3,1,0
user_2130,777.99,credit_card,True,True,8,6,UK,gas,0,1704,2,15.56,3,2,1,0
user_3159,74.46,debit_card,False,False,12,2,CA,groceries,0,2441,3,0.74,1,3,1,0
user_1251,109.74,debit_card,False,False,14,0,CA,groceries,0,336,1,1.1,1,1,1,0
user_1370,317.92,debit_card,True,False,19,2,US,retail,0,2803,3,2.12,2,3,1,0
user_7825,137.09,credit_card,False,False,21,1,US,groceries,0,2174,2,1.37,2,2,1,0
user_9535,875.16,debit_card,False,False,12,6,CA,utilities,0,783,3,10.94,1,3,1,0
user_4971,196.25,credit_card,False,False,14,6,UK,utilities,0,3374,1,2.45,1,1,1,0
user_8273,40.42,credit_card,False,True,18,3,CA,utilities,0,2198,2,0.51,2,2,1,0
user_7948,1506.82,debit_card,False,False,16,2,CA,retail,0,1043,2,10.05,1,2,1,0
user_1742,51.89,credit_card,False,False,9,0,UK,retail,0,3323,2,0.35,3,2,1,0
user_4584,66.84,debit_card,False,False,20,0,AU,groceries,0,32,2,0.67,2,2,5,0
user_1396,305.41,credit_card,False,False,8,5,UK,gas,0,2554,1,6.11,3,1,1,0
user_9762,74.66,ach,False,False,20,3,US,restaurant,0,3126,3,1.87,2,3,1,0
user_4519,125.58,debit_card,False,True,15,0,US,groceries,0,2394,2,1.26,1,2,1,0
user_7150,875.5,debit_card,False,True,7,0,AU,utilities,0,381,2,10.94,3,2,1,0
user_7563,6376.84,wire_transfer,True,True,4,1,RU,wire_transfer,2,2415,8,12.75,10,8,1,1
user_5658,861.84,credit_card,False,False,17,6,AU,gas,0,1425,1,17.24,1,1,1,0
user_7858,1103.51,debit_card,True,False,22,2,AU,groceries,0,2375,3,11.04,2,3,1,0
user_7429,42.03,ach,False,False,21,1,AU,retail,0,773,1,0.28,2,1,1,0
user_3506,834.61,debit_card,False,False,8,3,UK,gas,0,2552,1,16.69,3,1,1,0
user_6759,655.89,debit_card,False,False,11,0,UK,gas,0,2548,3,13.12,1,3,1,0
user_9004,1362.78,credit_card,False,False,11,4,AU,retail,0,2675,2,9.09,1,2,1,0
user_4560,140.65,ach,False,False,10,4,UK,gas,0,2842,1,2.81,1,1,1,0
user_6437,248.4,debit_card,False,False,16,6,UK,utilities,0,924,1,3.1,1,1,1,0
user_7363,275.43,debit_card,False,False,6,3,CA,utilities,0,998,3,3.44,3,3,1,0
user_5803,654.0,ach,False,False,15,4,CA,restaurant,0,2915,1,16.35,1,1,1,0
user_4150,129.22,ach,False,False,13,2,UK,groceries,0,951,3,1.29,1,3,1,0
user_2245,501.65,debit_card,False,False,6,2,AU,groceries,0,1315,2,5.02,3,2,1,0
user_8863,6027.51,debit_card,True,True,0,3,VN,electronics,4,3203,24,12.06,10,20,1,1
user_5828,908.88,debit_card,False,False,18,6,AU,utilities,0,807,2,11.36,2,2,1,0
user_9531,689.85,debit_card,False,False,19,1,CA,groceries,0,1739,2,6.9,2,2,1,0
user_7401,1748.28,credit_card,False,False,18,5,US,utilities,0,1300,3,21.85,2,3,1,0
user_6573,1617.97,debit_card,False,False,8,0,UK,groceries,0,3558,2,16.18,3,2,1,0
user_1082,1874.5,debit_card,False,False,22,2,AU,retail,0,2230,2,12.5,2,2,1,0
user_1781,567.87,credit_card,False,False,9,5,CA,gas,0,275,2,11.36,3,2,1,0
user_1760,93.49,debit_card,False,False,20,4,UK,retail,0,452,1,0.62,2,1,1,0
user_8501,1587.18,debit_card,False,False,9,1,UK,groceries,0,2546,3,15.87,3,3,1,0
user_5106,117.83,debit_card,False,False,22,3,US,retail,0,2600,1,0.79,2,1,1,0
user_1857,294.66,debit_card,False,False,9,5,UK,retail,0,417,2,1.96,3,2,1,0
user_6759,722.19,ach,False,True,14,1,CA,groceries,0,1044,2,7.22,1,2,1,0
user_9941,364.92,debit_card,False,False,20,3,CA,retail,0,1250,3,2.43,2,3,1,0
user_9165,239.23,ach,False,False,22,4,UK,groceries,0,1731,2,2.39,2,2,1,0
user_4598,112.31,ach,False,False,6,1,CA,groceries,0,3396,3,1.12,3,3,1,0
user_9307,594.03,ach,False,False,17,5,US,restaurant,0,1872,1,14.85,1,1,1,0
user_5438,398.28,debit_card,False,False,12,5,CA,restaurant,0,524,3,9.96,1,3,1,0
user_5333,80.26,ach,False,False,10,1,CA,retail,0,1145,1,0.54,1,1,1,0
user_3110,66.8,ach,True,False,17,0,US,restaurant,0,204,3,1.67,1,3,1,0
user_4571,513.18,debit_card,False,False,19,0,UK,gas,0,3171,2,10.26,2,2,1,0
user_9748,258.06,credit_card,False,False,15,2,UK,groceries,0,1057,1,2.58,1,1,1,0
user_9022,93.99,ach,False,True,14,0,AU,restaurant,0,1443,1,2.35,1,1,1,0
user_3079,353.42,debit_card,False,False,21,4,US,gas,0,3189,3,7.07,2,3,1,0
user_2889,98.9,ach,False,False,21,4,US,gas,0,210,2,1.98,2,2,1,0
user_6692,76.04,debit_card,False,False,20,2,UK,utilities,0,1258,3,0.95,2,3,1,0
user_4571,500.99,debit_card,False,False,19,2,UK,retail,0,3171,2,3.34,2,2,1,0
user_9022,390.19,debit_card,True,False,6,5,CA,retail,0,1318,1,2.6,3,1,1,0
user_8489,56.89,ach,False,True,7,6,AU,restaurant,0,2474,2,1.42,3,2,1,0
user_4619,1607.38,credit_card,False,True,8,3,AU,restaurant,0,606,2,40.18,3,2,1,0
user_3209,45.91,credit_card,False,False,21,0,AU,groceries,0,181,3,0.46,2,3,1,0
user_1305,203.62,credit_card,False,False,6,5,CA,retail,0,1869,1,1.36,3,1,1,0
user_9798,958.07,credit_card,False,False,7,0,UK,restaurant,0,936,2,23.95,3,2,1,0
user_2838,38.41,credit_card,True,False,20,4,CA,utilities,0,2375,3,0.48,2,3,1,0
user_4878,78.34,credit_card,False,False,8,2,AU,groceries,0,131,2,0.78,3,2,5,0
user_1514,311.64,ach,False,False,9,0,CA,gas,0,1170,3,6.23,3,3,1,0
user_5930,581.01,debit_card,False,False,22,5,US,retail,0,1274,3,3.87,2,3,1,0
user_9709,32.68,debit_card,False,False,7,2,CA,restaurant,0,2080,2,0.82,3,2,1,0
user_8277,1348.45,ach,False,False,16,3,AU,groceries,0,988,2,13.48,1,2,1,0
user_2276,178.9,debit_card,False,True,19,2,US,gas,0,444,1,3.58,2,1,1,0
user_1752,676.28,debit_card,True,True,0,6,ID,jewelry,6,96,25,0.68,10,20,5,1
user_2655,154.7,debit_card,False,True,15,3,UK,retail,0,588,2,1.03,1,2,1,0
user_6568,670.42,debit_card,False,False,16,4,US,groceries,0,1188,2,6.7,1,2,1,0
user_3473,942.69,ach,False,False,7,3,AU,retail,0,1841,2,6.28,3,2,1,0
user_8957,19176.66,wire_transfer,True,True,1,4,RU,wire_transfer,5,1148,15,38.35,10,15,1,1
user_2752,390.42,ach,False,False,21,5,CA,gas,0,798,2,7.81,2,2,1,0
user_7408,908.12,debit_card,True,False,20,3,CA,gas,0,1442,2,18.16,2,2,1,0
user_3286,99.04,credit_card,False,False,20,3,US,restaurant,0,2448,2,2.48,2,2,1,0
user_1305,229.4,debit_card,False,False,6,0,CA,utilities,0,1869,2,2.87,3,2,1,0
user_4089,686.45,debit_card,False,False,21,0,AU,groceries,0,1646,3,6.86,2,3,1,0
user_9307,763.88,debit_card,False,True,15,1,US,retail,0,1872,3,5.09,1,3,1,0
user_9625,374.33,debit_card,True,False,14,2,UK,restaurant,0,3286,2,9.36,1,2,1,0
user_2463,187.68,debit_card,False,False,15,5,CA,retail,0,3078,2,1.25,1,2,1,0
user_1745,57.39,debit_card,False,False,17,4,US,gas,0,1217,1,1.15,1,1,1,0
user_5930,336.95,debit_card,False,False,19,4,US,groceries,0,1274,3,3.37,2,3,1,0
user_9727,127.05,ach,False,True,10,4,AU,groceries,0,2281,2,1.27,1,2,1,0
user_2166,338.24,debit_card,True,False,7,4,US,groceries,0,3583,1,3.38,3,1,1,0
user_4974,880.76,ach,False,True,16,3,AU,restaurant,0,3194,1,22.02,1,1,1,0
user_5661,594.26,credit_card,False,False,22,4,UK,retail,0,1453,1,3.96,2,1,1,0
user_5885,354.21,debit_card,False,False,17,2,UK,restaurant,0,1806,3,8.86,1,3,1,0
user_2655,319.66,debit_card,False,False,15,4,UK,gas,0,588,3,6.39,1,3,1,0
user_5744,90.49,debit_card,False,False,20,1,AU,restaurant,0,2560,3,2.26,2,3,1,0
user_2739,185.62,debit_card,False,True,7,3,AU,gas,0,531,3,3.71,3,3,1,0
user_8527,769.12,credit_card,False,False,6,6,AU,retail,0,352,3,5.13,3,3,1,0
user_3250,61.8,credit_card,False,True,13,6,AU,utilities,0,2362,1,0.77,1,1,1,0
user_5355,1204.79,ach,True,True,6,0,US,gas,0,3447,3,24.1,3,3,1,0
user_4971,273.19,credit_card,False,False,14,4,UK,utilities,0,3374,2,3.41,1,2,1,0
user_4918,193.01,debit_card,False,False,14,5,CA,groceries,0,1536,1,1.93,1,1,1,0
user_9269,88.38,ach,False,True,11,2,AU,retail,0,1216,1,0.59,1,1,1,0
user_5210,474.15,ach,True,False,12,5,UK,gas,0,3324,1,9.48,1,1,1,0
user_6061,554.36,ach,False,False,6,2,UK,restaurant,0,3029,1,13.86,3,1,1,0
user_8478,109.3,credit_card,False,False,13,4,UK,restaurant,0,3123,3,2.73,1,3,1,0
user_4893,316.09,credit_card,False,False,7,3,US,utilities,0,1006,3,3.95,3,3,1,0
user_2956,46.05,debit_card,False,False,22,5,CA,retail,0,2903,1,0.31,2,1,1,0
user_7165,59.77,credit_card,False,False,20,5,AU,gas,0,1475,3,1.2,2,3,1,0
user_2943,58.31,debit_card,False,False,20,2,AU,utilities,0,2196,2,0.73,2,2,1,0
user_9864,60.51,debit_card,False,False,18,5,US,gas,0,991,3,1.21,2,3,1,0
user_6850,64.24,credit_card,False,False,16,2,CA,gas,0,3032,1,1.28,1,1,1,0
user_8598,168.47,debit_card,True,False,8,0,UK,restaurant,0,1757,3,4.21,3,3,1,0
user_7723,615.56,debit_card,False,False,20,0,AU,utilities,0,3605,3,7.69,2,3,1,0
user_7126,59.51,debit_card,False,False,18,5,CA,retail,0,298,2,0.4,2,2,1,0
user_2767,90.34,debit_card,False,False,13,6,AU,groceries,0,976,3,0.9,1,3,1,0
user_8286,9971.07,wire_transfer,True,True,13,5,US,cryptocurrency,1,572,11,9.97,1,11,1,1
user_4143,800.91,debit_card,False,False,18,2,AU,utilities,0,2804,1,10.01,2,1,1,0
user_1815,663.68,debit_card,True,True,1,2,ID,electronics,4,2741,19,1.33,10,19,1,1
user_9922,170.25,ach,False,False,22,0,CA,utilities,0,1118,1,2.13,2,1,1,0
user_5497,33.45,debit_card,False,False,19,2,US,gas,0,2513,3,0.67,2,3,1,0
user_1852,136.05,debit_card,False,False,17,1,US,restaurant,0,3324,2,3.4,1,2,1,0
user_5315,524.33,debit_card,False,False,8,0,US,restaurant,0,3595,2,13.11,3,2,1,0
user_5438,305.29,ach,False,True,13,0,CA,groceries,0,524,3,3.05,1,3,1,0
user_1089,85.76,debit_card,False,True,22,1,US,utilities,0,2158,1,1.07,2,1,1,0
user_8113,113.54,debit_card,False,False,11,1,CA,groceries,0,3283,1,1.14,1,1,1,0
user_4974,730.81,ach,False,True,13,5,AU,groceries,0,3194,2,7.31,1,2,1,0
user_8933,359.06,credit_card,False,False,21,2,UK,utilities,0,441,1,4.49,2,1,1,0
user_6437,359.1,debit_card,False,False,13,0,UK,gas,0,924,1,7.18,1,1,1,0
user_6315,782.08,credit_card,False,False,8,4,UK,groceries,0,1724,2,7.82,3,2,1,0
user_2696,777.94,ach,False,False,18,2,UK,retail,0,2094,3,5.19,2,3,1,0
user_2389,204.55,credit_card,True,False,18,1,UK,utilities,0,412,2,2.56,2,2,1,0
user_2612,29.19,credit_card,False,False,13,4,UK,retail,0,3309,1,0.19,1,1,1,0
user_3209,38.0,ach,False,False,19,1,AU,groceries,0,181,3,0.38,2,3,1,0
user_8145,237.54,ach,False,False,14,0,CA,restaurant,0,2813,1,5.94,1,1,1,0
user_9814,1719.5,debit_card,False,False,11,1,US,groceries,0,893,3,17.2,1,3,1,0
user_9307,476.67,credit_card,False,False,13,0,US,retail,0,1872,2,3.18,1,2,1,0
user_9984,247.18,credit_card,False,False,17,5,UK,retail,0,1888,2,1.65,1,2,1,0
user_9762,25.86,debit_card,True,True,18,5,US,utilities,0,3126,1,0.32,2,1,1,0
user_2809,80.58,debit_card,False,False,18,2,US,restaurant,0,209,2,2.01,2,2,1,0
user_9584,49.03,ach,True,False,10,1,UK,groceries,0,2561,2,0.49,1,2,1,0
user_1854,769.88,debit_card,False,False,12,2,US,gas,0,2943,2,15.4,1,2,1,0
user_7223,764.65,ach,False,False,7,6,AU,retail,0,2285,1,5.1,3,1,1,0
user_8303,46.11,ach,False,False,12,4,AU,utilities,0,1934,1,0.58,1,1,1,0
user_4089,798.03,debit_card,False,False,20,3,AU,gas,0,1646,1,15.96,2,1,1,0
user_5315,1293.77,ach,True,True,11,5,US,retail,0,3595,1,8.63,1,1,1,0
user_3684,543.34,ach,False,False,12,4,UK,groceries,0,713,3,5.43,1,3,1,0
user_4727,551.84,credit_card,True,False,10,1,AU,utilities,0,3382,3,6.9,1,3,1,0
user_2617,77.26,debit_card,False,False,22,5,AU,utilities,0,2724,2,0.97,2,2,1,0
user_1100,89.77,credit_card,False,False,10,5,AU,restaurant,0,315,2,2.24,1,2,1,0
user_7445,126.03,debit_card,True,True,9,4,UK,groceries,0,2832,2,1.26,3,2,1,0
user_7965,95.75,ach,False,False,20,0,CA,utilities,0,1249,1,1.2,2,1,1,0
user_3079,379.4,debit_card,False,False,18,0,US,retail,0,3189,2,2.53,2,2,1,0
user_6437,134.9,debit_card,False,False,14,2,UK,utilities,0,924,1,1.69,1,1,1,0
user_5480,150.96,ach,False,False,22,6,CA,utilities,0,1572,1,1.89,2,1,1,0
user_9022,316.23,ach,False,False,8,0,CA,gas,0,1318,2,6.32,3,2,1,0
user_8765,90.85,debit_card,False,False,19,1,CA,utilities,0,588,2,1.14,2,2,1,0
user_1527,283.17,ach,True,False,22,1,US,groceries,0,1015,3,2.83,2,3,1,0
user_6671,75.64,ach,False,False,12,4,CA,utilities,0,3614,3,0.95,1,3,1,0
user_2734,155.99,ach,False,False,16,3,AU,groceries,0,2176,2,1.56,1,2,1,0
user_2696,735.52,debit_card,False,True,19,4,UK,gas,0,2094,1,14.71,2,1,1,0
user_6053,259.47,debit_card,False,True,13,2,AU,retail,0,1938,2,1.73,1,2,1,0
user_3159,72.49,ach,False,False,13,0,CA,restaurant,0,2441,1,1.81,1,1,1,0
user_3519,43.08,debit_card,False,False,15,1,UK,utilities,0,185,2,0.54,1,2,1,0
user_8066,160.61,credit_card,False,False,18,1,AU,gas,0,673,2,3.21,2,2,1,0
user_3390,39.3,ach,False,False,8,2,AU,groceries,0,1160,1,0.39,3,1,1,0
user_8491,322.15,ach,False,False,10,4,US,retail,0,1907,3,2.15,1,3,1,0
user_9535,603.12,ach,False,False,16,5,CA,restaurant,0,783,3,15.08,1,3,1,0
user_7895,134.26,debit_card,False,False,21,5,CA,retail,0,3154,3,0.9,2,3,1,0
user_5006,82.78,credit_card,False,False,14,4,UK,restaurant,0,1598,1,2.07,1,1,1,0
user_8493,1268.11,debit_card,False,True,18,0,CA,retail,0,2073,1,8.45,2,1,1,0
user_2389,324.07,debit_card,False,False,19,1,UK,gas,0,412,2,6.48,2,2,1,0
user_8432,270.7,ach,False,False,10,2,UK,restaurant,0,1306,2,6.77,1,2,1,0
user_6690,680.28,debit_card,False,False,18,4,CA,groceries,0,117,2,6.8,2,2,5,0
user_6600,190.36,credit_card,False,False,16,1,CA,utilities,0,3028,2,2.38,1,2,1,0
user_2245,1954.75,debit_card,False,False,10,5,AU,restaurant,0,1315,1,48.87,1,1,1,0
user_6771,861.16,credit_card,False,True,17,0,AU,retail,0,2791,2,5.74,1,2,1,0
user_1519,239.01,debit_card,False,False,9,4,CA,retail,0,259,2,1.59,3,2,1,0
user_5471,319.23,ach,False,True,14,4,US,groceries,0,1622,1,3.19,1,1,1,0
user_6345,277.47,debit_card,False,False,14,2,UK,utilities,0,986,1,3.47,1,1,1,0
user_1130,170.27,debit_card,False,False,11,6,UK,gas,0,2339,2,3.41,1,2,1,0
user_4629,1939.43,credit_card,False,True,11,3,UK,retail,0,1906,2,12.93,1,2,1,0
user_9814,157.87,ach,True,False,10,3,UK,utilities,0,2277,3,1.97,1,3,1,0
user_6364,515.26,debit_card,False,False,21,4,UK,restaurant,0,807,1,12.88,2,1,1,0
user_8066,128.82,debit_card,False,False,21,4,AU,retail,0,673,2,0.86,2,2,1,0
user_7581,84.15,debit_card,False,False,17,1,UK,retail,0,2858,2,0.56,1,2,1,0
user_8094,378.64,ach,False,False,8,3,AU,gas,0,2787,2,7.57,3,2,1,0
user_9537,260.86,credit_card,False,False,14,2,AU,restaurant,0,429,3,6.52,1,3,1,0
user_2514,831.01,credit_card,False,False,18,1,CA,groceries,0,241,1,8.31,2,1,1,0
user_8199,734.06,debit_card,False,False,21,3,CA,gas,0,1520,1,14.68,2,1,1,0
user_1941,51.25,debit_card,False,False,22,6,AU,groceries,0,1828,3,0.51,2,3,1,0
user_6568,1324.41,credit_card,False,False,12,1,US,utilities,0,1188,1,16.56,1,1,1,0
user_4629,1034.11,credit_card,False,False,7,0,UK,retail,0,1906,2,6.89,3,2,1,0
user_4920,76.66,debit_card,False,True,13,3,US,restaurant,0,2292,2,1.92,1,2,1,0
user_7349,131.85,debit_card,False,False,14,2,AU,groceries,0,1543,3,1.32,1,3,1,0
user_9762,56.15,credit_card,False,False,20,5,US,groceries,0,3126,1,0.56,2,1,1,0
user_7936,85.47,ach,True,False,18,3,AU,utilities,0,857,2,1.07,2,2,1,0
user_8863,957.14,debit_card,False,False,14,0,UK,retail,0,3203,1,6.38,1,1,1,0
user_3170,158.19,debit_card,False,True,10,0,CA,groceries,0,1543,1,1.58,1,1,1,0
user_9148,42.37,debit_card,False,False,6,4,AU,utilities,0,1718,1,0.53,3,1,1,0
user_6980,63.77,debit_card,False,False,18,5,CA,groceries,0,2455,3,0.64,2,3,1,0
user_1120,1695.95,ach,True,False,19,2,UK,gas,0,2329,3,33.92,2,3,1,0
user_9954,149.71,debit_card,False,False,6,6,US,retail,0,1709,2,1.0,3,2,1,0
user_6615,963.04,credit_card,False,True,15,4,CA,retail,0,705,2,6.42,1,2,1,0
user_9263,915.72,credit_card,False,False,7,1,US,gas,0,756,1,18.31,3,1,1,0
user_9266,172.44,credit_card,False,False,10,2,CA,retail,0,2928,1,1.15,1,1,1,0
user_5088,1987.86,wire_transfer,True,True,4,1,RO,wire_transfer,2,2572,7,3.98,10,7,1,1
user_8025,109.44,credit_card,False,True,22,3,US,restaurant,0,2527,3,2.74,2,3,1,0
user_2260,140.53,credit_card,False,False,9,2,CA,groceries,0,2351,1,1.41,3,1,1,0
user_1807,797.19,credit_card,False,False,15,3,UK,retail,0,112,2,5.31,1,2,5,0
user_5107,9733.62,wire_transfer,True,True,8,5,AU,wire_transfer,3,1385,11,19.47,3,11,1,1
user_1527,263.66,ach,False,False,20,5,US,retail,0,1015,2,1.76,2,2,1,0
user_2617,65.91,credit_card,False,False,19,6,AU,retail,0,2724,3,0.44,2,3,1,0
user_8406,139.47,debit_card,False,False,21,3,AU,retail,0,389,1,0.93,2,1,1,0
user_7150,622.63,ach,False,False,10,1,AU,utilities,0,381,3,7.78,1,3,1,0
user_5799,929.07,debit_card,False,False,9,0,US,gas,0,2275,1,18.58,3,1,1,0
user_3931,1347.27,debit_card,False,False,18,1,AU,groceries,0,3086,2,13.47,2,2,1,0
user_9444,592.95,debit_card,False,True,22,3,AU,gas,0,1067,3,11.86,2,3,1,0
user_4082,778.31,debit_card,False,False,19,4,CA,retail,0,1993,3,5.19,2,3,1,0
user_7745,900.91,ach,False,False,20,2,AU,gas,0,3552,2,18.02,2,2,1,0
user_7950,25.69,credit_card,False,True,7,4,AU,retail,0,2678,1,0.17,3,1,1,0
user_9535,460.79,debit_card,False,False,17,5,CA,gas,0,783,1,9.22,1,1,1,0
user_9709,97.31,debit_card,False,False,11,5,CA,groceries,0,2080,3,0.97,1,3,1,0
user_7950,88.98,debit_card,False,False,10,0,AU,groceries,0,2678,1,0.89,1,1,1,0
user_1742,63.8,debit_card,False,False,9,1,UK,utilities,0,3323,1,0.8,3,1,1,0
user_4963,137.7,ach,False,True,12,1,AU,retail,0,757,3,0.92,1,3,1,0
user_9796,758.55,debit_card,True,True,5,4,PH,jewelry,3,837,15,0.76,10,15,1,1
user_5442,9528.74,wire_transfer,True,True,22,6,UK,wire_transfer,3,592,17,19.06,2,17,1,1
user_3381,96.8,ach,True,False,19,2,US,utilities,0,848,3,1.21,2,3,1,0
user_8048,94.23,ach,False,False,18,0,US,restaurant,0,3523,1,2.36,2,1,1,0
user_1788,934.91,credit_card,False,False,16,4,AU,utilities,0,711,1,11.69,1,1,1,0
user_6759,642.62,ach,True,False,15,6,CA,gas,0,1044,1,12.85,1,1,1,0
user_4534,36.6,credit_card,False,False,11,2,AU,utilities,0,2105,2,0.46,1,2,1,0
user_9246,1833.51,debit_card,False,True,13,3,CA,groceries,0,297,1,18.34,1,1,1,0
user_4974,749.99,debit_card,False,False,17,0,AU,retail,0,3194,1,5.0,1,1,1,0
user_9691,538.19,credit_card,False,False,19,6,US,groceries,0,499,1,5.38,2,1,1,0
user_2734,160.21,ach,False,False,17,4,AU,retail,0,2176,1,1.07,1,1,1,0
user_2734,99.64,debit_card,False,False,13,6,AU,utilities,0,2176,3,1.25,1,3,1,0
user_7843,151.77,debit_card,False,True,6,1,AU,retail,0,115,2,1.01,3,2,5,0
user_8633,362.33,credit_card,False,False,9,3,CA,restaurant,0,3441,2,9.06,3,2,1,0
user_5678,878.99,debit_card,False,False,8,6,US,restaurant,0,585,3,21.97,3,3,1,0
user_4617,145.26,debit_card,False,True,7,2,AU,utilities,0,1855,2,1.82,3,2,1,0
user_6403,747.47,debit_card,False,False,20,0,AU,gas,0,1210,3,14.95,2,3,1,0
user_9591,42.88,ach,False,False,12,3,CA,utilities,0,1368,3,0.54,1,3,1,0
user_2262,975.63,ach,False,False,13,0,UK,utilities,0,257,3,12.2,1,3,1,0
user_6253,120.48,debit_card,False,True,13,3,CA,retail,0,2734,2,0.8,1,2,1,0
user_1651,1428.35,ach,False,False,10,3,AU,restaurant,0,2722,2,35.71,1,2,1,0
user_5193,148.79,debit_card,False,False,10,4,AU,retail,0,485,3,0.99,1,3,1,0
user_7408,602.07,debit_card,False,False,18,4,CA,restaurant,0,1442,1,15.05,2,1,1,0
user_1527,474.84,credit_card,True,False,20,4,US,utilities,0,1015,3,5.94,2,3,1,0
user_4362,742.17,debit_card,True,True,4,3,VN,cash_withdrawal,5,2431,22,3.71,10,20,1,1
user_1815,48.24,credit_card,True,True,12,6,AU,restaurant,0,2741,2,1.21,1,2,1,0
user_6269,220.6,credit_card,False,False,17,2,AU,groceries,0,2215,2,2.21,1,2,1,0
user_3931,1038.4,debit_card,False,False,20,6,AU,retail,0,3086,2,6.92,2,2,1,0
user_5315,954.59,debit_card,False,False,6,5,US,gas,0,3595,2,19.09,3,2,1,0
user_7401,1537.34,debit_card,False,False,18,0,US,gas,0,1300,1,30.75,2,1,1,0
user_8286,126.85,credit_card,False,False,12,5,US,restaurant,0,572,2,3.17,1,2,1,0
user_5634,947.71,credit_card,False,False,13,5,UK,restaurant,0,2810,1,23.69,1,1,1,0
user_2696,385.36,ach,False,False,21,2,UK,restaurant,0,2094,2,9.63,2,2,1,0
user_4571,333.55,debit_card,False,False,19,1,UK,retail,0,3171,3,2.22,2,3,1,0
user_4912,986.44,credit_card,False,False,13,3,CA,retail,0,3536,3,6.58,1,3,1,0
user_6363,58.1,ach,False,False,17,1,UK,utilities,0,1412,1,0.73,1,1,1,0
user_5355,1318.81,debit_card,False,False,7,2,US,restaurant,0,3447,1,32.97,3,1,1,0
user_8532,53.1,ach,False,False,15,2,AU,restaurant,0,2378,2,1.33,1,2,1,0
user_2388,68.41,debit_card,False,False,15,2,US,groceries,0,1007,1,0.68,1,1,1,0
user_7179,1360.16,debit_card,False,False,20,3,US,retail,0,3608,3,9.07,2,3,1,0
user_5480,102.18,debit_card,False,False,19,5,CA,groceries,0,1572,1,1.02,2,1,1,0
user_1370,324.46,debit_card,False,False,19,1,US,gas,0,2803,2,6.49,2,2,1,0
user_4511,161.4,debit_card,False,False,18,4,CA,utilities,0,2805,3,2.02,2,3,1,0
user_8260,661.56,wire_transfer,True,True,5,4,PH,electronics,4,147,16,1.32,10,16,5,1
user_5945,90.77,ach,False,True,14,1,CA,restaurant,0,909,3,2.27,1,3,1,0
user_4971,244.94,debit_card,False,False,14,3,UK,retail,0,3374,1,1.63,1,1,1,0
user_8895,321.72,debit_card,False,False,19,2,AU,restaurant,0,638,1,8.04,2,1,1,0
user_6600,146.78,debit_card,False,True,17,1,CA,restaurant,0,3028,3,3.67,1,3,1,0
user_4943,1741.24,ach,False,False,21,3,CA,utilities,0,1566,1,21.77,2,1,1,0
user_1461,229.65,debit_card,False,False,10,6,UK,gas,0,3271,1,4.59,1,1,1,0
user_3926,90.9,credit_card,False,False,8,1,US,gas,0,2018,2,1.82,3,2,1,0
user_5945,31.42,debit_card,False,False,16,5,CA,retail,0,909,3,0.21,1,3,1,0
user_1349,84.61,debit_card,False,True,16,1,CA,retail,0,545,1,0.56,1,1,1,0
user_9032,933.53,debit_card,False,False,8,6,US,retail,0,1349,2,6.22,3,2,1,0
user_5341,53.89,debit_card,False,True,8,1,CA,utilities,0,3337,3,0.67,3,3,1,0
user_8750,54.52,ach,False,True,11,4,UK,utilities,0,1680,1,0.68,1,1,1,0
user_9167,526.99,debit_card,False,True,8,5,CA,restaurant,0,1123,2,13.17,3,2,1,0
user_6828,900.21,debit_card,False,True,21,0,US,restaurant,0,2803,3,22.51,2,3,1,0
user_5799,503.17,ach,False,False,6,0,US,groceries,0,2275,3,5.03,3,3,1,0
user_8277,11191.21,debit_card,True,True,2,1,PH,cash_withdrawal,5,988,21,55.96,10,20,1,1
user_9996,55.05,debit_card,False,False,7,0,UK,restaurant,0,2112,3,1.38,3,3,1,0
user_9751,105.76,credit_card,False,False,13,4,US,utilities,0,253,2,1.32,1,2,1,0
user_6759,942.61,ach,False,False,6,1,UK,utilities,0,2548,3,11.78,3,3,1,0
user_1750,189.9,debit_card,False,False,14,6,CA,retail,0,3396,2,1.27,1,2,1,0
user_1519,258.34,ach,False,False,7,4,CA,utilities,0,259,3,3.23,3,3,1,0
user_8786,1794.33,ach,False,False,11,2,UK,utilities,0,3187,3,22.43,1,3,1,0
user_3390,57.11,debit_card,False,False,9,5,AU,gas,0,1160,3,1.14,3,3,1,0
user_9148,97.13,debit_card,False,False,9,0,AU,utilities,0,1718,1,1.21,3,1,1,0
user_7948,1008.29,ach,True,False,17,5,CA,retail,0,1043,1,6.72,1,1,1,0
user_5350,1483.05,debit_card,False,False,21,1,CA,groceries,0,2984,2,14.83,2,2,1,0
user_2419,102.7,debit_card,False,False,14,0,CA,groceries,0,3103,1,1.03,1,1,1,0
user_4893,175.57,debit_card,True,False,6,6,US,gas,0,1006,3,3.51,3,3,1,0
user_3209,81.86,credit_card,False,False,22,1,AU,groceries,0,181,1,0.82,2,1,1,0
user_1530,1589.09,debit_card,False,True,11,2,AU,retail,0,1549,2,10.59,1,2,1,0
user_7909,130.71,ach,True,False,6,4,CA,gas,0,2881,2,2.61,3,2,1,0
user_9269,78.16,ach,False,False,10,1,AU,utilities,0,1216,1,0.98,1,1,1,0
user_9266,193.34,debit_card,False,False,8,4,CA,retail,0,2928,1,1.29,3,1,1,0
user_5631,212.49,debit_card,False,False,19,3,US,restaurant,0,2003,2,5.31,2,2,1,0
user_5497,75.45,debit_card,False,False,19,0,US,groceries,0,2513,1,0.75,2,1,1,0
user_5520,946.53,debit_card,False,False,16,3,AU,groceries,0,1690,2,9.47,1,2,1,0
user_8490,90.89,debit_card,False,True,21,3,AU,restaurant,0,1322,3,2.27,2,3,1,0
user_2809,39.76,debit_card,False,False,19,5,US,utilities,0,209,2,0.5,2,2,1,0
user_9032,572.26,debit_card,False,False,9,4,US,retail,0,1349,2,3.82,3,2,1,0
user_2037,540.6,debit_card,False,False,16,1,CA,utilities,0,1789,1,6.76,1,1,1,0
user_5500,1526.86,ach,False,False,7,0,UK,retail,0,2108,2,10.18,3,2,1,0
user_9105,259.48,ach,False,True,15,2,UK,restaurant,0,1413,3,6.49,1,3,1,0
user_5256,275.63,credit_card,False,False,13,3,UK,restaurant,0,1439,1,6.89,1,1,1,0
user_8527,1304.4,debit_card,False,False,11,1,AU,utilities,0,352,3,16.3,1,3,1,0
user_1750,141.48,credit_card,False,False,13,6,CA,retail,0,3396,3,0.94,1,3,1,0
user_4463,308.62,debit_card,True,True,18,1,AU,restaurant,0,3140,1,7.72,2,1,1,0
user_8859,528.02,credit_card,False,False,12,6,UK,utilities,0,2346,1,6.6,1,1,1,0
user_1612,1570.07,credit_card,False,False,13,2,US,restaurant,0,3225,3,39.25,1,3,1,0
user_5256,113.16,debit_card,False,False,15,4,UK,retail,0,1439,3,0.75,1,3,1,0
user_7858,1324.84,debit_card,False,False,19,6,AU,retail,0,2375,2,8.83,2,2,1,0
user_1370,2315.76,wire_transfer,True,True,1,0,BR,jewelry,3,2803,21,2.32,10,20,1,1
user_8035,327.25,ach,True,False,14,1,AU,gas,0,1600,1,6.54,1,1,1,0
user_4070,291.69,debit_card,False,False,13,5,AU,groceries,0,453,1,2.92,1,1,1,0
user_1685,140.25,credit_card,False,False,12,0,US,gas,0,1495,3,2.81,1,3,1,0
user_6671,81.29,ach,True,False,16,5,CA,restaurant,0,3614,2,2.03,1,2,1,0
user_9710,931.76,ach,False,False,11,5,CA,utilities,0,2185,3,11.65,1,3,1,0
user_5067,974.55,debit_card,False,False,19,5,UK,retail,0,1141,3,6.5,2,3,1,0
user_4707,582.94,debit_card,False,False,8,5,AU,restaurant,0,1684,3,14.57,3,3,1,0
user_5408,749.44,ach,False,False,19,0,US,groceries,0,3571,2,7.49,2,2,1,0
user_6169,93.07,credit_card,False,False,18,5,CA,groceries,0,814,3,0.93,2,3,1,0
user_8967,128.08,ach,False,False,11,4,CA,restaurant,0,664,1,3.2,1,1,1,0
user_2468,199.6,ach,False,False,20,4,US,gas,0,2475,1,3.99,2,1,1,0
user_3473,717.45,credit_card,False,False,9,3,AU,restaurant,0,1841,1,17.94,3,1,1,0
user_9246,667.19,debit_card,False,False,14,4,CA,gas,0,297,3,13.34,1,3,1,0
user_6120,324.81,debit_card,True,False,14,1,CA,groceries,0,2843,2,3.25,1,2,1,0
user_4006,200.37,credit_card,False,False,13,1,CA,retail,0,3611,2,1.34,1,2,1,0
user_5458,1412.01,debit_card,False,False,12,6,CA,utilities,0,1343,1,17.65,1,1,1,0
user_9267,147.98,ach,False,False,7,0,UK,restaurant,0,2942,1,3.7,3,1,1,0
user_6143,42.77,ach,True,False,20,2,UK,gas,0,2107,1,0.86,2,1,1,0
user_8366,99.34,debit_card,False,False,10,5,US,groceries,0,237,2,0.99,1,2,1,0
user_8493,851.21,credit_card,False,False,18,4,CA,gas,0,2073,2,17.02,2,2,1,0
user_5911,912.41,debit_card,False,False,10,5,UK,utilities,0,1386,3,11.41,1,3,1,0
user_4996,1686.22,debit_card,False,False,8,0,CA,utilities,0,1385,3,21.08,3,3,1,0
user_9327,76.93,debit_card,False,False,6,0,UK,gas,0,3194,1,1.54,3,1,1,0
user_5557,70.72,debit_card,False,False,7,3,AU,utilities,0,1423,1,0.88,3,1,1,0
user_9808,1448.78,debit_card,False,False,9,5,UK,gas,0,372,2,28.98,3,2,1,0
user_5216,774.44,debit_card,False,True,18,1,AU,retail,0,1917,1,5.16,2,1,1,0
user_9922,187.38,ach,False,False,19,5,CA,groceries,0,1118,1,1.87,2,1,1,0
user_8210,364.52,credit_card,False,True,21,0,CA,gas,0,2602,3,7.29,2,3,1,0
user_4705,1536.18,credit_card,False,False,21,2,AU,restaurant,0,68,1,38.4,2,1,5,0
user_1930,735.7,ach,False,False,15,2,UK,retail,0,2818,2,4.9,1,2,1,0
user_9022,143.33,debit_card,True,True,15,1,AU,restaurant,0,1443,1,3.58,1,1,1,0
user_5362,678.9,ach,False,True,13,1,US,restaurant,0,490,2,16.97,1,2,1,0
user_3506,868.38,debit_card,False,True,6,1,UK,gas,0,2552,2,17.37,3,2,1,0
user_9508,739.16,debit_card,False,False,8,3,CA,retail,0,1373,2,4.93,3,2,1,0
user_2294,1650.43,debit_card,False,False,6,0,CA,retail,0,2227,3,11.0,3,3,1,0
user_9625,108.44,debit_card,False,False,15,3,UK,retail,0,3286,2,0.72,1,2,1,0
user_3129,736.11,ach,False,False,17,0,CA,groceries,0,480,3,7.36,1,3,1,0
user_9609,903.72,debit_card,False,True,13,6,CA,retail,0,1912,3,6.02,1,3,1,0
user_5224,34.42,debit_card,False,False,16,1,CA,gas,0,2802,3,0.69,1,3,1,0
user_2746,193.06,ach,False,False,12,2,UK,utilities,0,1100,3,2.41,1,3,1,0
user_3492,36.17,debit_card,True,False,19,5,US,gas,0,791,1,0.72,2,1,1,0
user_8354,1609.46,credit_card,False,False,21,4,UK,restaurant,0,3569,1,40.24,2,1,1,0
user_2584,389.76,ach,False,True,13,2,UK,retail,0,3335,1,2.6,1,1,1,0
user_5625,307.86,debit_card,False,False,17,0,US,retail,0,2295,3,2.05,1,3,1,0
user_2013,998.81,debit_card,False,False,6,0,UK,utilities,0,2955,3,12.49,3,3,1,0
user_1975,84.25,credit_card,False,False,8,2,CA,utilities,0,3201,2,1.05,3,2,1,0
user_6600,187.74,credit_card,False,False,13,5,CA,utilities,0,3028,2,2.35,1,2,1,0
user_1612,1558.19,ach,False,False,14,0,US,groceries,0,3225,2,15.58,1,2,1,0
user_7732,9635.5,cryptocurrency,True,True,5,6,US,cryptocurrency,2,553,9,9.64,10,9,1,1
user_5342,984.44,ach,False,True,22,5,AU,restaurant,0,897,2,24.61,2,2,1,0
user_5999,689.63,debit_card,False,False,13,0,US,utilities,0,1389,1,8.62,1,1,1,0
user_9674,128.52,debit_card,False,False,21,3,CA,utilities,0,683,1,1.61,2,1,1,0
user_2476,118.88,ach,False,False,16,6,AU,restaurant,0,749,2,2.97,1,2,1,0
user_4321,81.6,credit_card,False,False,20,4,US,utilities,0,666,3,1.02,2,3,1,0
user_9904,739.16,debit_card,False,False,15,1,CA,restaurant,0,1528,1,18.48,1,1,1,0
user_6383,999.41,credit_card,False,True,17,0,UK,groceries,0,2597,2,9.99,1,2,1,0
user_7550,1247.33,debit_card,False,False,9,4,US,retail,0,2993,3,8.32,3,3,1,0
user_3595,670.7,debit_card,False,True,10,6,CA,groceries,0,2546,2,6.71,1,2,1,0
user_1742,46.36,ach,False,False,6,2,UK,restaurant,0,3323,3,1.16,3,3,1,0
user_2465,1719.52,debit_card,False,False,6,3,US,utilities,0,747,1,21.49,3,1,1,0
user_7244,1802.75,ach,False,False,12,0,AU,restaurant,0,1702,2,45.07,1,2,1,0
user_3101,54.15,debit_card,False,False,22,4,AU,utilities,0,1989,2,0.68,2,2,1,0
user_1474,136.62,debit_card,True,True,13,4,UK,retail,0,1421,3,0.91,1,3,1,0
user_5510,1896.17,ach,False,False,19,2,CA,retail,0,312,3,12.64,2,3,1,0
user_3519,97.9,debit_card,False,False,13,6,UK,restaurant,0,185,1,2.45,1,1,1,0
user_5758,65.98,debit_card,False,False,17,0,US,utilities,0,1448,1,0.82,1,1,1,0
user_9450,66.34,debit_card,False,False,13,5,US,utilities,0,3622,2,0.83,1,2,1,0
user_6816,68.48,debit_card,False,False,21,0,US,restaurant,0,2336,1,1.71,2,1,1,0
user_6005,112.61,credit_card,False,False,13,5,US,retail,0,2912,3,0.75,1,3,1,0
user_9267,193.33,credit_card,False,False,7,3,UK,groceries,0,2942,3,1.93,3,3,1,0
user_2647,111.54,debit_card,False,False,7,6,CA,groceries,0,1696,2,1.12,3,2,1,0
user_5781,92.92,debit_card,False,False,13,3,US,gas,0,1293,1,1.86,1,1,1,0
user_7563,368.25,debit_card,False,False,21,0,US,restaurant,0,2415,1,9.21,2,1,1,0
user_9691,286.71,debit_card,False,False,18,0,US,utilities,0,499,1,3.58,2,1,1,0
user_3589,954.52,debit_card,False,False,12,0,AU,groceries,0,1932,2,9.55,1,2,1,0
user_2420,9537.41,cryptocurrency,True,True,4,0,US,cryptocurrency,1,2444,12,9.54,10,12,1,1
user_1126,464.29,debit_card,False,False,20,4,AU,restaurant,0,749,2,11.61,2,2,1,0
user_2245,1608.61,ach,False,False,8,4,AU,utilities,0,1315,3,20.11,3,3,1,0
user_3093,1189.79,debit_card,False,False,7,0,AU,restaurant,0,2112,2,29.74,3,2,1,0
user_1082,564.48,debit_card,False,False,20,0,AU,restaurant,0,2230,3,14.11,2,3,1,0
user_8925,170.54,debit_card,False,False,12,3,UK,utilities,0,3201,2,2.13,1,2,1,0
user_5557,49.32,credit_card,False,False,11,0,AU,retail,0,1423,3,0.33,1,3,1,0
user_5342,1401.66,debit_card,False,False,21,2,AU,restaurant,0,897,3,35.04,2,3,1,0
user_5442,1359.03,credit_card,False,False,22,1,UK,utilities,0,592,1,16.99,2,1,1,0
user_2771,64.39,ach,False,False,6,0,US,gas,0,1737,2,1.29,3,2,1,0
user_1280,1163.64,debit_card,False,False,19,3,AU,restaurant,0,3332,1,29.09,2,1,1,0
user_3079,349.64,ach,False,False,21,6,US,groceries,0,3189,2,3.5,2,2,1,0
user_7859,161.92,debit_card,False,False,7,6,CA,retail,0,3605,1,1.08,3,1,1,0
user_9814,112.21,debit_card,False,False,7,4,UK,retail,0,2277,1,0.75,3,1,1,0
user_4143,752.39,ach,True,False,22,6,AU,gas,0,2804,1,15.05,2,1,1,0
user_1975,44.63,debit_card,False,False,8,1,CA,utilities,0,3201,2,0.56,3,2,1,0
user_1842,3675.79,wire_transfer,True,True,0,2,ID,jewelry,6,1470,11,3.68,10,11,1,1
user_9209,718.29,credit_card,False,False,13,2,AU,restaurant,0,367,2,17.96,1,2,1,0
user_3473,340.26,credit_card,False,False,7,1,AU,retail,0,1841,1,2.27,3,1,1,0
user_5476,36.04,ach,False,True,14,0,AU,retail,0,1668,1,0.24,1,1,1,0
user_9123,1888.7,debit_card,False,True,22,3,CA,retail,0,1905,3,12.59,2,3,1,0
user_3161,243.45,credit_card,False,False,8,6,UK,utilities,0,412,3,3.04,3,3,1,0
user_7859,555.58,credit_card,False,False,22,1,CA,restaurant,0,1150,1,13.89,2,1,1,0
user_9591,36.07,debit_card,False,False,13,0,CA,restaurant,0,1368,3,0.9,1,3,1,0
user_4817,934.5,debit_card,False,False,12,4,US,groceries,0,1402,2,9.35,1,2,1,0
user_8859,1001.33,credit_card,False,False,13,4,UK,gas,0,2346,2,20.03,1,2,1,0
user_3832,136.06,debit_card,False,False,7,1,CA,groceries,0,546,3,1.36,3,3,1,0
user_3754,52.64,ach,False,True,20,3,US,utilities,0,2203,3,0.66,2,3,1,0
user_9154,157.04,ach,False,False,18,2,CA,utilities,0,3216,2,1.96,2,2,1,0
user_6383,1885.42,credit_card,False,False,16,5,UK,gas,0,2597,2,37.71,1,2,1,0
user_7510,897.62,credit_card,False,False,17,5,UK,gas,0,2158,2,17.95,1,2,1,0
user_9051,624.05,debit_card,True,True,3,3,BR,cash_withdrawal,6,1508,22,3.12,10,20,1,1
user_9374,258.67,debit_card,False,False,12,0,CA,retail,0,3102,2,1.72,1,2,1,0
user_7165,80.32,credit_card,False,False,19,6,AU,groceries,0,1475,2,0.8,2,2,1,0
user_5658,459.8,credit_card,False,False,14,5,AU,restaurant,0,1425,1,11.5,1,1,1,0
user_2827,307.96,debit_card,False,False,13,6,CA,restaurant,0,1888,2,7.7,1,2,1,0
user_7510,1031.08,debit_card,False,False,14,5,UK,retail,0,2158,2,6.87,1,2,1,0
user_2391,87.06,debit_card,False,False,11,4,CA,restaurant,0,3120,1,2.18,1,1,1,0
user_2771,79.79,ach,False,False,10,1,US,retail,0,1737,3,0.53,1,3,1,0
user_7248,59.59,ach,False,False,13,3,UK,gas,0,2242,1,1.19,1,1,1,0
user_1601,387.81,debit_card,False,False,6,6,UK,groceries,0,1063,1,3.88,3,1,1,0
user_5739,107.74,debit_card,False,True,18,5,UK,groceries,0,2395,2,1.08,2,2,1,0
user_5831,98.72,ach,False,False,13,4,UK,groceries,0,458,3,0.99,1,3,1,0
user_7147,164.9,debit_card,False,False,20,6,US,utilities,0,2462,3,2.06,2,3,1,0
user_8220,59.05,debit_card,False,False,7,3,UK,utilities,0,2712,3,0.74,3,3,1,0
user_6771,1885.61,credit_card,False,False,12,2,AU,groceries,0,2791,1,18.86,1,1,1,0
user_4764,116.96,credit_card,False,True,21,5,AU,utilities,0,1140,1,1.46,2,1,1,0
user_4189,325.26,debit_card,False,False,22,3,UK,gas,0,331,3,6.51,2,3,1,0
user_8094,304.12,ach,False,False,11,1,AU,groceries,0,2787,1,3.04,1,1,1,0
user_7230,35.02,credit_card,False,False,18,6,UK,restaurant,0,1973,1,0.88,2,1,1,0
user_6168,928.75,debit_card,True,True,14,5,US,gas,0,894,2,18.57,1,2,1,0
user_3785,1270.76,debit_card,False,False,11,5,UK,restaurant,0,429,2,31.77,1,2,1,0
user_3048,61.43,credit_card,False,False,19,1,UK,groceries,0,3076,1,0.61,2,1,1,0
user_9830,303.1,ach,False,False,21,6,AU,retail,0,2420,1,2.02,2,1,1,0
user_3100,104.71,credit_card,False,False,7,0,UK,gas,0,2567,1,2.09,3,1,1,0
user_8933,308.06,ach,False,False,19,0,UK,groceries,0,441,1,3.08,2,1,1,0
user_1517,1445.5,ach,False,False,22,4,US,gas,0,811,3,28.91,2,3,1,0
user_3785,1709.06,ach,False,False,7,5,UK,restaurant,0,429,2,42.73,3,2,1,0
user_1017,123.31,debit_card,False,False,14,4,US,retail,0,573,3,0.82,1,3,1,0
user_8372,685.72,ach,False,True,20,5,UK,restaurant,0,555,2,17.14,2,2,1,0
user_7487,260.19,debit_card,False,False,11,1,CA,gas,0,2398,3,5.2,1,3,1,0
user_8542,356.81,credit_card,False,False,6,1,CA,retail,0,1115,3,2.38,3,3,1,0
user_2527,136.73,debit_card,True,False,11,0,AU,utilities,0,511,2,1.71,1,2,1,0
user_4082,1713.82,credit_card,False,False,19,1,CA,groceries,0,1993,1,17.14,2,1,1,0
user_4637,14841.3,wire_transfer,True,True,2,3,RU,wire_transfer,3,1855,9,29.68,10,9,1,1
user_4910,282.88,debit_card,False,False,16,4,CA,restaurant,0,2781,2,7.07,1,2,1,0
user_1502,51.01,debit_card,False,False,21,2,CA,groceries,0,1570,1,0.51,2,1,1,0
user_9609,343.32,ach,False,False,16,0,CA,utilities,0,1912,1,4.29,1,1,1,0
user_3223,756.41,credit_card,False,True,8,5,US,restaurant,0,1095,3,18.91,3,3,1,0
user_4560,166.01,debit_card,False,True,8,4,UK,retail,0,2842,1,1.11,3,1,1,0
user_3286,47.54,ach,False,False,20,3,US,groceries,0,2448,2,0.48,2,2,1,0
user_5500,738.08,debit_card,False,False,9,1,UK,restaurant,0,2108,2,18.45,3,2,1,0
user_3979,989.57,credit_card,False,False,10,4,UK,groceries,0,3297,2,9.9,1,2,1,0
user_6985,1927.1,credit_card,False,False,18,3,US,retail,0,2146,3,12.85,2,3,1,0
user_8015,172.55,debit_card,False,False,22,2,CA,retail,0,3244,2,1.15,2,2,1,0
user_5839,130.33,credit_card,False,False,18,0,US,retail,0,366,2,0.87,2,2,1,0
user_8501,922.46,credit_card,False,False,6,0,UK,gas,0,2546,1,18.45,3,1,1,0
user_4841,385.85,debit_card,False,False,13,5,UK,utilities,0,2242,3,4.82,1,3,1,0
user_7178,1941.89,debit_card,False,False,12,3,CA,groceries,0,3132,1,19.42,1,1,1,0
user_1355,350.03,debit_card,False,False,19,1,CA,groceries,0,416,3,3.5,2,3,1,0
user_3110,48.8,debit_card,False,False,17,2,US,groceries,0,204,3,0.49,1,3,1,0
user_5739,73.54,debit_card,False,False,20,0,UK,restaurant,0,2395,3,1.84,2,3,1,0
user_4695,71.14,debit_card,False,True,13,5,US,groceries,0,3303,1,0.71,1,1,1,0
user_4912,1539.21,debit_card,False,False,16,4,CA,retail,0,3536,1,10.26,1,1,1,0
user_2899,946.3,ach,False,False,22,0,US,utilities,0,2723,1,11.83,2,1,1,0
user_1474,98.86,debit_card,False,False,12,1,UK,utilities,0,1421,3,1.24,1,3,1,0
user_8933,328.02,debit_card,False,True,21,0,UK,groceries,0,441,3,3.28,2,3,1,0
user_3595,590.31,debit_card,False,False,6,6,CA,utilities,0,2546,3,7.38,3,3,1,0
user_5684,605.3,credit_card,False,False,11,0,US,gas,0,133,2,12.11,1,2,5,0
user_9904,1714.76,debit_card,False,False,17,0,CA,gas,0,1528,3,34.3,1,3,1,0
user_6421,9825.92,cryptocurrency,True,True,14,4,CA,cryptocurrency,3,2284,18,9.83,1,18,1,1
user_2771,44.36,ach,False,False,9,6,US,gas,0,1737,1,0.89,3,1,1,0
user_5006,92.39,ach,True,False,13,6,UK,utilities,0,1598,2,1.15,1,2,1,0
user_7018,821.84,debit_card,False,False,17,6,US,retail,0,3008,1,5.48,1,1,1,0
user_9263,380.92,debit_card,False,False,9,6,US,restaurant,0,756,2,9.52,3,2,1,0
user_6771,998.08,credit_card,False,True,14,0,AU,restaurant,0,2791,3,24.95,1,3,1,0
user_3595,631.51,ach,False,False,11,4,CA,groceries,0,2546,2,6.32,1,2,1,0
user_6314,34.32,credit_card,False,False,14,4,UK,retail,0,1565,1,0.23,1,1,1,0
user_7594,339.87,debit_card,False,False,20,1,AU,utilities,0,1823,1,4.25,2,1,1,0
user_5951,536.39,credit_card,False,False,7,0,CA,retail,0,215,2,3.58,3,2,1,0
user_5088,55.86,debit_card,False,True,17,2,AU,restaurant,0,2572,2,1.4,1,2,1,0
user_6053,177.87,ach,False,True,15,3,AU,gas,0,1938,3,3.56,1,3,1,0
user_7022,255.12,debit_card,False,False,10,2,AU,groceries,0,3198,3,2.55,1,3,1,0
user_1117,87.65,credit_card,True,False,21,6,US,restaurant,0,967,1,2.19,2,1,1,0
user_1502,98.3,credit_card,False,True,21,6,CA,restaurant,0,1570,3,2.46,2,3,1,0
user_4560,186.03,debit_card,False,False,10,6,UK,groceries,0,2842,3,1.86,1,3,1,0
user_4697,1277.26,credit_card,False,True,15,1,AU,gas,0,1843,3,25.55,1,3,1,0
user_8491,305.35,debit_card,False,False,9,2,US,retail,0,1907,2,2.04,3,2,1,0
user_1590,278.8,ach,False,False,10,5,US,gas,0,674,1,5.58,1,1,1,0
user_2767,66.93,ach,False,False,17,0,AU,groceries,0,976,2,0.67,1,2,1,0
user_3101,36.62,debit_card,False,False,19,1,AU,restaurant,0,1989,3,0.92,2,3,1,0
user_3042,102.11,ach,False,False,10,6,CA,utilities,0,1147,3,1.28,1,3,1,0
user_2539,856.8,debit_card,False,False,19,0,CA,groceries,0,1966,3,8.57,2,3,1,0
user_4534,70.24,ach,True,False,11,0,AU,utilities,0,2105,1,0.88,1,1,1,0
user_1860,45.31,ach,False,False,16,6,UK,retail,0,2968,2,0.3,1,2,1,0
user_7550,1426.96,ach,False,False,11,2,US,groceries,0,2993,3,14.27,1,3,1,0
user_7367,1341.01,ach,True,True,15,6,US,groceries,0,1455,3,13.41,1,3,1,0
user_7126,127.03,ach,False,False,12,1,US,restaurant,0,1565,1,3.18,1,1,1,0
user_8957,1034.96,ach,False,False,13,2,AU,restaurant,0,1148,3,25.87,1,3,1,0
user_8113,146.71,debit_card,False,False,10,3,CA,utilities,0,3283,3,1.83,1,3,1,0
user_7565,415.55,debit_card,True,True,7,4,US,retail,0,651,1,2.77,3,1,1,0
user_5102,77.64,ach,False,False,12,2,CA,restaurant,0,242,1,1.94,1,1,1,0
user_3286,68.6,debit_card,False,False,19,2,US,gas,0,2448,1,1.37,2,1,1,0
user_6509,122.21,credit_card,True,False,19,3,UK,restaurant,0,3558,3,3.06,2,3,1,0
user_5102,46.27,ach,True,True,14,0,CA,utilities,0,242,3,0.58,1,3,1,0
user_1202,1875.09,ach,False,False,21,0,AU,retail,0,490,1,12.5,2,1,1,0
user_6629,78.63,ach,False,False,12,0,CA,restaurant,0,1986,3,1.97,1,3,1,0
user_1017,106.63,ach,False,False,17,1,US,utilities,0,573,3,1.33,1,3,1,0
user_5661,782.37,credit_card,False,False,20,3,UK,restaurant,0,1453,3,19.56,2,3,1,0
user_5835,1397.06,wire_transfer,True,True,0,5,NG,wire_transfer,2,1499,8,2.79,10,8,1,1
user_5349,99.5,credit_card,False,False,6,4,AU,restaurant,0,1445,2,2.49,3,2,1,0
user_1182,939.44,credit_card,False,False,20,1,CA,gas,0,534,1,18.79,2,1,1,0
user_9680,100.12,ach,False,False,12,2,US,gas,0,3596,2,2.0,1,2,1,0
user_2476,100.08,debit_card,False,False,12,1,AU,retail,0,749,1,0.67,1,1,1,0
user_2659,335.84,debit_card,False,False,6,3,CA,groceries,0,1706,2,3.36,3,2,1,0
user_9504,882.86,ach,False,True,18,4,US,groceries,0,1802,2,8.83,2,2,1,0
user_5689,70.07,debit_card,False,False,20,1,UK,restaurant,0,927,1,1.75,2,1,1,0
user_1752,97.87,debit_card,False,False,21,2,AU,retail,0,96,1,0.65,2,1,5,0
user_3165,937.54,ach,False,False,14,2,UK,retail,0,3431,2,6.25,1,2,1,0
user_8905,81.24,debit_card,False,True,17,0,US,utilities,0,2468,2,1.02,1,2,1,0
user_3338,11373.53,wire_transfer,True,True,0,1,RU,wire_transfer,4,716,15,22.75,10,15,1,1
user_7149,889.1,credit_card,False,False,19,6,CA,retail,0,341,3,5.93,2,3,1,0
user_8501,1634.07,debit_card,False,False,7,2,UK,retail,0,2546,2,10.89,3,2,1,0
user_7363,129.96,debit_card,False,False,6,1,CA,groceries,0,998,3,1.3,3,3,1,0
user_6374,1960.82,ach,False,False,9,1,US,retail,0,2632,3,13.07,3,3,1,0
user_8501,1541.57,ach,False,False,7,5,UK,groceries,0,2546,3,15.42,3,3,1,0
user_6568,1993.89,credit_card,True,False,13,5,US,restaurant,0,1188,1,49.85,1,1,1,0
user_9674,289.89,debit_card,False,False,22,4,CA,gas,0,683,1,5.8,2,1,1,0
user_9565,126.22,ach,False,False,15,3,CA,gas,0,2773,3,2.52,1,3,1,0
user_9221,859.65,debit_card,False,True,21,0,CA,gas,0,3151,3,17.19,2,3,1,0
user_1404,1608.23,ach,False,False,17,1,AU,restaurant,0,2023,2,40.21,1,2,1,0
user_3492,65.49,debit_card,True,False,22,0,US,gas,0,791,3,1.31,2,3,1,0
user_2734,180.3,debit_card,False,False,14,4,AU,gas,0,2176,1,3.61,1,1,1,0
user_9864,81.11,ach,False,False,19,0,US,utilities,0,991,1,1.01,2,1,1,0
user_3639,97.2,debit_card,False,False,20,4,US,utilities,0,2374,2,1.22,2,2,1,0
user_4150,71.68,credit_card,False,True,14,1,UK,groceries,0,951,3,0.72,1,3,1,0
user_6363,118.69,ach,True,False,12,2,UK,groceries,0,1412,1,1.19,1,1,1,0
user_9740,27.22,debit_card,False,True,18,4,CA,gas,0,2454,3,0.54,2,3,1,0
user_4443,695.74,debit_card,False,False,21,3,UK,retail,0,1934,3,4.64,2,3,1,0
user_9856,379.83,credit_card,False,False,16,6,CA,gas,0,3267,2,7.6,1,2,1,0
user_2394,191.34,debit_card,False,False,11,3,UK,groceries,0,897,3,1.91,1,3,1,0
user_7361,75.48,ach,False,False,19,1,CA,utilities,0,1435,2,0.94,2,2,1,0
user_6363,67.48,ach,True,False,17,3,UK,utilities,0,1412,2,0.84,1,2,1,0
user_9864,84.35,ach,False,False,18,3,US,restaurant,0,991,2,2.11,2,2,1,0
user_7858,1467.02,credit_card,False,False,22,5,AU,retail,0,2375,1,9.78,2,1,1,0
user_9210,1839.35,credit_card,False,False,8,6,AU,retail,0,1520,3,12.26,3,3,1,0
user_3139,834.91,debit_card,True,False,17,3,UK,utilities,0,2825,3,10.44,1,3,1,0
user_8412,1192.25,debit_card,True,True,3,3,BR,jewelry,3,213,12,1.19,10,12,1,1
user_9331,58.48,debit_card,False,False,15,4,AU,utilities,0,3580,1,0.73,1,1,1,0
user_3096,103.08,debit_card,False,False,22,5,CA,restaurant,0,2814,1,2.58,2,1,1,0
user_2260,333.94,ach,False,False,6,6,CA,groceries,0,2351,1,3.34,3,1,1,0
user_1613,75.24,ach,False,True,15,1,US,utilities,0,1402,2,0.94,1,2,1,0
user_4909,86.64,debit_card,False,False,8,4,US,restaurant,0,1809,2,2.17,3,2,1,0
user_9780,277.93,credit_card,False,True,11,0,AU,gas,0,1292,1,5.56,1,1,1,0
user_6269,207.73,debit_card,False,True,17,0,AU,utilities,0,2215,1,2.6,1,1,1,0
user_9209,355.74,ach,False,False,12,2,AU,utilities,0,367,3,4.45,1,3,1,0
user_8412,118.4,credit_card,False,False,9,2,UK,retail,0,213,1,0.79,3,1,1,0
user_7434,439.05,credit_card,False,True,10,5,UK,utilities,0,2601,3,5.49,1,3,1,0
user_8859,953.82,debit_card,False,False,13,2,UK,groceries,0,2346,1,9.54,1,1,1,0
user_4764,124.42,ach,False,False,19,3,AU,groceries,0,1140,2,1.24,2,2,1,0
user_1355,1385.38,debit_card,True,True,4,1,BR,jewelry,7,416,11,1.39,10,11,1,1
user_4517,113.67,debit_card,False,False,17,1,UK,restaurant,0,1856,1,2.84,1,1,1,0
user_6345,226.55,credit_card,False,False,13,5,UK,restaurant,0,986,3,5.66,1,3,1,0
user_1133,45.2,debit_card,False,False,15,1,CA,gas,0,3644,1,0.9,1,1,1,0
user_4871,56.92,debit_card,False,False,22,3,US,groceries,0,1936,1,0.57,2,1,1,0
user_6846,148.82,debit_card,False,False,18,1,CA,gas,0,1579,3,2.98,2,3,1,0
user_1202,1411.5,debit_card,False,True,21,6,CA,utilities,0,2773,2,17.64,2,2,1,0
user_9209,894.77,credit_card,False,False,14,3,AU,utilities,0,367,1,11.18,1,1,1,0
user_3754,45.76,debit_card,False,True,20,0,US,gas,0,2203,3,0.92,2,3,1,0
user_8715,502.28,ach,False,False,21,2,UK,retail,0,403,1,3.35,2,1,1,0
user_4560,161.69,debit_card,False,False,10,1,UK,utilities,0,2842,1,2.02,1,1,1,0
user_8429,6728.84,debit_card,True,True,4,3,BR,electronics,4,971,12,13.46,10,12,1,1
user_2617,92.26,credit_card,False,False,19,6,AU,gas,0,2724,3,1.85,2,3,1,0
user_1930,1446.77,debit_card,False,False,16,5,UK,retail,0,2818,3,9.65,1,3,1,0
user_9531,1955.36,credit_card,False,False,22,0,CA,retail,0,1739,2,13.04,2,2,1,0
user_4057,833.1,ach,False,True,12,5,UK,restaurant,0,3029,1,20.83,1,1,1,0
user_7936,66.65,ach,False,False,19,6,AU,utilities,0,857,2,0.83,2,2,1,0
user_5329,151.65,credit_card,False,True,10,4,UK,utilities,0,53,3,1.9,1,3,5,0
user_9622,9754.58,cryptocurrency,True,True,2,6,UK,cryptocurrency,3,2915,14,9.75,10,14,1,1
user_6601,672.94,debit_card,False,False,14,5,AU,retail,0,1551,1,4.49,1,1,1,0
user_1188,91.73,credit_card,False,False,19,6,UK,retail,0,3178,2,0.61,2,2,1,0
user_7858,825.17,debit_card,False,True,19,3,AU,utilities,0,2375,3,10.31,2,3,1,0
user_7293,1495.69,ach,False,True,13,5,CA,gas,0,3574,2,29.91,1,2,1,0
user_5075,60.68,ach,False,False,14,2,US,gas,0,2839,3,1.21,1,3,1,0
user_9180,110.15,debit_card,False,False,21,0,UK,groceries,0,1021,1,1.1,2,1,1,0
user_3496,54.92,debit_card,False,False,11,0,AU,groceries,0,2772,2,0.55,1,2,1,0
user_6759,543.02,debit_card,False,False,16,6,CA,groceries,0,1044,2,5.43,1,2,1,0
user_6730,4363.2,wire_transfer,True,True,5,2,RO,wire_transfer,2,3097,8,8.73,10,8,1,1
user_5634,768.74,debit_card,False,False,16,0,UK,retail,0,2810,2,5.12,1,2,1,0
user_8094,3569.56,wire_transfer,True,True,2,5,NG,wire_transfer,4,2787,5,7.14,10,5,1,1
user_3932,42.45,ach,False,True,18,4,AU,gas,0,949,1,0.85,2,1,1,0
user_6576,174.82,credit_card,False,True,18,0,UK,utilities,0,2306,1,2.19,2,1,1,0
user_7179,15107.61,wire_transfer,True,True,0,5,ID,jewelry,3,3608,10,15.11,10,10,1,1
user_3675,634.28,ach,False,False,12,0,CA,restaurant,0,1107,3,15.86,1,3,1,0
user_1894,41.1,debit_card,True,False,18,4,CA,retail,0,2100,2,0.27,2,2,1,0
user_2245,299.13,debit_card,False,False,21,5,AU,restaurant,0,3198,1,7.48,2,1,1,0
user_8406,136.08,debit_card,False,False,20,5,AU,groceries,0,389,1,1.36,2,1,1,0
user_7401,1329.35,debit_card,False,False,22,2,US,gas,0,1300,1,26.59,2,1,1,0
user_1857,298.56,credit_card,False,True,7,0,UK,groceries,0,417,1,2.99,3,1,1,0
user_9700,78.26,debit_card,True,False,9,2,US,retail,0,2596,2,0.52,3,2,1,0
user_1117,26.17,credit_card,False,False,21,5,US,groceries,0,967,2,0.26,2,2,1,0
user_4389,523.55,credit_card,False,False,16,1,UK,utilities,0,3410,2,6.54,1,2,1,0
user_1842,163.37,debit_card,False,False,20,5,UK,groceries,0,1470,1,1.63,2,1,1,0
user_1313,74.54,debit_card,False,False,6,1,CA,retail,0,895,3,0.5,3,3,1,0
user_1202,699.81,debit_card,True,False,18,1,AU,restaurant,0,490,3,17.5,2,3,1,0
user_6730,157.2,credit_card,False,False,6,3,UK,gas,0,3097,2,3.14,3,2,1,0
user_4511,69.5,debit_card,False,True,20,0,CA,restaurant,0,2805,2,1.74,2,2,1,0
user_9524,182.29,ach,False,False,19,0,CA,gas,0,1745,3,3.65,2,3,1,0
user_6601,300.28,credit_card,False,True,15,0,AU,groceries,0,1551,2,3.0,1,2,1,0
user_2827,1037.34,wire_transfer,True,True,0,1,BR,cash_withdrawal,7,1888,20,5.19,10,20,1,1
user_7643,744.94,ach,False,False,21,5,UK,groceries,0,385,1,7.45,2,1,1,0
user_1280,770.47,ach,False,True,19,5,AU,utilities,0,3332,1,9.63,2,1,1,0
user_2765,763.22,ach,False,False,10,6,US,restaurant,0,3192,1,19.08,1,1,1,0
user_6868,62.89,debit_card,False,False,15,3,US,retail,0,2017,1,0.42,1,1,1,0
user_3165,800.71,credit_card,False,False,17,1,UK,restaurant,0,3431,3,20.02,1,3,1,0
user_7487,394.84,credit_card,False,False,7,6,CA,restaurant,0,2398,2,9.87,3,2,1,0
user_2827,185.62,debit_card,False,False,16,4,CA,retail,0,1888,2,1.24,1,2,1,0
user_4817,323.31,credit_card,False,False,7,3,US,utilities,0,1165,1,4.04,3,1,1,0
user_1854,566.51,debit_card,False,False,17,0,US,utilities,0,2943,2,7.08,1,2,1,0
user_5839,76.14,debit_card,False,False,22,5,US,gas,0,366,2,1.52,2,2,1,0
user_8511,54.06,debit_card,False,False,18,1,US,groceries,0,2100,1,0.54,2,1,1,0
user_1567,237.31,ach,False,False,19,3,US,restaurant,0,2150,2,5.93,2,2,1,0
user_1567,121.95,debit_card,False,False,19,3,US,utilities,0,2150,2,1.52,2,2,1,0
user_7878,634.92,credit_card,False,False,8,1,CA,utilities,0,2944,2,7.94,3,2,1,0
user_2617,90.26,ach,False,False,19,0,AU,gas,0,2724,3,1.81,2,3,1,0
user_5739,125.38,debit_card,False,False,20,3,UK,restaurant,0,2395,1,3.13,2,1,1,0
user_4170,190.64,credit_card,False,True,13,3,AU,gas,0,1374,1,3.81,1,1,1,0
user_1749,590.78,ach,False,False,7,0,CA,utilities,0,96,1,7.38,3,1,5,0
user_8598,142.88,debit_card,False,False,8,6,UK,groceries,0,1757,2,1.43,3,2,1,0
user_7510,1017.51,debit_card,False,False,14,0,UK,gas,0,2158,3,20.35,1,3,1,0
user_4387,1703.17,debit_card,False,True,16,3,AU,restaurant,0,1953,1,42.58,1,1,1,0
user_5166,428.31,credit_card,False,False,21,1,US,utilities,0,1872,1,5.35,2,1,1,0
user_9798,784.93,debit_card,False,False,9,6,UK,retail,0,936,1,5.23,3,1,1,0
user_2746,169.81,debit_card,False,True,15,1,UK,retail,0,1100,3,1.13,1,3,1,0
user_2077,243.57,debit_card,False,False,12,4,AU,utilities,0,2183,2,3.04,1,2,1,0
user_6432,465.68,debit_card,False,False,8,6,US,groceries,0,433,1,4.66,3,1,1,0
user_9849,165.3,credit_card,False,False,22,4,UK,restaurant,0,1248,2,4.13,2,2,1,0
user_2600,856.32,ach,False,False,11,4,UK,groceries,0,1984,1,8.56,1,1,1,0
user_3868,730.0,ach,False,False,20,2,AU,utilities,0,2617,2,9.12,2,2,1,0
user_7594,190.1,debit_card,False,False,21,0,AU,groceries,0,1823,3,1.9,2,3,1,0
user_8183,114.85,debit_card,False,True,21,1,US,utilities,0,3384,1,1.44,2,1,1,0
user_1752,49.61,debit_card,False,True,18,6,AU,gas,0,96,3,0.99,2,3,5,0
user_1653,809.57,debit_card,True,False,19,6,UK,groceries,0,2502,1,8.1,2,1,1,0
user_6864,571.59,debit_card,False,False,19,2,AU,groceries,0,3646,3,5.72,2,3,1,0
user_9327,2814.71,wire_transfer,True,True,1,6,NG,wire_transfer,5,3194,8,5.63,10,8,1,1
user_6671,163.0,credit_card,False,False,15,6,CA,gas,0,3614,2,3.26,1,2,1,0
user_8028,61.78,credit_card,False,False,16,3,AU,utilities,0,1465,3,0.77,1,3,1,0
user_4963,201.55,debit_card,True,False,13,3,AU,restaurant,0,757,3,5.04,1,3,1,0
user_3209,29.42,ach,False,False,20,6,AU,restaurant,0,181,3,0.74,2,3,1,0
user_5678,687.16,credit_card,False,False,6,4,US,retail,0,585,1,4.58,3,1,1,0
user_6120,119.8,credit_card,True,False,17,3,CA,restaurant,0,2843,3,3.0,1,3,1,0
user_6364,1865.64,credit_card,False,True,22,2,UK,groceries,0,807,3,18.66,2,3,1,0
user_7381,1771.49,ach,False,True,20,4,US,groceries,0,3539,3,17.71,2,3,1,0
user_8598,50.41,debit_card,False,False,10,6,UK,retail,0,1757,3,0.34,1,3,1,0
user_6816,70.43,ach,False,False,22,1,US,groceries,0,2336,2,0.7,2,2,1,0
user_5006,31.97,debit_card,False,False,16,1,UK,retail,0,1598,1,0.21,1,1,1,0
user_2166,630.69,debit_card,True,False,10,3,US,restaurant,0,3583,2,15.77,1,2,1,0
user_5625,371.22,ach,True,False,12,2,US,restaurant,0,2295,3,9.28,1,3,1,0
user_6864,823.34,debit_card,False,False,18,0,AU,restaurant,0,3646,1,20.58,2,1,1,0
user_9710,646.66,credit_card,False,False,9,5,CA,retail,0,2185,1,4.31,3,1,1,0
user_3096,159.29,ach,False,False,21,6,CA,groceries,0,2814,3,1.59,2,3,1,0
user_9022,64.19,ach,False,False,14,6,AU,groceries,0,1443,3,0.64,1,3,1,0
user_5329,197.73,credit_card,False,False,8,1,UK,utilities,0,53,3,2.47,3,3,5,0
user_7723,614.43,debit_card,False,False,20,1,AU,retail,0,3605,3,4.1,2,3,1,0
user_1878,354.97,debit_card,True,False,10,2,AU,retail,0,589,2,2.37,1,2,1,0
user_1182,1816.57,debit_card,False,False,22,3,CA,retail,0,534,1,12.11,2,1,1,0
user_9261,484.03,ach,False,False,20,1,UK,groceries,0,3410,3,4.84,2,3,1,0
user_5965,116.6,debit_card,False,False,14,2,AU,gas,0,3545,3,2.33,1,3,1,0
user_2274,120.89,credit_card,False,True,15,1,UK,retail,0,717,2,0.81,1,2,1,0
user_8225,271.69,ach,False,False,13,4,CA,retail,0,1721,3,1.81,1,3,1,0
user_7637,643.52,debit_card,False,False,9,0,US,restaurant,0,2289,3,16.09,3,3,1,0
user_2960,515.73,debit_card,True,False,10,3,US,restaurant,0,202,2,12.89,1,2,1,0
user_8157,315.69,debit_card,False,False,22,1,UK,retail,0,743,3,2.1,2,3,1,0
user_2389,203.4,debit_card,False,False,22,2,UK,retail,0,412,2,1.36,2,2,1,0
user_3932,63.26,credit_card,False,False,18,4,AU,groceries,0,949,3,0.63,2,3,1,0
user_8397,9753.49,wire_transfer,True,True,10,5,CA,cryptocurrency,2,292,16,9.75,1,16,1,1
user_2771,74.28,credit_card,False,False,11,5,US,restaurant,0,1737,1,1.86,1,1,1,0
user_4637,746.89,debit_card,False,True,20,4,CA,gas,0,1855,3,14.94,2,3,1,0
user_1857,337.33,debit_card,False,False,9,6,UK,gas,0,417,2,6.75,3,2,1,0
user_9814,662.64,ach,False,True,6,2,US,groceries,0,893,1,6.63,3,1,1,0
user_3262,1774.53,debit_card,False,True,9,4,UK,utilities,0,2742,1,22.18,3,1,1,0
user_8767,174.47,ach,False,False,19,0,CA,retail,0,2492,3,1.16,2,3,1,0
user_7653,269.61,ach,False,False,14,1,US,groceries,0,2850,1,2.7,1,1,1,0
user_3555,44.04,debit_card,False,False,6,6,US,restaurant,0,1025,2,1.1,3,2,1,0
user_5458,627.62,debit_card,False,False,13,1,CA,groceries,0,1343,1,6.28,1,1,1,0
user_9821,1571.9,wire_transfer,True,True,5,0,NG,wire_transfer,3,316,15,3.14,10,15,1,1
user_9397,170.64,debit_card,False,False,9,2,CA,utilities,0,934,2,2.13,3,2,1,0
user_8611,54.1,debit_card,False,False,19,5,CA,retail,0,3504,3,0.36,2,3,1,0
user_8869,96.91,ach,False,False,9,0,US,retail,0,877,3,0.65,3,3,1,0
user_1860,31.16,ach,False,False,17,6,UK,utilities,0,2968,1,0.39,1,1,1,0
user_8366,198.9,debit_card,False,False,6,6,US,retail,0,237,1,1.33,3,1,1,0
user_5288,206.37,ach,False,True,21,2,AU,utilities,0,908,3,2.58,2,3,1,0
user_7865,1716.31,debit_card,False,True,18,4,CA,groceries,0,2029,1,17.16,2,1,1,0
user_1258,115.2,debit_card,False,True,16,4,US,gas,0,549,1,2.3,1,1,1,0
user_7739,75.42,debit_card,False,False,11,1,UK,restaurant,0,2224,1,1.89,1,1,1,0
user_8491,288.84,ach,False,True,8,3,US,utilities,0,1907,1,3.61,3,1,1,0
user_9022,131.48,debit_card,False,False,15,1,AU,utilities,0,1443,1,1.64,1,1,1,0
user_2235,51.39,debit_card,False,False,18,2,US,gas,0,3358,1,1.03,2,1,1,0
user_8912,1615.47,ach,False,False,6,4,CA,utilities,0,3022,2,20.19,3,2,1,0
user_4817,827.66,debit_card,False,False,14,4,US,restaurant,0,1402,3,20.69,1,3,1,0
user_7563,249.45,credit_card,False,False,22,2,US,groceries,0,2415,1,2.49,2,1,1,0
user_8015,89.1,debit_card,False,False,20,3,CA,utilities,0,3244,1,1.11,2,1,1,0
user_3299,444.72,credit_card,False,True,6,5,CA,retail,0,2349,2,2.96,3,2,1,0
user_8406,53.54,credit_card,False,False,18,6,AU,groceries,0,389,1,0.54,2,1,1,0
user_5216,555.31,debit_card,False,True,18,6,AU,retail,0,1917,2,3.7,2,2,1,0
user_6439,98.43,debit_card,False,True,12,2,US,retail,0,2184,2,0.66,1,2,1,0
user_7325,114.68,debit_card,False,False,13,6,US,retail,0,547,2,0.76,1,2,1,0
user_1857,207.64,ach,False,False,11,1,UK,groceries,0,417,3,2.08,1,3,1,0
user_9148,56.61,debit_card,False,False,7,2,AU,groceries,0,2100,1,0.57,3,1,1,0
user_4814,26.21,debit_card,False,True,10,3,US,restaurant,0,2051,3,0.66,1,3,1,0
user_7126,61.9,debit_card,False,True,21,3,CA,restaurant,0,298,1,1.55,2,1,1,0
user_5221,920.16,ach,False,False,8,0,UK,utilities,0,953,1,11.5,3,1,1,0
user_4389,433.21,debit_card,False,True,14,5,UK,groceries,0,3410,2,4.33,1,2,1,0
user_7878,611.61,debit_card,False,False,6,3,CA,retail,0,2944,2,4.08,3,2,1,0
user_9808,972.04,debit_card,False,False,10,1,UK,gas,0,372,1,19.44,1,1,1,0
user_7859,672.88,credit_card,False,True,20,1,CA,restaurant,0,1150,1,16.82,2,1,1,0
user_5256,216.84,debit_card,False,False,14,4,UK,restaurant,0,1439,1,5.42,1,1,1,0
user_1618,1747.63,debit_card,False,False,7,5,UK,gas,0,87,3,34.95,3,3,5,0
user_9266,148.21,credit_card,True,True,7,4,CA,groceries,0,2928,3,1.48,3,3,1,0
user_2290,74.29,debit_card,False,False,20,0,AU,retail,0,3372,1,0.5,2,1,1,0
user_9488,195.66,ach,False,False,16,5,CA,restaurant,0,693,3,4.89,1,3,1,0
user_8489,78.93,ach,False,False,11,0,AU,gas,0,2474,3,1.58,1,3,1,0
user_7334,304.45,ach,False,False,9,3,AU,restaurant,0,2864,2,7.61,3,2,1,0
user_5520,177.79,credit_card,False,False,7,3,AU,gas,0,405,1,3.56,3,1,1,0
user_2889,176.02,credit_card,False,False,19,0,US,utilities,0,210,3,2.2,2,3,1,0
user_5631,242.45,debit_card,False,False,20,1,US,restaurant,0,2003,2,6.06,2,2,1,0
user_9078,788.49,credit_card,False,False,14,4,AU,retail,0,445,3,5.26,1,3,1,0
user_9331,36.2,debit_card,False,False,14,4,AU,groceries,0,3580,2,0.36,1,2,1,0
user_6400,26.69,debit_card,False,False,14,4,UK,utilities,0,3608,1,0.33,1,1,1,0
user_8429,9645.81,wire_transfer,True,True,7,5,AU,cryptocurrency,1,1901,11,9.65,3,11,1,1
user_5067,917.1,credit_card,False,True,18,1,UK,retail,0,1141,2,6.11,2,2,1,0
user_3496,135.39,debit_card,False,True,8,5,AU,retail,0,2772,2,0.9,3,2,1,0
user_7178,1786.38,credit_card,True,False,17,1,CA,restaurant,0,3132,1,44.66,1,1,1,0
user_7445,72.15,debit_card,False,True,10,3,UK,groceries,0,2832,2,0.72,1,2,1,0
user_5689,91.19,credit_card,False,False,21,6,UK,utilities,0,927,2,1.14,2,2,1,0
user_6383,1775.65,ach,False,False,16,2,UK,retail,0,2597,2,11.84,1,2,1,0
user_8869,146.99,ach,False,False,11,2,US,utilities,0,877,3,1.84,1,3,1,0
user_2655,109.27,debit_card,False,True,16,2,UK,retail,0,588,2,0.73,1,2,1,0
user_8109,351.05,debit_card,False,False,19,4,US,gas,0,2193,2,7.02,2,2,1,0
user_7437,63.41,debit_card,False,False,12,6,CA,utilities,0,2965,3,0.79,1,3,1,0
user_6253,78.59,debit_card,False,False,16,6,CA,utilities,0,2734,1,0.98,1,1,1,0
user_1567,816.09,debit_card,False,False,18,3,CA,gas,0,2681,3,16.32,2,3,1,0
user_1434,680.3,ach,False,False,7,6,AU,restaurant,0,932,1,17.01,3,1,1,0
user_2169,86.21,ach,False,False,8,5,UK,groceries,0,2467,3,0.86,3,3,1,0
user_9674,240.9,debit_card,False,False,20,4,CA,gas,0,683,1,4.82,2,1,1,0
user_4588,667.18,debit_card,True,True,2,1,PH,jewelry,4,3342,14,0.67,10,14,1,1
user_8286,366.81,debit_card,False,False,13,3,US,utilities,0,572,3,4.59,1,3,1,0
user_2420,68.27,credit_card,False,False,7,0,US,groceries,0,2444,2,0.68,3,2,1,0
user_1590,248.36,credit_card,False,True,9,5,US,retail,0,674,2,1.66,3,2,1,0
user_2404,178.93,ach,False,False,19,1,AU,gas,0,3128,2,3.58,2,2,1,0
user_5557,9900.07,cryptocurrency,True,True,12,6,AU,wire_transfer,3,1423,13,19.8,1,13,1,1
user_1202,1963.2,ach,False,False,21,2,AU,retail,0,490,2,13.09,2,2,1,0
user_9369,40.97,ach,False,False,20,0,US,utilities,0,1127,1,0.51,2,1,1,0
user_3381,822.3,ach,False,False,19,5,AU,restaurant,0,391,3,20.56,2,3,1,0
user_8035,768.45,debit_card,False,False,16,3,AU,retail,0,1600,3,5.12,1,3,1,0
user_9709,49.99,credit_card,False,False,11,3,CA,retail,0,2080,3,0.33,1,3,1,0
user_6061,314.92,ach,False,False,8,4,UK,groceries,0,3029,2,3.15,3,2,1,0
user_6167,508.03,debit_card,False,False,21,2,UK,groceries,0,2040,1,5.08,2,1,1,0
user_7866,951.59,ach,False,False,22,6,CA,retail,0,1729,1,6.34,2,1,1,0
user_9837,1697.8,debit_card,False,False,7,5,UK,retail,0,2031,1,11.32,3,1,1,0
user_9311,758.19,debit_card,False,False,19,1,AU,gas,0,2932,2,15.16,2,2,1,0
user_1975,47.05,debit_card,False,False,10,3,CA,groceries,0,3201,2,0.47,1,2,1,0
user_5986,758.95,credit_card,False,False,7,5,US,restaurant,0,991,1,18.97,3,1,1,0
user_5404,910.23,debit_card,False,True,10,0,US,utilities,0,777,3,11.38,1,3,1,0
user_1120,9717.88,wire_transfer,True,True,13,5,UK,cryptocurrency,2,2329,9,9.72,1,9,1,1
user_4505,89.45,debit_card,False,True,14,0,AU,groceries,0,1385,1,0.89,1,1,1,0
user_1807,853.07,debit_card,False,False,12,3,UK,groceries,0,378,1,8.53,1,1,1,0
user_1082,1386.91,credit_card,False,False,21,5,AU,restaurant,0,2230,1,34.67,2,1,1,0
user_7296,676.18,debit_card,False,False,21,5,UK,utilities,0,2944,1,8.45,2,1,1,0
user_5480,136.94,debit_card,False,False,20,5,CA,utilities,0,1572,2,1.71,2,2,1,0
user_4971,325.18,debit_card,False,False,14,3,UK,retail,0,3374,2,2.17,1,2,1,0
user_6736,1674.64,credit_card,False,False,17,5,US,retail,0,3153,2,11.16,1,2,1,0
user_1760,50.35,debit_card,False,False,20,2,UK,utilities,0,452,1,0.63,2,1,1,0
user_3146,9838.67,wire_transfer,True,True,7,5,AU,wire_transfer,1,527,8,19.68,3,8,1,1
user_8988,311.02,ach,False,False,22,1,CA,groceries,0,1313,1,3.11,2,1,1,0
user_2956,90.11,debit_card,False,True,20,2,CA,utilities,0,2903,3,1.13,2,3,1,0
user_3847,1804.19,ach,False,False,7,4,CA,gas,0,40,3,36.08,3,3,5,0
user_7445,132.55,credit_card,False,False,6,2,UK,retail,0,2832,2,0.88,3,2,1,0
user_5678,561.02,credit_card,False,True,8,1,US,groceries,0,585,2,5.61,3,2,1,0
user_5201,446.27,ach,False,False,7,4,CA,groceries,0,3421,3,4.46,3,3,1,0
user_4131,378.92,credit_card,False,False,13,5,US,gas,0,3576,1,7.58,1,1,1,0
user_3525,1507.9,debit_card,False,False,15,6,UK,gas,0,1708,2,30.16,1,2,1,0
user_4714,983.61,ach,True,False,6,1,AU,groceries,0,251,3,9.84,3,3,1,0
user_9123,115.5,debit_card,False,False,7,0,AU,utilities,0,1343,2,1.44,3,2,1,0
user_6985,833.38,ach,False,True,22,1,US,utilities,0,2146,2,10.42,2,2,1,0
user_5060,139.32,debit_card,True,False,12,2,US,retail,0,3159,3,0.93,1,3,1,0
user_3024,9684.92,cryptocurrency,True,True,1,4,UK,cryptocurrency,2,2424,15,9.68,10,15,1,1
user_4727,1277.4,credit_card,False,False,6,1,AU,restaurant,0,3382,2,31.94,3,2,1,0
user_4185,475.69,ach,True,True,13,1,AU,retail,0,1029,2,3.17,1,2,1,0
user_4522,759.55,debit_card,False,False,15,5,CA,retail,0,1724,2,5.06,1,2,1,0
user_7965,40.75,debit_card,False,False,19,6,CA,gas,0,1249,3,0.81,2,3,1,0
user_1651,550.06,debit_card,False,False,6,0,AU,restaurant,0,2722,1,13.75,3,1,1,0
user_6188,287.4,debit_card,False,False,10,4,US,groceries,0,51,1,2.87,1,1,5,0
user_6478,246.28,debit_card,False,False,12,5,AU,gas,0,3584,1,4.93,1,1,1,0
user_1945,842.1,debit_card,False,False,13,0,UK,retail,0,2992,2,5.61,1,2,1,0
user_5225,303.52,credit_card,False,False,22,1,US,groceries,0,386,2,3.04,2,2,1,0
user_7209,332.39,ach,False,False,6,1,AU,utilities,0,3515,1,4.15,3,1,1,0
user_4522,365.7,ach,False,False,13,3,CA,utilities,0,1724,3,4.57,1,3,1,0
user_8905,165.86,credit_card,False,False,14,0,US,restaurant,0,2468,2,4.15,1,2,1,0
user_9123,165.07,debit_card,False,False,6,4,AU,retail,0,1343,1,1.1,3,1,1,0
user_2636,146.67,ach,True,False,6,3,AU,groceries,0,3537,1,1.47,3,1,1,0
user_6600,55.13,credit_card,False,True,17,2,CA,utilities,0,3028,2,0.69,1,2,1,0
user_4522,589.09,ach,False,False,12,0,CA,retail,0,1724,2,3.93,1,2,1,0
user_7858,1570.09,debit_card,False,False,19,5,AU,groceries,0,2375,1,15.7,2,1,1,0
user_8429,1957.63,debit_card,True,False,22,2,US,gas,0,971,2,39.15,2,2,1,0
user_4706,351.27,credit_card,False,False,18,4,US,retail,0,649,2,2.34,2,2,1,0
user_9625,390.03,debit_card,False,False,15,0,UK,retail,0,3286,3,2.6,1,3,1,0
user_6053,114.37,ach,False,True,15,6,AU,retail,0,1938,2,0.76,1,2,1,0
user_2294,639.09,credit_card,False,True,8,0,CA,retail,0,2227,3,4.26,3,3,1,0
user_3847,1379.17,debit_card,True,False,8,2,CA,utilities,0,40,3,17.24,3,3,5,0
user_5362,492.12,credit_card,False,True,12,6,US,gas,0,490,1,9.84,1,1,1,0
user_1076,278.18,credit_card,False,False,7,0,AU,utilities,0,2103,2,3.48,3,2,1,0
user_2627,103.76,credit_card,False,False,21,6,UK,gas,0,278,1,2.08,2,1,1,0
user_7557,988.88,debit_card,False,False,14,2,AU,gas,0,2855,3,19.78,1,3,1,0
user_7018,611.62,debit_card,False,True,14,6,US,restaurant,0,3008,2,15.29,1,2,1,0
user_7594,1570.04,wire_transfer,True,True,1,6,ID,jewelry,5,1823,17,1.57,10,17,1,1
user_1149,130.23,credit_card,False,True,21,1,AU,utilities,0,1558,3,1.63,2,3,1,0
user_6736,640.4,ach,False,False,13,2,US,restaurant,0,3153,3,16.01,1,3,1,0
user_5951,556.51,credit_card,False,True,11,6,CA,utilities,0,215,1,6.96,1,1,1,0
user_8372,921.33,debit_card,False,False,18,2,UK,retail,0,555,2,6.14,2,2,1,0
user_9710,461.84,debit_card,False,False,7,2,CA,utilities,0,2185,3,5.77,3,3,1,0
user_7144,1265.97,wire_transfer,True,True,5,5,PH,jewelry,3,1704,21,1.27,10,20,1,1
user_4974,804.89,debit_card,False,False,12,6,AU,retail,0,3194,1,5.37,1,1,1,0
user_8542,193.29,debit_card,True,False,11,6,CA,restaurant,0,1115,2,4.83,1,2,1,0
user_4943,702.07,ach,False,False,19,0,CA,restaurant,0,1566,3,17.55,2,3,1,0
user_7293,9796.96,wire_transfer,True,True,1,6,CA,wire_transfer,1,3574,9,19.59,10,9,1,1
user_5819,6119.4,wire_transfer,True,True,2,5,PH,jewelry,6,795,23,6.12,10,20,1,1
user_8354,839.14,credit_card,False,True,20,6,UK,restaurant,0,3569,1,20.98,2,1,1,0
user_3979,457.4,ach,False,True,9,3,UK,groceries,0,3297,2,4.57,3,2,1,0
user_2960,704.89,ach,False,False,9,0,US,groceries,0,202,3,7.05,3,3,1,0
user_7939,2436.31,wire_transfer,True,True,5,3,RU,wire_transfer,5,1343,10,4.87,10,10,1,1
user_5221,481.88,ach,False,True,8,1,UK,groceries,0,953,3,4.82,3,3,1,0
user_4734,54.82,debit_card,False,False,15,0,AU,retail,0,3200,3,0.37,1,3,1,0
user_1040,92.45,debit_card,False,False,22,6,AU,gas,0,2630,3,1.85,2,3,1,0
user_7948,694.09,debit_card,False,True,16,1,CA,utilities,0,1043,3,8.68,1,3,1,0
user_4974,964.51,debit_card,False,False,15,1,AU,restaurant,0,3194,1,24.11,1,1,1,0
user_7408,357.04,credit_card,True,False,21,4,CA,retail,0,1442,2,2.38,2,2,1,0
user_7965,71.62,ach,True,False,21,0,CA,groceries,0,1249,3,0.72,2,3,1,0
user_9941,206.03,debit_card,False,False,22,3,CA,gas,0,1250,1,4.12,2,1,1,0
user_4534,66.42,ach,False,False,10,3,AU,gas,0,2105,2,1.33,1,2,1,0
user_4619,623.69,ach,False,True,11,0,AU,utilities,0,606,1,7.8,1,1,1,0
user_2916,113.9,ach,False,False,17,2,CA,utilities,0,2122,3,1.42,1,3,1,0
user_9123,1680.82,ach,False,False,21,2,CA,groceries,0,1905,2,16.81,2,2,1,0
user_7149,561.18,ach,False,False,18,4,CA,restaurant,0,341,3,14.03,2,3,1,0
user_4963,102.03,debit_card,False,True,15,4,AU,retail,0,757,3,0.68,1,3,1,0
user_9204,105.36,credit_card,False,False,11,0,US,restaurant,0,1820,1,2.63,1,1,1,0
user_1130,231.02,debit_card,False,False,7,5,UK,utilities,0,2339,1,2.89,3,1,1,0
user_6314,27.39,ach,False,True,15,6,UK,utilities,0,1565,2,0.34,1,2,1,0
user_9856,256.31,debit_card,False,False,12,1,CA,restaurant,0,3267,3,6.41,1,3,1,0
user_1082,1324.05,debit_card,False,False,22,1,AU,utilities,0,2230,3,16.55,2,3,1,0
user_3219,143.24,debit_card,False,True,10,1,AU,groceries,0,1390,3,1.43,1,3,1,0
user_5831,86.36,ach,False,False,16,5,UK,gas,0,458,1,1.73,1,1,1,0
user_5310,1399.32,wire_transfer,True,True,5,6,RU,wire_transfer,2,2524,9,2.8,10,9,1,1
user_5833,1554.11,credit_card,False,False,21,0,CA,groceries,0,748,3,15.54,2,3,1,0
user_7979,97.01,debit_card,False,True,9,2,US,groceries,0,69,2,0.97,3,2,5,0
user_6262,26.82,debit_card,False,True,11,6,UK,retail,0,2737,3,0.18,1,3,1,0
user_1760,70.08,credit_card,False,False,18,6,UK,utilities,0,452,3,0.88,2,3,1,0
user_3100,97.63,debit_card,False,False,7,6,UK,restaurant,0,2567,3,2.44,3,3,1,0
user_8723,822.25,debit_card,True,False,10,5,CA,groceries,0,3431,2,8.22,1,2,1,0
user_8066,99.9,debit_card,False,False,18,2,AU,gas,0,673,1,2.0,2,1,1,0
user_4281,1544.13,ach,False,False,6,4,US,gas,0,399,2,30.88,3,2,1,0
user_5355,1324.18,debit_card,False,False,7,3,US,utilities,0,3447,2,16.55,3,2,1,0
user_5739,158.51,ach,False,False,18,3,UK,restaurant,0,2395,3,3.96,2,3,1,0
user_5965,357.14,credit_card,False,True,17,4,AU,restaurant,0,3545,1,8.93,1,1,1,0
user_8750,89.55,ach,False,False,7,4,UK,utilities,0,1680,3,1.12,3,3,1,0
user_5107,29.82,credit_card,True,False,7,6,AU,utilities,0,1385,1,0.37,3,1,1,0
user_6736,1595.66,debit_card,False,False,14,1,US,restaurant,0,3153,3,39.89,1,3,1,0
user_7607,164.61,debit_card,False,False,8,6,AU,gas,0,1849,1,3.29,3,1,1,0
user_6727,48.63,ach,False,False,16,2,US,gas,0,1653,3,0.97,1,3,1,0
user_8859,1586.14,credit_card,False,False,15,6,UK,gas,0,2346,1,31.72,1,1,1,0
user_6727,88.2,debit_card,False,False,15,5,US,retail,0,1653,1,0.59,1,1,1,0
user_5107,88.75,debit_card,False,False,8,0,AU,gas,0,1385,2,1.77,3,2,1,0
user_2166,426.48,debit_card,False,False,7,5,US,gas,0,3583,3,8.53,3,3,1,0
user_1745,76.04,credit_card,False,False,12,0,US,gas,0,1217,3,1.52,1,3,1,0
user_1807,797.51,debit_card,False,True,12,1,UK,utilities,0,378,1,9.97,1,1,1,0
user_3219,288.84,debit_card,False,False,7,0,AU,groceries,0,1390,1,2.89,3,1,1,0
user_8428,945.11,debit_card,False,True,19,3,US,retail,0,1296,1,6.3,2,1,1,0
user_2889,147.3,debit_card,False,True,20,3,US,utilities,0,210,1,1.84,2,1,1,0
user_6730,180.8,debit_card,False,True,6,4,UK,retail,0,3097,1,1.21,3,1,1,0
user_8368,138.96,debit_card,False,True,12,6,US,retail,0,1828,2,0.93,1,2,1,0
user_7381,1062.86,debit_card,False,False,20,2,US,restaurant,0,3539,3,26.57,2,3,1,0
user_7437,189.12,debit_card,True,False,16,6,CA,retail,0,2965,1,1.26,1,1,1,0
user_5349,50.93,ach,False,True,8,5,AU,gas,0,1445,2,1.02,3,2,1,0
user_1878,9642.38,wire_transfer,True,True,23,4,AU,wire_transfer,2,589,12,19.28,7,12,1,1
user_9153,740.23,ach,False,True,6,4,CA,gas,0,1918,1,14.8,3,1,1,0
user_3173,131.01,debit_card,False,False,19,5,UK,groceries,0,2939,2,1.31,2,2,1,0
user_9128,47.26,debit_card,True,False,12,3,AU,restaurant,0,737,2,1.18,1,2,1,0
user_9821,160.78,debit_card,False,False,17,0,UK,retail,0,1361,2,1.07,1,2,1,0
user_5831,60.82,ach,False,False,13,4,UK,gas,0,458,2,1.22,1,2,1,0
user_9210,1779.67,credit_card,False,False,9,2,AU,retail,0,1520,1,11.86,3,1,1,0
user_3519,99.96,credit_card,False,False,14,6,UK,utilities,0,185,3,1.25,1,3,1,0
user_5225,240.82,credit_card,False,False,22,4,US,retail,0,386,3,1.61,2,3,1,0
user_6608,1713.46,ach,False,False,12,4,UK,restaurant,0,2528,3,42.84,1,3,1,0
user_7843,362.99,credit_card,False,False,10,4,AU,retail,0,115,3,2.42,1,3,5,0
user_8921,666.49,ach,False,True,12,0,UK,gas,0,1350,1,13.33,1,1,1,0
user_5408,772.47,ach,False,False,20,3,US,restaurant,0,3571,2,19.31,2,2,1,0
user_8511,44.8,credit_card,False,True,21,2,US,retail,0,2100,3,0.3,2,3,1,0
user_9105,293.72,credit_card,False,True,14,0,UK,utilities,0,1413,3,3.67,1,3,1,0
user_4443,357.31,credit_card,False,False,18,6,UK,gas,0,1934,1,7.15,2,1,1,0
user_6714,805.18,ach,True,False,21,4,UK,utilities,0,1208,3,10.06,2,3,1,0
user_1111,226.71,credit_card,False,False,16,4,CA,gas,0,1859,1,4.53,1,1,1,0
user_1256,61.91,credit_card,False,False,19,6,CA,gas,0,3111,1,1.24,2,1,1,0
user_1136,604.56,debit_card,False,False,17,5,UK,groceries,0,67,3,6.05,1,3,5,0
user_1833,14748.46,debit_card,True,True,2,2,PH,electronics,7,2039,21,29.5,10,20,1,1
user_3218,408.0,ach,False,False,12,3,AU,retail,0,1867,3,2.72,1,3,1,0
user_8490,55.36,credit_card,False,False,22,1,AU,gas,0,1322,1,1.11,2,1,1,0
user_3591,1305.02,credit_card,False,False,22,4,AU,retail,0,1473,1,8.7,2,1,1,0
user_1202,1906.84,ach,False,False,20,0,CA,gas,0,2773,1,38.14,2,1,1,0
user_6425,52.31,debit_card,False,False,8,4,UK,retail,0,761,2,0.35,3,2,1,0
user_4637,1383.21,debit_card,False,True,21,4,CA,utilities,0,1855,2,17.29,2,2,1,0
user_3852,247.91,debit_card,False,False,21,4,CA,retail,0,527,3,1.65,2,3,1,0
user_2245,340.95,debit_card,False,False,21,0,AU,gas,0,3198,3,6.82,2,3,1,0
user_7615,2012.14,wire_transfer,True,True,1,3,CN,wire_transfer,3,2401,15,4.02,10,15,1,1
user_7945,124.93,credit_card,False,False,12,4,UK,retail,0,1525,1,0.83,1,1,1,0
user_6985,16394.99,debit_card,True,True,1,1,PH,cash_withdrawal,7,2146,21,81.97,10,20,1,1
user_5622,105.6,debit_card,False,False,11,6,AU,utilities,0,3008,2,1.32,1,2,1,0
user_3222,839.91,credit_card,False,False,17,5,UK,gas,0,2776,2,16.8,1,2,1,0
user_9313,69.38,credit_card,False,False,9,0,AU,groceries,0,948,3,0.69,3,3,1,0
user_3328,652.98,debit_card,False,False,11,0,AU,groceries,0,2250,3,6.53,1,3,1,0
user_5438,238.61,debit_card,False,False,15,6,CA,retail,0,524,1,1.59,1,1,1,0
user_8973,168.41,debit_card,False,False,7,4,UK,restaurant,0,921,1,4.21,3,1,1,0
user_7581,60.54,debit_card,False,True,14,4,UK,retail,0,2858,2,0.4,1,2,1,0
user_9369,48.07,credit_card,False,False,21,2,US,groceries,0,1127,3,0.48,2,3,1,0
user_6374,1894.45,credit_card,False,True,11,2,US,retail,0,2632,3,12.63,1,3,1,0
user_1417,322.38,debit_card,False,False,16,0,UK,utilities,0,1744,1,4.03,1,1,1,0
user_6345,187.12,ach,False,False,15,5,UK,groceries,0,986,3,1.87,1,3,1,0
user_9619,70.22,ach,False,False,18,4,US,restaurant,0,1980,2,1.76,2,2,1,0
user_5583,730.87,credit_card,False,False,8,2,AU,gas,0,846,2,14.62,3,2,1,0
user_7843,122.32,debit_card,False,False,8,0,AU,groceries,0,115,3,1.22,3,3,5,0
user_2867,238.15,debit_card,False,False,19,0,AU,utilities,0,2191,3,2.98,2,3,1,0
user_4143,735.05,debit_card,False,False,19,5,AU,utilities,0,2804,3,9.19,2,3,1,0
user_3161,154.8,ach,False,False,8,6,UK,groceries,0,412,3,1.55,3,3,1,0
user_7178,1156.02,debit_card,True,True,16,6,CA,gas,0,3132,3,23.12,1,3,1,0
user_7565,986.86,debit_card,False,False,7,0,US,utilities,0,651,2,12.34,3,2,1,0
user_4517,67.64,debit_card,False,False,12,4,UK,utilities,0,1856,3,0.85,1,3,1,0
user_9313,183.78,ach,False,False,9,1,AU,retail,0,948,2,1.23,3,2,1,0
user_8921,17601.82,wire_transfer,True,True,4,5,NG,wire_transfer,2,1350,13,35.2,10,13,1,1
user_7809,992.93,ach,True,False,12,5,CA,gas,0,368,1,19.86,1,1,1,0
user_5744,9903.72,wire_transfer,True,True,8,4,AU,cryptocurrency,1,2560,8,9.9,3,8,1,1
user_4706,330.47,debit_card,False,False,22,6,US,gas,0,649,2,6.61,2,2,1,0
user_6096,36.49,credit_card,False,False,20,5,US,restaurant,0,1307,2,0.91,2,2,1,0
user_4189,323.79,debit_card,False,False,18,1,UK,restaurant,0,331,3,8.09,2,3,1,0
user_4150,150.26,credit_card,False,False,17,6,UK,groceries,0,951,1,1.5,1,1,1,0
user_2465,1933.29,debit_card,False,False,10,3,US,restaurant,0,747,3,48.33,1,3,1,0
user_9175,171.3,debit_card,False,True,6,6,CA,restaurant,0,3604,2,4.28,3,2,1,0
user_9821,50.5,credit_card,False,False,16,3,AU,restaurant,0,316,1,1.26,1,1,1,0
user_9762,28.88,ach,False,False,21,3,US,retail,0,3126,3,0.19,2,3,1,0
user_6400,283.97,ach,False,False,22,3,US,gas,0,1101,1,5.68,2,1,1,0
user_2391,41.03,debit_card,False,False,8,3,CA,gas,0,3120,2,0.82,3,2,1,0
user_7708,1718.21,ach,False,False,8,0,CA,restaurant,0,1328,1,42.96,3,1,1,0
user_8529,222.56,credit_card,False,False,20,1,US,restaurant,0,3325,3,5.56,2,3,1,0
user_1349,58.77,debit_card,False,False,16,6,CA,restaurant,0,545,1,1.47,1,1,1,0
user_8869,64.21,credit_card,False,True,10,3,US,groceries,0,877,3,0.64,1,3,1,0
user_8429,1942.66,credit_card,False,False,19,3,US,retail,0,971,1,12.95,2,1,1,0
user_1601,307.41,debit_card,False,True,7,3,UK,gas,0,1063,1,6.15,3,1,1,0
user_1530,893.14,credit_card,False,False,11,1,AU,gas,0,1549,2,17.86,1,2,1,0
user_2099,90.13,credit_card,False,False,7,4,US,groceries,0,1798,3,0.9,3,3,1,0
user_2262,544.65,ach,False,False,17,2,UK,gas,0,257,1,10.89,1,1,1,0
user_9004,1294.42,ach,True,False,8,3,AU,utilities,0,2675,2,16.18,3,2,1,0
user_6168,561.91,debit_card,False,False,14,0,US,utilities,0,894,2,7.02,1,2,1,0
user_5558,255.85,debit_card,False,False,12,2,US,retail,0,1956,3,1.71,1,3,1,0
user_3093,1783.96,ach,False,False,9,1,AU,restaurant,0,2112,1,44.6,3,1,1,0
user_3876,787.6,debit_card,False,False,11,1,US,restaurant,0,260,1,19.69,1,1,1,0
user_4666,142.68,credit_card,False,False,22,1,UK,groceries,0,2949,2,1.43,2,2,1,0
user_8183,177.25,debit_card,False,False,21,5,US,restaurant,0,3384,3,4.43,2,3,1,0
user_6447,115.16,debit_card,False,False,10,6,UK,retail,0,2266,3,0.77,1,3,1,0
user_1742,74.52,debit_card,False,False,9,5,UK,gas,0,3323,2,1.49,3,2,1,0
user_1130,213.18,debit_card,False,False,8,3,UK,restaurant,0,2339,3,5.33,3,3,1,0
user_6400,381.0,credit_card,False,True,19,5,US,utilities,0,1101,1,4.76,2,1,1,0
user_8939,100.55,credit_card,False,True,13,2,AU,retail,0,347,3,0.67,1,3,1,0
user_7367,1538.47,debit_card,False,True,15,3,US,groceries,0,1455,2,15.38,1,2,1,0
user_3777,170.71,debit_card,False,False,16,5,UK,retail,0,1129,2,1.14,1,2,1,0
user_5106,180.6,credit_card,False,False,20,6,US,utilities,0,2600,3,2.26,2,3,1,0
user_3425,129.89,debit_card,False,False,17,0,US,restaurant,0,1979,2,3.25,1,2,1,0
user_4150,60.94,debit_card,False,False,12,0,UK,groceries,0,951,2,0.61,1,2,1,0
user_2343,319.58,credit_card,False,False,6,3,CA,utilities,0,1108,1,3.99,3,1,1,0
user_6167,959.32,debit_card,False,False,20,4,UK,groceries,0,2040,1,9.59,2,1,1,0
user_4588,45.77,ach,False,True,14,6,US,restaurant,0,3342,2,1.14,1,2,1,0
user_9204,191.38,credit_card,False,False,11,6,US,restaurant,0,1820,2,4.78,1,2,1,0
user_2388,189.85,credit_card,False,False,14,5,US,utilities,0,1007,3,2.37,1,3,1,0
user_1742,395.84,debit_card,False,False,16,1,US,retail,0,2246,2,2.64,1,2,1,0
user_5093,78.89,debit_card,False,False,12,6,US,retail,0,3322,1,0.53,1,1,1,0
user_7296,294.7,credit_card,False,True,19,3,UK,retail,0,2944,1,1.96,2,1,1,0
user_9808,3218.03,debit_card,True,True,1,1,VN,electronics,7,2346,15,6.44,10,15,1,1
user_4053,508.64,debit_card,False,False,15,3,US,groceries,0,3050,1,5.09,1,1,1,0
user_5558,708.29,credit_card,False,False,15,1,US,groceries,0,1956,3,7.08,1,3,1,0
user_7852,879.6,debit_card,False,False,8,2,AU,gas,0,1762,1,17.59,3,1,1,0
user_9808,158.2,credit_card,False,True,10,4,AU,gas,0,2346,1,3.16,1,1,1,0
user_5625,140.83,credit_card,False,False,14,1,US,groceries,0,2295,2,1.41,1,2,1,0
user_8066,1979.65,debit_card,True,True,0,0,VN,cash_withdrawal,5,673,21,9.9,10,20,1,1
user_5476,64.74,debit_card,True,False,16,2,AU,retail,0,1668,3,0.43,1,3,1,0
user_5581,695.3,ach,False,False,7,5,CA,gas,0,2388,1,13.91,3,1,1,0
user_1514,188.14,credit_card,False,True,6,1,CA,gas,0,1170,3,3.76,3,3,1,0
user_7304,826.34,debit_card,False,True,7,0,US,utilities,0,845,2,10.33,3,2,1,0
user_4588,43.8,credit_card,False,False,13,1,US,gas,0,3342,1,0.88,1,1,1,0
user_5786,180.92,ach,False,False,20,0,AU,gas,0,450,3,3.62,2,3,1,0
user_7985,275.23,credit_card,False,False,8,5,AU,gas,0,2609,2,5.5,3,2,1,0
user_4648,59.22,ach,False,False,7,3,UK,restaurant,0,1926,1,1.48,3,1,1,0
user_7293,526.47,debit_card,False,False,15,0,CA,gas,0,3574,1,10.53,1,1,1,0
user_7565,778.2,credit_card,False,True,6,5,US,restaurant,0,651,3,19.46,3,3,1,0
user_9899,776.85,debit_card,False,False,16,2,UK,retail,0,3196,1,5.18,1,1,1,0
user_7147,369.73,debit_card,False,False,20,4,US,utilities,0,2462,1,4.62,2,1,1,0
user_6363,94.04,credit_card,False,False,16,2,UK,restaurant,0,1412,2,2.35,1,2,1,0
user_5162,298.73,debit_card,False,False,13,6,AU,groceries,0,1656,3,2.99,1,3,1,0
user_5510,535.35,debit_card,False,False,19,2,CA,groceries,0,312,2,5.35,2,2,1,0
user_3647,547.36,debit_card,False,False,21,4,AU,retail,0,2327,3,3.65,2,3,1,0
user_3165,1054.27,debit_card,False,False,16,0,UK,groceries,0,3431,1,10.54,1,1,1,0
user_9698,377.82,debit_card,False,False,12,0,UK,retail,0,1471,2,2.52,1,2,1,0
user_7945,87.44,ach,False,False,17,4,UK,utilities,0,1525,2,1.09,1,2,1,0
user_8017,98.02,debit_card,False,True,8,6,UK,gas,0,1038,3,1.96,3,3,1,0
user_8646,294.59,ach,False,False,21,6,AU,groceries,0,2424,3,2.95,2,3,1,0
user_5090,180.17,credit_card,False,False,22,5,UK,restaurant,0,3423,1,4.5,2,1,1,0
user_4143,937.27,debit_card,False,False,21,4,AU,restaurant,0,2804,3,23.43,2,3,1,0
user_2531,948.85,debit_card,False,True,16,2,AU,restaurant,0,2293,3,23.72,1,3,1,0
user_7859,27476.68,wire_transfer,True,True,3,6,NG,wire_transfer,4,1150,8,54.95,10,8,1,1
user_1612,1725.41,debit_card,False,True,12,0,US,retail,0,3225,3,11.5,1,3,1,0
user_1645,1159.14,credit_card,False,False,15,6,CA,groceries,0,2848,1,11.59,1,1,1,0
user_6113,127.12,ach,False,False,11,4,US,restaurant,0,3080,3,3.18,1,3,1,0
user_5336,60.4,ach,False,False,19,2,AU,groceries,0,2561,1,0.6,2,1,1,0
user_8889,958.0,ach,True,False,13,3,CA,retail,0,2449,1,6.39,1,1,1,0
user_1485,178.79,debit_card,False,False,17,4,AU,gas,0,964,1,3.58,1,1,1,0
user_7334,342.97,ach,True,True,8,5,AU,restaurant,0,2864,3,8.57,3,3,1,0
user_8517,804.59,credit_card,False,False,19,5,US,restaurant,0,2004,3,20.11,2,3,1,0
user_3254,55.09,debit_card,False,False,17,5,AU,restaurant,0,2881,1,1.38,1,1,1,0
user_7461,76.54,debit_card,False,False,19,3,US,groceries,0,1811,3,0.77,2,3,1,0
user_5114,80.17,ach,True,False,8,6,AU,utilities,0,3427,3,1.0,3,3,1,0
user_4012,1003.0,debit_card,False,False,7,6,CA,retail,0,1733,2,6.69,3,2,1,0
user_1424,140.51,credit_card,False,False,15,1,AU,utilities,0,2330,1,1.76,1,1,1,0
user_5355,1527.09,credit_card,True,True,7,3,US,groceries,0,3447,2,15.27,3,2,1,0
user_7381,514.03,ach,False,False,19,4,US,gas,0,3539,1,10.28,2,1,1,0
user_2290,834.19,wire_transfer,True,True,4,2,RU,wire_transfer,2,3372,7,1.67,10,7,1,1
user_9221,310.19,debit_card,False,False,18,0,CA,retail,0,3151,3,2.07,2,3,1,0
user_8303,32.23,ach,False,False,17,5,AU,retail,0,1934,2,0.21,1,2,1,0
user_3547,126.07,credit_card,False,True,12,5,US,retail,0,409,2,0.84,1,2,1,0
user_2600,9582.34,cryptocurrency,True,True,16,4,UK,cryptocurrency,2,1984,18,9.58,1,18,1,1
user_5162,230.58,debit_card,False,False,12,4,AU,utilities,0,1656,2,2.88,1,2,1,0
user_9796,145.17,debit_card,False,True,14,2,UK,utilities,0,837,1,1.81,1,1,1,0
user_5803,896.09,ach,False,False,15,6,CA,groceries,0,2915,2,8.96,1,2,1,0
user_3832,93.45,debit_card,False,False,9,0,CA,groceries,0,546,1,0.93,3,1,1,0
user_5438,337.89,credit_card,False,False,12,1,CA,retail,0,524,1,2.25,1,1,1,0
user_6021,554.98,debit_card,False,False,22,1,AU,restaurant,0,712,3,13.87,2,3,1,0
user_9962,35.11,debit_card,False,False,17,2,AU,gas,0,2915,3,0.7,1,3,1,0
user_1860,79.23,debit_card,False,False,13,0,UK,gas,0,2968,3,1.58,1,3,1,0
user_7565,746.32,ach,False,False,11,0,US,restaurant,0,651,3,18.66,1,3,1,0
user_7936,26.79,ach,False,False,19,3,AU,gas,0,857,3,0.54,2,3,1,0
user_1962,20064.35,wire_transfer,True,True,0,3,RU,wire_transfer,4,3380,9,40.13,10,9,1,1
user_3389,747.44,debit_card,False,False,10,2,CA,gas,0,847,1,14.95,1,1,1,0
user_3321,147.8,ach,False,False,15,5,UK,retail,0,1895,2,0.99,1,2,1,0
user_5480,6680.6,wire_transfer,True,True,3,2,NG,wire_transfer,3,1572,9,13.36,10,9,1,1
user_3395,806.87,ach,False,False,13,5,US,gas,0,926,3,16.14,1,3,1,0
user_3869,910.68,ach,True,False,20,6,AU,groceries,0,222,2,9.11,2,2,1,0
user_6850,98.44,ach,False,True,12,6,CA,gas,0,3032,3,1.97,1,3,1,0
user_3209,29.57,credit_card,False,False,19,1,AU,restaurant,0,181,3,0.74,2,3,1,0
user_7461,96.62,debit_card,False,False,18,1,US,groceries,0,1811,3,0.97,2,3,1,0
user_6599,331.31,debit_card,False,False,18,0,CA,utilities,0,389,1,4.14,2,1,1,0
user_8341,33.88,debit_card,False,False,15,1,AU,restaurant,0,1324,2,0.85,1,2,1,0
user_4944,190.06,debit_card,True,False,20,3,UK,gas,0,229,2,3.8,2,2,1,0
user_9922,109.0,debit_card,False,False,22,4,CA,utilities,0,1118,3,1.36,2,3,1,0
user_2916,126.41,debit_card,True,False,13,3,CA,restaurant,0,2122,3,3.16,1,3,1,0
user_1788,934.08,debit_card,True,False,15,0,AU,groceries,0,711,3,9.34,1,3,1,0
user_3926,51.79,debit_card,False,True,6,5,US,groceries,0,2018,3,0.52,3,3,1,0
user_4705,1584.55,ach,False,False,18,2,AU,gas,0,68,1,31.69,2,1,5,0
user_4705,1701.11,ach,False,False,22,6,AU,retail,0,68,2,11.34,2,2,5,0
user_1417,629.38,debit_card,True,False,13,4,UK,gas,0,1744,2,12.59,1,2,1,0
user_9410,70.63,ach,False,True,13,5,US,utilities,0,939,3,0.88,1,3,1,0
user_6916,142.59,debit_card,False,False,8,6,AU,retail,0,3555,1,0.95,3,1,1,0
user_8879,1150.63,debit_card,False,False,6,4,AU,gas,0,1649,2,23.01,3,2,1,0
user_9263,479.07,credit_card,False,False,9,4,US,utilities,0,756,1,5.99,3,1,1,0
user_1613,66.28,credit_card,False,False,17,1,US,utilities,0,1402,1,0.83,1,1,1,0
user_6828,827.07,debit_card,True,False,18,0,US,utilities,0,2803,2,10.34,2,2,1,0
user_7105,171.01,ach,False,False,18,6,US,groceries,0,2432,3,1.71,2,3,1,0
user_6568,1337.01,ach,False,True,17,0,US,utilities,0,1188,2,16.71,1,2,1,0
user_5329,87.48,ach,False,True,8,0,UK,restaurant,0,53,2,2.19,3,2,5,0
user_9394,72.41,ach,False,False,17,1,AU,retail,0,484,1,0.48,1,1,1,0
user_8933,272.22,ach,True,False,22,5,UK,groceries,0,441,3,2.72,2,3,1,0
user_2627,334.01,ach,False,False,20,6,UK,utilities,0,278,3,4.18,2,3,1,0
user_1807,1630.16,credit_card,False,False,13,5,UK,groceries,0,378,3,16.3,1,3,1,0
user_2617,31.99,debit_card,False,True,21,5,AU,restaurant,0,2724,2,0.8,2,2,1,0
user_9904,1849.45,debit_card,False,False,17,4,CA,utilities,0,1528,3,23.12,1,3,1,0
user_8750,34.13,debit_card,False,False,6,5,UK,utilities,0,1680,1,0.43,3,1,1,0
user_4089,885.77,ach,True,False,18,3,AU,groceries,0,1646,1,8.86,2,1,1,0
user_1424,188.85,debit_card,False,False,15,2,AU,groceries,0,2330,3,1.89,1,3,1,0
user_5438,232.41,ach,False,False,16,6,CA,utilities,0,524,2,2.91,1,2,1,0
user_6890,1860.65,ach,False,False,18,3,US,utilities,0,477,1,23.26,2,1,1,0
user_1618,1814.82,credit_card,False,False,7,4,UK,retail,0,87,1,12.1,3,1,5,0
user_5689,73.42,debit_card,False,False,19,5,UK,groceries,0,927,1,0.73,2,1,1,0
user_4621,567.46,credit_card,False,False,16,6,UK,utilities,0,279,1,7.09,1,1,1,0
user_7408,9899.72,wire_transfer,True,True,5,3,CA,wire_transfer,3,1442,16,19.8,10,16,1,1
user_1344,1349.92,credit_card,False,False,20,4,CA,restaurant,0,2440,2,33.75,2,2,1,0
user_6008,645.14,credit_card,False,False,8,0,UK,utilities,0,3338,2,8.06,3,2,1,0
user_7018,744.36,debit_card,False,True,16,5,US,retail,0,3008,2,4.96,1,2,1,0
user_5684,986.75,ach,False,False,9,1,US,retail,0,133,2,6.58,3,2,5,0
user_5803,9592.32,cryptocurrency,True,True,12,6,CA,cryptocurrency,1,2915,14,9.59,1,14,1,1
user_4519,151.83,debit_card,False,False,13,0,US,utilities,0,2394,1,1.9,1,1,1,0
user_3165,1454.58,debit_card,False,False,17,6,UK,utilities,0,3431,1,18.18,1,1,1,0
user_6169,52.33,ach,False,False,18,1,CA,restaurant,0,814,1,1.31,2,1,1,0
user_7010,979.19,debit_card,False,False,9,0,AU,retail,0,2267,3,6.53,3,3,1,0
user_3595,18979.76,wire_transfer,True,True,1,5,CN,wire_transfer,3,2546,8,37.96,10,8,1,1
user_6085,120.47,credit_card,False,False,8,4,CA,utilities,0,130,1,1.51,3,1,5,0
user_9622,138.83,debit_card,False,False,8,0,UK,groceries,0,2915,2,1.39,3,2,1,0
user_8372,507.63,debit_card,False,False,20,4,UK,retail,0,555,3,3.38,2,3,1,0
user_8157,343.61,ach,False,False,21,2,UK,utilities,0,743,1,4.3,2,1,1,0
user_2867,261.17,credit_card,False,False,19,0,AU,restaurant,0,2191,1,6.53,2,1,1,0
user_6802,90.02,debit_card,False,False,16,0,US,gas,0,1816,3,1.8,1,3,1,0
user_5278,173.27,debit_card,False,True,7,2,CA,groceries,0,2148,2,1.73,3,2,1,0
user_3079,327.71,debit_card,False,False,19,6,US,gas,0,3189,2,6.55,2,2,1,0
user_7479,191.03,debit_card,False,False,16,1,UK,groceries,0,3093,1,1.91,1,1,1,0
user_3139,1427.22,ach,False,False,16,6,UK,utilities,0,2825,1,17.84,1,1,1,0
user_9123,113.03,ach,False,True,9,4,AU,utilities,0,1343,3,1.41,3,3,1,0
user_5442,890.49,debit_card,False,False,18,5,UK,restaurant,0,592,1,22.26,2,1,1,0
user_5380,1437.6,credit_card,False,True,18,6,US,restaurant,0,585,3,35.94,2,3,1,0
user_4621,972.82,debit_card,False,False,16,6,UK,utilities,0,279,1,12.16,1,1,1,0
user_7304,329.37,ach,False,False,6,4,US,gas,0,845,2,6.59,3,2,1,0
user_4893,390.65,debit_card,False,False,9,0,US,retail,0,1006,3,2.6,3,3,1,0
user_3712,353.93,credit_card,True,False,8,6,AU,groceries,0,1522,3,3.54,3,3,1,0
user_1659,109.75,debit_card,False,False,16,2,AU,retail,0,1169,1,0.73,1,1,1,0
user_3636,231.26,ach,False,False,22,0,UK,utilities,0,629,3,2.89,2,3,1,0
user_7149,710.04,debit_card,False,False,18,3,CA,gas,0,341,1,14.2,2,1,1,0
user_2642,187.78,ach,False,True,20,2,AU,retail,0,3249,3,1.25,2,3,1,0
user_7631,56.17,ach,False,False,9,4,CA,retail,0,1437,3,0.37,3,3,1,0
user_9808,715.44,debit_card,False,False,11,1,UK,groceries,0,372,2,7.15,1,2,1,0
user_5011,818.95,debit_card,False,False,21,1,US,utilities,0,1895,2,10.24,2,2,1,0
user_1945,1946.34,debit_card,False,True,17,6,UK,retail,0,2992,3,12.98,1,3,1,0
user_9922,143.01,debit_card,False,True,21,3,CA,restaurant,0,1118,3,3.58,2,3,1,0
user_3852,135.74,credit_card,False,True,20,1,CA,utilities,0,527,2,1.7,2,2,1,0
user_2943,120.56,ach,False,True,21,1,AU,groceries,0,2196,1,1.21,2,1,1,0
user_1842,223.68,debit_card,False,False,22,5,UK,restaurant,0,1470,1,5.59,2,1,1,0
user_2627,171.89,ach,False,False,19,0,UK,restaurant,0,278,1,4.3,2,1,1,0
user_7939,758.75,credit_card,False,False,13,3,UK,groceries,0,2817,2,7.59,1,2,1,0
user_1517,801.64,credit_card,False,False,18,5,US,utilities,0,811,1,10.02,2,1,1,0
user_1857,146.96,debit_card,False,False,8,3,UK,gas,0,417,2,2.94,3,2,1,0
user_1639,1706.98,ach,False,True,19,3,US,groceries,0,411,1,17.07,2,1,1,0
user_8489,97.72,credit_card,False,True,6,5,AU,gas,0,2474,2,1.95,3,2,1,0
user_1833,1933.68,credit_card,False,False,18,4,UK,restaurant,0,2039,1,48.34,2,1,1,0
user_4176,131.92,debit_card,True,False,13,5,CA,utilities,0,997,1,1.65,1,1,1,0
user_8126,550.79,debit_card,False,True,21,2,UK,retail,0,1452,2,3.67,2,2,1,0
user_3096,241.9,ach,False,False,18,2,CA,utilities,0,2814,1,3.02,2,1,1,0
user_8786,1948.12,credit_card,False,False,6,4,UK,gas,0,3187,1,38.96,3,1,1,0
user_6364,1256.02,credit_card,True,True,20,1,UK,groceries,0,807,1,12.56,2,1,1,0
user_7224,365.84,debit_card,False,False,17,3,UK,utilities,0,1793,2,4.57,1,2,1,0
user_1659,50.6,debit_card,False,False,9,3,CA,retail,0,3467,3,0.34,3,3,1,0
user_7594,9669.38,cryptocurrency,True,True,9,6,AU,cryptocurrency,3,1823,8,9.67,3,8,1,1
user_8414,65.12,debit_card,False,False,8,0,CA,utilities,0,38,1,0.81,3,1,5,0
user_8715,925.93,debit_card,False,False,22,0,UK,gas,0,403,2,18.52,2,2,1,0
user_8432,305.89,debit_card,False,False,8,5,UK,groceries,0,1306,3,3.06,3,3,1,0
user_4534,41.08,credit_card,False,False,6,4,AU,groceries,0,2105,1,0.41,3,1,1,0
user_1674,56.78,ach,False,False,7,5,US,groceries,0,2657,3,0.57,3,3,1,0
user_8714,1021.92,ach,True,True,19,2,CA,gas,0,3150,3,20.44,2,3,1,0
user_4621,779.34,debit_card,False,False,16,6,UK,gas,0,279,3,15.59,1,3,1,0
user_9311,1842.69,debit_card,False,True,19,2,AU,gas,0,2932,3,36.85,2,3,1,0
user_1567,1350.61,debit_card,False,False,22,1,CA,groceries,0,2681,1,13.51,2,1,1,0
user_6437,203.75,ach,False,False,16,5,UK,retail,0,924,2,1.36,1,2,1,0
user_4505,71.05,ach,False,False,14,4,AU,gas,0,1385,1,1.42,1,1,1,0
user_3584,428.38,debit_card,False,False,20,3,UK,gas,0,2535,3,8.57,2,3,1,0
user_2809,34.79,credit_card,False,True,21,5,US,gas,0,209,2,0.7,2,2,1,0
user_4560,185.26,debit_card,False,False,11,3,UK,restaurant,0,2842,2,4.63,1,2,1,0
user_4450,133.55,ach,False,False,13,1,US,gas,0,421,3,2.67,1,3,1,0
user_3170,286.1,debit_card,True,True,6,3,CA,groceries,0,1543,1,2.86,3,1,1,0
user_2696,355.96,credit_card,False,True,19,2,UK,groceries,0,2094,2,3.56,2,2,1,0
user_2796,85.79,credit_card,False,False,19,3,CA,gas,0,3274,1,1.72,2,1,1,0
user_9148,41.53,debit_card,True,False,8,2,AU,retail,0,1718,3,0.28,3,3,1,0
user_2943,146.04,ach,False,False,18,4,AU,gas,0,2196,3,2.92,2,3,1,0
user_7296,397.05,ach,False,False,22,5,UK,utilities,0,2944,1,4.96,2,1,1,0
user_4150,174.68,ach,False,False,15,4,UK,utilities,0,951,3,2.18,1,3,1,0
user_5927,168.53,debit_card,False,True,13,5,US,groceries,0,2333,1,1.69,1,1,1,0
user_2476,274.55,debit_card,False,False,13,1,AU,retail,0,749,1,1.83,1,1,1,0
user_9531,582.85,credit_card,False,False,19,5,CA,restaurant,0,1739,2,14.57,2,2,1,0
user_7165,197.6,debit_card,False,False,20,6,AU,groceries,0,1475,1,1.98,2,1,1,0
user_3555,69.71,debit_card,False,False,11,4,US,groceries,0,1025,1,0.7,1,1,1,0
user_6455,162.88,credit_card,False,False,9,2,CA,groceries,0,808,2,1.63,3,2,1,0
user_3381,478.56,debit_card,False,True,21,2,AU,retail,0,391,2,3.19,2,2,1,0
user_1076,384.07,credit_card,False,False,7,6,AU,retail,0,2103,2,2.56,3,2,1,0
user_6345,106.38,debit_card,True,False,16,1,UK,retail,0,986,2,0.71,1,2,1,0
user_4450,183.19,credit_card,True,False,15,2,US,gas,0,421,3,3.66,1,3,1,0
user_7732,80.79,ach,False,True,6,1,US,groceries,0,553,2,0.81,3,2,1,0
user_6096,72.88,credit_card,False,True,20,2,US,retail,0,1307,3,0.49,2,3,1,0
user_2765,252.0,debit_card,False,False,10,5,US,gas,0,3192,2,5.04,1,2,1,0
user_7304,688.42,debit_card,False,False,10,5,US,gas,0,845,3,13.77,1,3,1,0
user_2101,99.67,debit_card,False,False,18,4,UK,groceries,0,1513,2,1.0,2,2,1,0
user_6727,87.86,debit_card,False,False,14,3,US,gas,0,1653,1,1.76,1,1,1,0
user_4598,315.58,debit_card,False,False,9,6,CA,restaurant,0,3396,2,7.89,3,2,1,0
user_3931,1125.44,debit_card,False,True,21,6,AU,retail,0,3086,3,7.5,2,3,1,0
user_1100,117.89,credit_card,False,False,7,6,AU,utilities,0,315,3,1.47,3,3,1,0
user_8886,83.14,ach,False,True,17,6,US,groceries,0,704,3,0.83,1,3,1,0
user_9163,1607.23,credit_card,False,False,15,4,AU,gas,0,3630,1,32.14,1,1,1,0
user_6671,179.2,credit_card,False,False,15,5,CA,restaurant,0,3614,3,4.48,1,3,1,0
user_9941,388.29,debit_card,False,False,19,0,CA,utilities,0,1250,2,4.85,2,2,1,0
user_1202,1232.93,ach,False,False,18,1,CA,retail,0,2773,1,8.22,2,1,1,0
user_5093,26.03,credit_card,False,False,16,4,US,utilities,0,3322,2,0.33,1,2,1,0
user_3815,1517.32,credit_card,False,False,16,2,UK,utilities,0,390,3,18.97,1,3,1,0
user_6364,530.02,debit_card,False,False,19,5,UK,utilities,0,807,3,6.63,2,3,1,0
user_1685,186.85,debit_card,False,False,13,2,US,utilities,0,1495,2,2.34,1,2,1,0
user_2343,216.11,credit_card,False,True,7,3,CA,utilities,0,1108,1,2.7,3,1,1,0
user_4944,9800.55,wire_transfer,True,True,10,1,UK,cryptocurrency,2,229,19,9.8,1,19,1,1
user_7146,574.48,credit_card,False,False,9,1,US,retail,0,1680,1,3.83,3,1,1,0
user_4588,63.68,debit_card,True,False,12,0,US,restaurant,0,3342,3,1.59,1,3,1,0
user_1878,363.59,credit_card,False,False,6,5,AU,gas,0,589,3,7.27,3,3,1,0
user_1076,170.39,debit_card,False,False,10,2,AU,restaurant,0,2103,3,4.26,1,3,1,0
user_9031,44.87,credit_card,False,False,14,0,UK,restaurant,0,2633,3,1.12,1,3,1,0
user_2130,5676.28,wire_transfer,True,True,0,4,RO,wire_transfer,5,1704,15,11.35,10,15,1,1
user_3147,677.62,ach,False,False,17,1,CA,groceries,0,694,3,6.78,1,3,1,0
user_4295,127.19,debit_card,False,True,17,3,UK,gas,0,1824,1,2.54,1,1,1,0
user_6759,509.99,credit_card,False,False,15,6,CA,restaurant,0,1044,3,12.75,1,3,1,0
user_9327,160.48,debit_card,False,False,11,6,UK,restaurant,0,3194,3,4.01,1,3,1,0
user_7753,386.49,debit_card,False,False,10,1,UK,gas,0,73,3,7.73,1,3,5,0
user_3139,1647.56,debit_card,False,False,15,3,UK,groceries,0,2825,2,16.48,1,2,1,0
user_2562,148.46,ach,False,False,9,5,AU,restaurant,0,1355,2,3.71,3,2,1,0
user_4637,584.16,debit_card,False,False,19,4,CA,gas,0,1855,3,11.68,2,3,1,0
user_8109,228.25,debit_card,False,False,22,0,US,groceries,0,2193,2,2.28,2,2,1,0
user_7825,194.63,debit_card,False,False,22,3,US,utilities,0,2174,3,2.43,2,3,1,0
user_7824,1371.51,credit_card,False,True,13,1,US,utilities,0,2474,3,17.14,1,3,1,0
user_4920,118.81,credit_card,False,False,9,1,CA,gas,0,2643,2,2.38,3,2,1,0
user_5349,51.15,debit_card,False,False,10,1,AU,groceries,0,1445,2,0.51,1,2,1,0
user_7334,229.48,debit_card,False,False,8,2,AU,groceries,0,2864,2,2.29,3,2,1,0
user_3222,971.23,ach,False,False,13,4,UK,groceries,0,2776,1,9.71,1,1,1,0
user_3340,269.54,credit_card,False,False,7,4,CA,restaurant,0,3081,2,6.74,3,2,1,0
user_9364,1536.74,debit_card,False,False,21,3,CA,restaurant,0,2549,1,38.42,2,1,1,0
user_4295,176.73,debit_card,False,False,15,2,UK,retail,0,1824,1,1.18,1,1,1,0
user_2916,51.95,credit_card,False,False,17,3,CA,utilities,0,2122,1,0.65,1,1,1,0
user_6416,101.02,debit_card,False,False,8,3,US,gas,0,2781,1,2.02,3,1,1,0
user_2989,895.12,wire_transfer,True,True,1,3,VN,electronics,5,565,10,1.79,10,10,1,1
user_7723,1679.21,credit_card,False,False,22,6,AU,retail,0,3605,3,11.19,2,3,1,0
user_4616,1113.28,debit_card,False,False,21,1,US,retail,0,83,1,7.42,2,1,5,0
user_2655,320.85,ach,False,False,15,1,UK,groceries,0,588,2,3.21,1,2,1,0
user_2647,112.55,credit_card,False,False,7,3,CA,restaurant,0,1696,3,2.81,3,3,1,0
user_7363,142.7,debit_card,False,False,11,6,CA,retail,0,998,1,0.95,1,1,1,0
user_2260,336.16,debit_card,False,False,11,2,CA,gas,0,2351,1,6.72,1,1,1,0
user_5833,182.78,credit_card,False,True,21,2,CA,retail,0,927,3,1.22,2,3,1,0
user_8490,87.63,ach,False,False,21,6,AU,utilities,0,1322,2,1.1,2,2,1,0
user_2293,867.79,ach,False,True,20,0,CA,groceries,0,2264,3,8.68,2,3,1,0
user_6437,363.23,ach,False,True,14,1,UK,retail,0,924,1,2.42,1,1,1,0
user_7150,419.59,debit_card,False,True,9,2,AU,gas,0,381,1,8.39,3,1,1,0
user_3321,316.86,debit_card,False,False,13,2,UK,retail,0,1895,3,2.11,1,3,1,0
user_3385,70.57,debit_card,False,False,18,2,AU,restaurant,0,2348,3,1.76,2,3,1,0
user_9383,52.82,ach,False,False,20,1,US,restaurant,0,1078,1,1.32,2,1,1,0
user_5082,1982.47,debit_card,False,False,9,1,AU,utilities,0,3232,2,24.78,3,2,1,0
user_6155,91.99,debit_card,False,False,19,5,AU,groceries,0,1650,1,0.92,2,1,1,0
user_1472,78.51,debit_card,False,False,16,0,AU,restaurant,0,492,1,1.96,1,1,1,0
user_2420,36.25,debit_card,False,False,9,4,US,gas,0,2444,2,0.72,3,2,1,0
user_2809,1638.53,ach,False,True,18,2,AU,retail,0,640,3,10.92,2,3,1,0
user_1485,113.99,debit_card,False,False,15,5,AU,retail,0,964,3,0.76,1,3,1,0
user_9148,38.59,debit_card,False,False,8,1,AU,utilities,0,2100,1,0.48,3,1,1,0
user_5728,990.97,debit_card,False,False,10,3,AU,restaurant,0,2850,2,24.77,1,2,1,0
user_7878,763.62,debit_card,False,False,6,6,CA,restaurant,0,2944,1,19.09,3,1,1,0
user_8286,158.04,ach,False,False,13,5,US,utilities,0,572,1,1.98,1,1,1,0
user_8988,121.98,debit_card,False,False,18,2,CA,restaurant,0,1313,1,3.05,2,1,1,0
user_9524,239.57,credit_card,False,False,20,6,CA,gas,0,1745,1,4.79,2,1,1,0
user_2394,219.63,debit_card,False,False,9,3,UK,utilities,0,897,1,2.75,3,1,1,0
user_9591,66.94,ach,False,False,14,3,CA,retail,0,1368,3,0.45,1,3,1,0
user_8269,1793.37,wire_transfer,True,True,2,2,NG,wire_transfer,2,148,13,3.59,10,13,5,1
user_8277,589.33,ach,False,False,13,3,AU,groceries,0,988,1,5.89,1,1,1,0
user_9798,552.81,ach,True,False,6,0,UK,gas,0,936,3,11.06,3,3,1,0
user_9922,88.76,ach,False,False,20,1,CA,gas,0,1118,3,1.78,2,3,1,0
user_8529,295.76,credit_card,False,False,19,2,US,retail,0,3325,3,1.97,2,3,1,0
user_3621,59.52,debit_card,False,False,6,4,AU,gas,0,172,3,1.19,3,3,5,0
user_9727,9546.74,cryptocurrency,True,True,23,3,AU,cryptocurrency,2,2281,11,9.55,7,11,1,1
user_6568,868.94,debit_card,False,False,17,2,US,restaurant,0,1188,1,21.72,1,1,1,0
user_1996,892.92,debit_card,False,True,12,0,AU,utilities,0,2840,2,11.16,1,2,1,0
user_4666,304.48,debit_card,False,False,21,4,UK,retail,0,2949,1,2.03,2,1,1,0
user_4727,43.35,debit_card,False,False,12,3,US,retail,0,3144,3,0.29,1,3,1,0
user_6269,534.39,debit_card,False,False,14,5,CA,retail,0,136,2,3.56,1,2,5,0
user_4143,990.34,debit_card,False,True,22,5,AU,restaurant,0,2804,3,24.76,2,3,1,0
user_9180,186.19,debit_card,False,False,22,3,UK,retail,0,1021,1,1.24,2,1,1,0
user_1485,305.33,debit_card,False,False,14,4,AU,groceries,0,964,1,3.05,1,1,1,0
user_7565,354.74,debit_card,False,False,9,5,US,retail,0,651,3,2.36,3,3,1,0
user_5712,1305.52,debit_card,False,False,10,5,US,utilities,0,1839,2,16.32,1,2,1,0
user_5458,1248.41,credit_card,False,False,14,5,CA,groceries,0,1343,1,12.48,1,1,1,0
user_7607,53.83,debit_card,False,False,10,5,AU,restaurant,0,1849,1,1.35,1,1,1,0
user_7909,51.07,ach,True,False,8,2,CA,retail,0,2881,3,0.34,3,3,1,0
user_3101,68.01,credit_card,False,False,19,3,AU,groceries,0,1989,3,0.68,2,3,1,0
user_1807,636.08,debit_card,False,False,12,0,UK,gas,0,112,2,12.72,1,2,5,0
user_3785,1707.73,credit_card,False,False,7,5,UK,utilities,0,429,1,21.35,3,1,1,0
user_9381,707.54,ach,False,False,10,4,UK,groceries,0,496,2,7.08,1,2,1,0
user_4920,134.52,debit_card,False,False,6,2,CA,restaurant,0,2643,2,3.36,3,2,1,0
user_7022,348.96,debit_card,False,False,8,1,AU,utilities,0,3198,1,4.36,3,1,1,0
user_9504,793.92,debit_card,False,False,22,3,US,restaurant,0,1802,1,19.85,2,1,1,0
user_8912,958.63,debit_card,True,True,10,5,CA,gas,0,3022,2,19.17,1,2,1,0
user_4912,1146.91,ach,False,False,17,2,CA,groceries,0,3536,1,11.47,1,1,1,0
user_4839,622.56,debit_card,False,False,11,6,US,groceries,0,603,1,6.23,1,1,1,0
user_4232,668.59,debit_card,False,False,20,1,AU,retail,0,1622,1,4.46,2,1,1,0
user_3793,156.09,credit_card,False,False,13,2,AU,utilities,0,2576,3,1.95,1,3,1,0
user_7146,341.57,debit_card,False,True,11,1,US,retail,0,1680,1,2.28,1,1,1,0
user_8988,352.82,debit_card,False,True,22,5,CA,utilities,0,1313,2,4.41,2,2,1,0
user_4366,60.23,ach,False,False,15,6,AU,restaurant,0,2740,3,1.51,1,3,1,0
user_2276,87.88,debit_card,False,False,21,0,US,gas,0,444,2,1.76,2,2,1,0
user_9504,1384.97,ach,False,False,18,5,US,groceries,0,1802,1,13.85,2,1,1,0
user_9504,1825.06,ach,False,False,20,0,US,utilities,0,1802,3,22.81,2,3,1,0
user_7945,172.97,debit_card,False,False,15,5,UK,gas,0,1525,2,3.46,1,2,1,0
user_3847,1131.3,credit_card,False,False,10,3,CA,retail,0,40,2,7.54,1,2,5,0
user_8765,89.26,debit_card,False,False,18,3,CA,utilities,0,588,2,1.12,2,2,1,0
user_1752,97.61,debit_card,False,False,18,0,AU,gas,0,96,3,1.95,2,3,5,0
user_2636,332.41,credit_card,False,False,9,4,AU,restaurant,0,3537,1,8.31,3,1,1,0
user_2419,376.34,ach,False,True,14,1,CA,groceries,0,3103,2,3.76,1,2,1,0
user_1505,189.48,credit_card,False,True,15,4,US,groceries,0,1155,3,1.89,1,3,1,0
user_5828,1926.25,credit_card,False,False,18,2,AU,retail,0,807,3,12.84,2,3,1,0
user_6085,463.96,credit_card,False,False,16,2,US,retail,0,263,2,3.09,1,2,1,0
user_6617,200.77,debit_card,False,False,15,0,CA,gas,0,595,2,4.02,1,2,1,0
user_2294,4047.8,wire_transfer,True,True,4,6,CN,wire_transfer,2,2344,8,8.1,10,8,1,1
user_4212,77.92,debit_card,False,True,22,3,CA,utilities,0,1967,2,0.97,2,2,1,0
user_7086,75.78,ach,False,False,22,5,CA,retail,0,1961,1,0.51,2,1,1,0
user_1355,228.96,debit_card,False,False,20,3,CA,restaurant,0,416,1,5.72,2,1,1,0
user_3675,739.54,credit_card,False,True,12,1,CA,utilities,0,1107,3,9.24,1,3,1,0
user_1613,55.86,debit_card,False,True,17,3,US,gas,0,1402,1,1.12,1,1,1,0
user_5951,443.26,debit_card,False,True,7,1,CA,restaurant,0,215,1,11.08,3,1,1,0
user_1104,685.23,credit_card,False,False,8,5,CA,retail,0,308,1,4.57,3,1,1,0
user_5999,978.32,debit_card,False,False,12,0,US,retail,0,1389,2,6.52,1,2,1,0
user_1202,1678.15,debit_card,True,False,19,0,AU,utilities,0,490,1,20.98,2,1,1,0
user_5839,59.28,ach,False,True,18,2,US,restaurant,0,366,3,1.48,2,3,1,0
user_3267,84.07,credit_card,False,False,9,3,AU,retail,0,2872,3,0.56,3,3,1,0
user_9808,1250.98,credit_card,False,False,8,3,UK,utilities,0,372,3,15.64,3,3,1,0
user_6573,1171.86,ach,False,False,7,3,UK,groceries,0,3558,1,11.72,3,1,1,0
user_8863,706.74,credit_card,False,True,16,5,UK,restaurant,0,3203,3,17.67,1,3,1,0
user_3734,204.09,debit_card,False,False,11,0,UK,retail,0,3197,1,1.36,1,1,1,0
user_5342,806.84,debit_card,False,False,20,6,AU,gas,0,897,3,16.14,2,3,1,0
user_6188,334.76,debit_card,False,False,8,0,US,retail,0,51,1,2.23,3,1,5,0
user_3636,362.16,ach,False,False,18,5,UK,retail,0,629,1,2.41,2,1,1,0
user_9553,658.56,credit_card,False,False,12,1,US,restaurant,0,2887,2,16.46,1,2,1,0
user_1269,1641.57,ach,False,False,19,0,CA,gas,0,2973,2,32.83,2,2,1,0
user_2832,257.96,debit_card,False,False,12,0,CA,gas,0,267,1,5.16,1,1,1,0
user_1202,1660.36,debit_card,False,False,19,6,CA,utilities,0,2773,3,20.75,2,3,1,0
user_3712,724.44,ach,False,False,7,3,AU,utilities,0,1522,1,9.06,3,1,1,0
user_5082,636.7,debit_card,False,False,7,5,AU,restaurant,0,3232,3,15.92,3,3,1,0
user_8126,1774.75,ach,False,False,18,3,UK,retail,0,1452,1,11.83,2,1,1,0
user_4839,995.05,ach,False,False,6,3,US,gas,0,603,1,19.9,3,1,1,0
user_8428,1897.54,ach,False,False,19,3,US,gas,0,1296,1,37.95,2,1,1,0
user_9167,796.26,ach,False,True,11,5,CA,restaurant,0,1123,2,19.91,1,2,1,0
user_5573,293.66,credit_card,False,False,19,3,AU,groceries,0,2813,3,2.94,2,3,1,0
user_7147,226.98,debit_card,True,False,22,4,US,restaurant,0,2462,2,5.67,2,2,1,0
user_3555,41.84,debit_card,True,True,7,3,US,utilities,0,1025,2,0.52,3,2,1,0
user_7165,109.45,ach,False,False,21,0,AU,retail,0,1475,1,0.73,2,1,1,0
user_3492,46.33,debit_card,False,True,22,5,US,gas,0,791,3,0.93,2,3,1,0
user_1612,1963.18,debit_card,False,False,16,3,US,gas,0,3225,2,39.26,1,2,1,0
user_5803,1237.18,debit_card,False,False,12,1,CA,gas,0,2915,1,24.74,1,1,1,0
user_6314,59.86,credit_card,False,False,17,6,UK,retail,0,1565,2,0.4,1,2,1,0
user_4143,330.86,debit_card,False,False,19,0,AU,gas,0,2804,1,6.62,2,1,1,0
user_1567,6700.58,wire_transfer,True,True,4,6,RO,wire_transfer,3,2150,11,13.4,10,11,1,1
user_5107,54.31,debit_card,False,False,11,3,AU,gas,0,1385,2,1.09,1,2,1,0
user_1520,515.47,debit_card,True,True,4,3,ID,electronics,3,982,13,1.03,10,13,1,1
user_5558,547.01,credit_card,False,False,14,1,US,utilities,0,1956,3,6.84,1,3,1,0
user_5073,183.2,debit_card,True,False,11,1,AU,retail,0,604,2,1.22,1,2,1,0
user_4666,114.79,debit_card,True,False,21,4,UK,groceries,0,2949,2,1.15,2,2,1,0
user_1533,1541.16,ach,False,False,12,5,AU,retail,0,3554,3,10.27,1,3,1,0
user_9381,576.67,debit_card,False,False,8,2,UK,restaurant,0,496,2,14.42,3,2,1,0
user_1612,7157.16,debit_card,True,True,4,5,ID,electronics,8,3225,19,14.31,10,19,1,1
user_1517,1418.4,debit_card,False,True,21,5,US,groceries,0,811,3,14.18,2,3,1,0
user_2245,946.06,ach,False,True,8,4,AU,groceries,0,1315,2,9.46,3,2,1,0
user_8673,62.61,debit_card,False,True,6,1,CA,gas,0,3553,1,1.25,3,1,1,0
user_7434,654.78,credit_card,False,False,7,5,UK,utilities,0,2601,1,8.18,3,1,1,0
user_4764,4946.09,wire_transfer,True,True,4,1,NG,wire_transfer,4,1140,15,9.89,10,15,1,1
user_5986,953.44,credit_card,False,True,9,1,US,retail,0,991,2,6.36,3,2,1,0
user_2102,91.22,ach,False,False,18,0,US,groceries,0,1858,1,0.91,2,1,1,0
user_3473,770.83,debit_card,False,True,7,1,AU,retail,0,1841,2,5.14,3,2,1,0
user_3869,781.94,debit_card,False,False,19,6,AU,utilities,0,222,3,9.77,2,3,1,0
user_7510,1438.56,debit_card,False,False,17,5,UK,groceries,0,2158,3,14.39,1,3,1,0
user_1530,1668.02,ach,True,False,6,4,AU,gas,0,1549,3,33.36,3,3,1,0
user_3425,158.34,debit_card,False,False,17,5,US,groceries,0,1979,1,1.58,1,1,1,0
user_9904,9503.27,cryptocurrency,True,True,5,0,CA,cryptocurrency,2,1528,9,9.5,10,9,1,1
user_1514,121.88,ach,True,False,10,5,CA,groceries,0,1170,1,1.22,1,1,1,0
user_1241,75.15,ach,False,False,7,1,CA,gas,0,1694,2,1.5,3,2,1,0
user_2169,83.46,debit_card,False,False,6,4,UK,restaurant,0,2467,1,2.09,3,1,1,0
user_1601,359.12,ach,False,True,8,4,UK,gas,0,1063,2,7.18,3,2,1,0
user_8541,126.93,ach,False,True,12,1,CA,groceries,0,943,2,1.27,1,2,1,0
user_3589,634.18,debit_card,False,True,14,1,AU,gas,0,1932,3,12.68,1,3,1,0
user_4302,88.26,credit_card,False,True,6,2,US,restaurant,0,1322,2,2.21,3,2,1,0
user_4150,195.06,ach,False,False,14,3,UK,utilities,0,951,3,2.44,1,3,1,0
user_9128,40.89,debit_card,False,False,16,1,AU,retail,0,737,2,0.27,1,2,1,0
user_2040,252.08,debit_card,False,True,15,1,AU,restaurant,0,2197,1,6.3,1,1,1,0
user_8207,165.15,credit_card,False,True,8,1,US,retail,0,2137,3,1.1,3,3,1,0
user_9922,56.38,debit_card,False,True,22,5,CA,restaurant,0,1118,1,1.41,2,1,1,0
user_2294,333.85,debit_card,False,False,12,3,AU,groceries,0,2344,3,3.34,1,3,1,0
user_6850,88.02,debit_card,False,False,15,0,CA,utilities,0,3032,2,1.1,1,2,1,0
user_7565,358.02,ach,False,True,11,5,US,restaurant,0,651,3,8.95,1,3,1,0
user_8967,139.01,credit_card,False,False,10,6,CA,restaurant,0,664,1,3.48,1,1,1,0
user_4584,52.05,debit_card,False,False,21,0,AU,gas,0,32,3,1.04,2,3,5,0
user_1660,72.91,ach,False,False,16,1,CA,utilities,0,403,3,0.91,1,3,1,0
user_8668,143.99,credit_card,False,True,8,3,US,retail,0,1384,3,0.96,3,3,1,0
user_2389,242.41,credit_card,False,False,20,3,UK,retail,0,412,1,1.62,2,1,1,0
user_9619,79.6,ach,False,False,20,3,US,restaurant,0,1980,2,1.99,2,2,1,0
user_9331,25.3,debit_card,False,True,16,1,AU,restaurant,0,3580,3,0.63,1,3,1,0
user_2166,770.54,credit_card,False,False,8,4,US,retail,0,3583,3,5.14,3,3,1,0
user_8517,795.93,debit_card,False,False,18,0,US,gas,0,2004,3,15.92,2,3,1,0
user_1742,773.53,debit_card,False,True,13,4,US,restaurant,0,2246,2,19.34,1,2,1,0
user_3932,28.98,ach,False,False,21,1,AU,restaurant,0,949,2,0.72,2,2,1,0
user_9798,728.24,debit_card,True,False,9,3,UK,utilities,0,936,2,9.1,3,2,1,0
user_7049,8689.57,wire_transfer,True,True,4,6,VN,jewelry,8,1790,12,8.69,10,12,1,1
user_9022,83.17,debit_card,False,False,13,5,AU,gas,0,1443,1,1.66,1,1,1,0
user_8912,925.47,debit_card,False,False,10,3,CA,restaurant,0,3022,3,23.14,1,3,1,0
user_9535,472.74,debit_card,False,False,15,1,CA,retail,0,783,3,3.15,1,3,1,0
user_8157,559.0,credit_card,False,False,20,6,UK,retail,0,743,1,3.73,2,1,1,0
user_5222,613.72,credit_card,True,False,21,3,UK,retail,0,2873,1,4.09,2,1,1,0
user_4300,150.35,credit_card,False,False,17,6,CA,groceries,0,3316,2,1.5,1,2,1,0
user_7945,195.04,credit_card,False,False,14,2,UK,gas,0,1525,2,3.9,1,2,1,0
user_8692,250.07,credit_card,False,False,11,0,UK,groceries,0,1311,1,2.5,1,1,1,0
user_5581,759.34,debit_card,False,False,8,3,CA,retail,0,2388,3,5.06,3,3,1,0
user_5349,86.72,credit_card,False,False,10,6,AU,retail,0,1445,2,0.58,1,2,1,0
user_2832,217.61,debit_card,False,True,15,1,CA,utilities,0,267,2,2.72,1,2,1,0
user_1962,1460.67,ach,False,True,9,1,US,retail,0,3380,2,9.74,3,2,1,0
user_5712,1611.54,debit_card,False,False,8,5,US,groceries,0,1839,3,16.12,3,3,1,0
user_8483,310.95,ach,False,False,12,0,AU,retail,0,235,1,2.07,1,1,1,0
user_2989,60.97,debit_card,False,False,11,2,CA,restaurant,0,565,3,1.52,1,3,1,0
user_1505,189.67,credit_card,False,False,15,4,US,utilities,0,1155,1,2.37,1,1,1,0
user_7290,889.85,debit_card,False,False,20,0,AU,utilities,0,1705,3,11.12,2,3,1,0
user_6868,89.69,debit_card,False,False,16,2,US,retail,0,2017,2,0.6,1,2,1,0
user_2245,118.37,debit_card,False,True,19,2,AU,groceries,0,3198,2,1.18,2,2,1,0
user_3880,78.84,debit_card,False,False,13,3,AU,restaurant,0,793,2,1.97,1,2,1,0
user_9175,97.98,ach,False,False,7,0,CA,retail,0,3604,1,0.65,3,1,1,0
user_7251,652.66,ach,False,True,12,2,UK,restaurant,0,2291,2,16.32,1,2,1,0
user_2943,68.26,ach,False,False,19,2,AU,utilities,0,2196,1,0.85,2,1,1,0
user_2341,1243.11,debit_card,False,False,14,5,UK,restaurant,0,349,2,31.08,1,2,1,0
user_3135,1709.36,credit_card,False,False,18,0,US,retail,0,3203,1,11.4,2,1,1,0
user_5106,83.21,ach,False,True,19,1,US,restaurant,0,2600,2,2.08,2,2,1,0
user_8889,828.77,debit_card,False,False,15,4,CA,utilities,0,2449,2,10.36,1,2,1,0
user_9031,51.3,credit_card,False,False,15,6,UK,groceries,0,2633,3,0.51,1,3,1,0
user_9381,1277.22,ach,True,True,11,0,UK,utilities,0,496,3,15.97,1,3,1,0
user_2867,399.96,ach,True,True,20,1,AU,gas,0,2191,3,8.0,2,3,1,0
user_9263,828.96,debit_card,False,False,10,2,US,retail,0,756,2,5.53,1,2,1,0
user_1035,677.54,debit_card,False,False,17,5,AU,gas,0,1198,1,13.55,1,1,1,0
user_6573,16371.48,wire_transfer,True,True,4,5,ID,jewelry,6,3558,16,16.37,10,16,1,1
user_2169,1123.85,debit_card,False,True,21,0,CA,gas,0,2217,3,22.48,2,3,1,0
user_8113,214.83,ach,False,False,7,4,CA,restaurant,0,3283,1,5.37,3,1,1,0
user_2312,134.62,ach,False,False,10,6,US,gas,0,2795,1,2.69,1,1,1,0
user_8517,307.91,credit_card,False,False,21,3,US,gas,0,2004,1,6.16,2,1,1,0
user_4637,980.3,debit_card,False,True,19,4,CA,retail,0,1855,1,6.54,2,1,1,0
user_6364,748.22,credit_card,False,False,20,2,UK,gas,0,807,3,14.96,2,3,1,0
user_7669,104.49,credit_card,False,False,7,5,US,groceries,0,2729,1,1.04,3,1,1,0
user_4986,309.07,debit_card,False,False,18,3,UK,utilities,0,1968,2,3.86,2,2,1,0
user_5819,484.36,credit_card,False,False,10,4,US,restaurant,0,795,2,12.11,1,2,1,0
user_4893,9779.39,cryptocurrency,True,True,23,2,US,cryptocurrency,1,1006,10,9.78,7,10,1,1
user_9267,73.31,ach,False,False,10,4,UK,groceries,0,2942,3,0.73,1,3,1,0
user_2290,39.45,ach,False,False,21,5,AU,gas,0,3372,2,0.79,2,2,1,0
user_1505,95.07,credit_card,False,False,13,2,US,utilities,0,1155,2,1.19,1,2,1,0
user_1306,706.66,credit_card,False,True,16,3,CA,gas,0,1343,1,14.13,1,1,1,0
user_2387,1362.37,debit_card,False,False,8,6,CA,utilities,0,2837,3,17.03,3,3,1,0
user_4185,268.04,ach,True,False,12,1,AU,restaurant,0,1029,3,6.7,1,3,1,0
user_8518,187.37,credit_card,False,False,21,4,CA,utilities,0,87,1,2.34,2,1,5,0
user_2796,152.39,debit_card,False,True,20,0,CA,gas,0,3274,2,3.05,2,2,1,0
user_1567,805.85,debit_card,True,False,19,2,CA,gas,0,2681,3,16.12,2,3,1,0
user_2419,1758.4,debit_card,True,True,3,2,BR,electronics,6,3103,17,3.52,10,17,1,1
user_3451,101.83,debit_card,False,False,22,3,US,utilities,0,462,1,1.27,2,1,1,0
user_3734,259.01,debit_card,False,True,9,5,UK,utilities,0,3197,1,3.24,3,1,1,0
user_6990,85.17,debit_card,False,False,9,6,AU,retail,0,2078,1,0.57,3,1,1,0
user_3910,983.33,credit_card,False,False,14,3,UK,utilities,0,3040,1,12.29,1,1,1,0
user_6253,144.52,ach,False,True,13,1,CA,gas,0,2734,1,2.89,1,1,1,0
user_1472,97.39,credit_card,True,False,14,3,AU,restaurant,0,492,2,2.43,1,2,1,0
user_9128,43.67,credit_card,False,False,14,4,AU,gas,0,737,3,0.87,1,3,1,0
user_2262,738.18,debit_card,False,False,12,1,UK,restaurant,0,257,2,18.45,1,2,1,0
user_9856,224.31,debit_card,False,False,15,0,CA,gas,0,3267,2,4.49,1,2,1,0
user_5093,588.16,wire_transfer,True,True,3,4,PH,cash_withdrawal,4,3322,20,2.94,10,20,1,1
user_8028,153.43,debit_card,False,False,15,6,AU,retail,0,1465,1,1.02,1,1,1,0
user_8532,65.27,ach,False,False,12,1,AU,utilities,0,2378,3,0.82,1,3,1,0
user_1945,1775.42,debit_card,False,False,14,3,UK,retail,0,2992,3,11.84,1,3,1,0
user_8714,25787.33,wire_transfer,True,True,3,2,NG,wire_transfer,5,3150,13,51.57,10,13,1,1
user_2169,96.42,ach,False,False,6,6,UK,gas,0,2467,2,1.93,3,2,1,0
user_5210,449.0,ach,False,True,13,3,UK,retail,0,3324,3,2.99,1,3,1,0
user_7637,1783.77,ach,False,False,6,3,US,retail,0,2289,3,11.89,3,3,1,0
user_1188,50.31,debit_card,False,False,18,6,UK,retail,0,3178,1,0.34,2,1,1,0
user_7251,714.83,credit_card,False,False,16,2,UK,groceries,0,2291,3,7.15,1,3,1,0
user_5067,301.22,debit_card,False,False,8,0,AU,restaurant,0,2789,3,7.53,3,3,1,0
user_9571,92.8,debit_card,False,True,13,4,AU,groceries,0,1239,3,0.93,1,3,1,0
user_6727,52.3,ach,False,True,15,6,US,restaurant,0,1653,3,1.31,1,3,1,0
user_9751,121.73,credit_card,False,False,13,6,US,groceries,0,253,2,1.22,1,2,1,0
user_1651,10083.94,debit_card,True,True,2,0,VN,cash_withdrawal,4,2722,16,50.42,10,16,1,1
user_4281,1564.32,credit_card,False,False,10,0,US,groceries,0,399,1,15.64,1,1,1,0
user_8145,207.92,debit_card,False,False,16,4,CA,gas,0,2813,1,4.16,1,1,1,0
user_7147,231.74,ach,False,True,21,2,US,utilities,0,2462,2,2.9,2,2,1,0
user_3749,1001.49,credit_card,False,False,20,5,US,retail,0,3215,1,6.68,2,1,1,0
user_2262,263.84,ach,False,False,12,1,UK,utilities,0,257,3,3.3,1,3,1,0
user_8109,5005.37,wire_transfer,True,True,2,4,NG,wire_transfer,3,2193,15,10.01,10,15,1,1
user_8786,1120.06,credit_card,False,True,11,0,UK,retail,0,3187,3,7.47,1,3,1,0
user_9488,70.42,credit_card,False,False,12,1,CA,utilities,0,693,3,0.88,1,3,1,0
user_8406,118.58,debit_card,True,False,18,2,AU,retail,0,389,2,0.79,2,2,1,0
user_8303,817.71,wire_transfer,True,True,2,0,CN,wire_transfer,4,1934,8,1.64,10,8,1,1
user_9078,532.54,credit_card,False,False,12,6,AU,restaurant,0,445,1,13.31,1,1,1,0
user_8895,3137.84,debit_card,True,True,5,5,BR,jewelry,6,638,14,3.14,10,14,1,1
user_9584,69.06,credit_card,False,False,6,1,UK,restaurant,0,2561,1,1.73,3,1,1,0
user_5498,39.51,debit_card,False,True,10,3,AU,utilities,0,1518,3,0.49,1,3,1,0
user_1788,814.04,ach,True,False,17,5,AU,utilities,0,711,1,10.18,1,1,1,0
user_6500,456.57,debit_card,False,False,11,6,UK,retail,0,888,3,3.04,1,3,1,0
user_2468,361.03,credit_card,False,False,19,0,US,restaurant,0,2475,1,9.03,2,1,1,0
user_2771,560.66,debit_card,False,False,8,0,AU,gas,0,941,1,11.21,3,1,1,0
user_9226,909.14,debit_card,False,False,21,1,CA,gas,0,522,2,18.18,2,2,1,0
user_5278,188.83,ach,False,True,8,3,CA,restaurant,0,2148,2,4.72,3,2,1,0
user_8765,58.5,debit_card,False,False,22,2,CA,restaurant,0,588,2,1.46,2,2,1,0
user_3777,111.02,credit_card,False,False,15,0,UK,utilities,0,1129,3,1.39,1,3,1,0
user_3419,317.2,debit_card,False,True,9,5,UK,restaurant,0,2871,2,7.93,3,2,1,0
user_4559,929.14,debit_card,False,False,17,0,CA,gas,0,3533,2,18.58,1,2,1,0
user_1842,141.57,ach,False,False,18,1,UK,gas,0,1470,3,2.83,2,3,1,0
user_4695,195.45,debit_card,False,False,15,1,US,utilities,0,3303,3,2.44,1,3,1,0
user_2245,1535.11,credit_card,False,False,11,1,AU,groceries,0,1315,1,15.35,1,1,1,0
user_5310,60.38,debit_card,True,False,13,3,US,utilities,0,2524,3,0.75,1,3,1,0
user_1017,62.09,credit_card,False,False,14,6,US,retail,0,573,3,0.41,1,3,1,0
user_8341,45.79,debit_card,False,False,15,4,AU,retail,0,1324,1,0.31,1,1,1,0
user_1396,111.26,debit_card,False,False,10,3,UK,utilities,0,2554,1,1.39,1,1,1,0
user_1715,228.41,debit_card,False,False,20,1,AU,groceries,0,2918,1,2.28,2,1,1,0
user_6383,609.72,ach,True,True,12,0,UK,groceries,0,2597,3,6.1,1,3,1,0
user_6868,165.26,credit_card,False,False,14,4,US,restaurant,0,2017,2,4.13,1,2,1,0
user_1841,351.28,credit_card,False,False,15,0,US,groceries,0,3397,2,3.51,1,2,1,0
user_2380,156.7,debit_card,False,True,18,2,UK,utilities,0,3220,2,1.96,2,2,1,0
user_1659,50.02,ach,False,False,6,4,CA,restaurant,0,3467,2,1.25,3,2,1,0
user_8598,61.32,debit_card,True,False,10,3,UK,restaurant,0,1757,1,1.53,1,1,1,0
user_7150,996.85,ach,False,False,6,1,AU,utilities,0,381,2,12.46,3,2,1,0
user_7229,923.31,debit_card,False,False,18,2,CA,gas,0,2079,3,18.47,2,3,1,0
user_3170,357.88,credit_card,False,False,6,3,CA,restaurant,0,1543,3,8.95,3,3,1,0
user_5758,75.9,credit_card,False,False,14,3,US,groceries,0,1448,1,0.76,1,1,1,0
user_4232,528.08,ach,False,False,22,4,AU,utilities,0,1622,2,6.6,2,2,1,0
user_9808,925.89,credit_card,False,False,6,1,UK,groceries,0,372,1,9.26,3,1,1,0
user_6617,163.1,credit_card,False,False,14,3,CA,restaurant,0,595,1,4.08,1,1,1,0
user_3159,44.26,credit_card,False,False,15,4,CA,groceries,0,2441,3,0.44,1,3,1,0
user_3639,144.61,debit_card,False,False,19,3,US,gas,0,2374,2,2.89,2,2,1,0
user_3093,560.95,debit_card,False,True,9,6,AU,retail,0,2112,1,3.74,3,1,1,0
user_3473,491.46,ach,False,False,9,1,AU,gas,0,1841,3,9.83,3,3,1,0
user_9008,87.34,credit_card,False,False,20,3,AU,gas,0,3342,1,1.75,2,1,1,0
user_4212,104.8,ach,False,False,21,0,CA,groceries,0,1967,2,1.05,2,2,1,0
user_1841,148.1,debit_card,False,True,12,0,US,retail,0,3397,1,0.99,1,1,1,0
user_8834,1975.96,debit_card,True,True,1,4,ID,electronics,3,1733,12,3.95,10,12,1,1
user_6671,121.08,ach,False,False,14,6,CA,gas,0,3614,1,2.42,1,1,1,0
user_5951,340.09,ach,False,False,11,2,CA,retail,0,215,2,2.27,1,2,1,0
user_4714,931.6,credit_card,False,False,11,5,AU,groceries,0,251,2,9.32,1,2,1,0
user_2832,157.67,ach,False,False,15,2,CA,groceries,0,267,1,1.58,1,1,1,0
user_8822,71.75,credit_card,False,False,17,3,UK,retail,0,1199,1,0.48,1,1,1,0
user_2294,231.67,credit_card,False,False,12,5,AU,gas,0,2344,3,4.63,1,3,1,0
user_8372,344.34,ach,False,False,20,6,UK,utilities,0,555,2,4.3,2,2,1,0
user_5781,98.48,ach,False,True,12,1,US,gas,0,1293,3,1.97,1,3,1,0
user_8987,876.76,debit_card,False,False,6,0,AU,utilities,0,2543,3,10.96,3,3,1,0
user_6866,61.26,debit_card,False,False,21,1,UK,retail,0,2182,1,0.41,2,1,1,0
user_6818,317.57,debit_card,False,False,19,0,UK,retail,0,2905,1,2.12,2,1,1,0
user_9267,107.02,debit_card,False,True,11,3,UK,retail,0,2942,2,0.71,1,2,1,0
user_8113,382.02,credit_card,True,False,7,5,CA,gas,0,3283,1,7.64,3,1,1,0
user_9246,1525.39,debit_card,False,False,16,1,CA,retail,0,297,3,10.17,1,3,1,0
user_7333,110.83,ach,False,False,12,3,CA,utilities,0,1395,3,1.39,1,3,1,0
user_8869,170.03,credit_card,False,False,7,0,US,retail,0,877,2,1.13,3,2,1,0
user_6374,1784.51,ach,False,False,6,6,US,retail,0,2632,1,11.9,3,1,1,0
user_6818,395.51,credit_card,True,False,20,6,UK,utilities,0,2905,1,4.94,2,1,1,0
user_9821,63.83,debit_card,False,False,17,5,AU,groceries,0,316,2,0.64,1,2,1,0
user_5458,537.33,credit_card,False,False,12,4,CA,groceries,0,1343,1,5.37,1,1,1,0
user_3209,41.81,debit_card,False,False,19,3,AU,utilities,0,181,3,0.52,2,3,1,0
user_3519,36.43,debit_card,False,False,12,5,UK,gas,0,185,2,0.73,1,2,1,0
user_7325,139.46,debit_card,False,False,14,0,US,retail,0,547,3,0.93,1,3,1,0
user_1807,1989.84,ach,False,False,15,2,UK,retail,0,378,2,13.27,1,2,1,0
user_6421,349.34,debit_card,False,False,10,3,CA,gas,0,2284,2,6.99,1,2,1,0
user_4598,327.93,credit_card,False,False,6,0,CA,utilities,0,3396,3,4.1,3,3,1,0
user_7581,59.73,debit_card,False,False,17,0,UK,groceries,0,2858,1,0.6,1,1,1,0
user_7943,642.13,ach,False,False,16,4,AU,utilities,0,1062,1,8.03,1,1,1,0
user_9374,8192.25,wire_transfer,True,True,5,1,RO,wire_transfer,2,3102,13,16.38,10,13,1,1
user_3693,826.52,credit_card,True,False,17,0,UK,gas,0,1695,1,16.53,1,1,1,0
user_4839,1928.06,debit_card,False,False,11,6,US,utilities,0,603,2,24.1,1,2,1,0
user_2989,95.58,debit_card,False,True,6,0,CA,retail,0,565,2,0.64,3,2,1,0
user_6846,72.8,credit_card,False,False,18,5,CA,restaurant,0,1579,1,1.82,2,1,1,0
user_5739,123.03,ach,False,False,22,4,UK,restaurant,0,2395,3,3.08,2,3,1,0
user_1781,521.91,ach,True,True,11,6,CA,restaurant,0,275,3,13.05,1,3,1,0
user_3425,9747.64,cryptocurrency,True,True,7,2,US,wire_transfer,2,1979,8,19.5,3,8,1,1
user_3880,50.29,debit_card,False,False,15,5,AU,utilities,0,793,2,0.63,1,2,1,0
user_6759,470.49,ach,True,False,6,2,UK,gas,0,2548,1,9.41,3,1,1,0
user_6822,383.37,credit_card,False,True,11,1,UK,utilities,0,3355,1,4.79,1,1,1,0
user_3869,384.84,debit_card,False,True,21,5,AU,restaurant,0,222,1,9.62,2,1,1,0
user_4943,712.57,credit_card,False,False,20,6,CA,restaurant,0,1566,1,17.81,2,1,1,0
user_9078,774.07,debit_card,False,False,15,2,AU,retail,0,445,2,5.16,1,2,1,0
user_6544,53.11,credit_card,False,False,6,0,UK,gas,0,2670,2,1.06,3,2,1,0
user_6846,141.1,ach,False,False,15,3,AU,restaurant,0,3597,1,3.53,1,1,1,0
user_1659,36.54,debit_card,False,False,8,3,CA,restaurant,0,3467,1,0.91,3,1,1,0
user_4621,887.98,debit_card,False,False,14,5,UK,gas,0,279,1,17.76,1,1,1,0
user_8397,42.1,ach,False,True,7,2,CA,gas,0,292,1,0.84,3,1,1,0
user_3159,25.12,credit_card,False,False,17,5,CA,retail,0,2441,2,0.17,1,2,1,0
user_4212,3922.81,wire_transfer,True,True,5,3,NG,wire_transfer,5,1967,5,7.85,10,5,1,1
user_7361,38.56,debit_card,True,False,22,4,CA,utilities,0,1435,1,0.48,2,1,1,0
user_6172,552.33,debit_card,False,False,15,6,US,restaurant,0,2900,3,13.81,1,3,1,0
user_5262,183.72,debit_card,False,False,10,5,AU,gas,0,3530,1,3.67,1,1,1,0
user_6168,839.95,debit_card,False,False,16,4,US,utilities,0,894,2,10.5,1,2,1,0
user_3595,250.65,ach,False,False,11,3,CA,groceries,0,2546,1,2.51,1,1,1,0
user_2417,106.08,debit_card,False,True,16,1,AU,groceries,0,1648,1,1.06,1,1,1,0
user_1472,173.79,debit_card,True,False,12,0,AU,gas,0,492,3,3.48,1,3,1,0
user_7018,1585.36,debit_card,False,True,12,3,US,gas,0,3008,2,31.71,1,2,1,0
user_1517,1806.31,debit_card,True,False,22,4,US,groceries,0,811,2,18.06,2,2,1,0
user_4189,382.25,credit_card,False,True,20,4,UK,utilities,0,331,3,4.78,2,3,1,0
user_8598,90.58,debit_card,False,False,6,4,UK,groceries,0,1757,1,0.91,3,1,1,0
user_7071,86.16,debit_card,False,False,20,4,UK,retail,0,81,1,0.57,2,1,5,0
user_6364,790.09,debit_card,False,True,18,6,UK,gas,0,807,2,15.8,2,2,1,0
user_8569,997.07,debit_card,False,False,11,5,CA,gas,0,2153,2,19.94,1,2,1,0
user_3647,855.1,ach,False,False,21,1,AU,groceries,0,2327,3,8.55,2,3,1,0
user_7164,3958.96,wire_transfer,True,True,5,0,PH,jewelry,5,2200,19,3.96,10,19,1,1
user_7401,1217.5,credit_card,False,False,19,4,US,utilities,0,1300,2,15.22,2,2,1,0
user_6816,173.56,credit_card,False,False,20,0,US,groceries,0,2336,3,1.74,2,3,1,0
user_9984,143.86,ach,False,False,17,4,UK,utilities,0,1888,3,1.8,1,3,1,0
user_3173,136.05,ach,False,True,19,5,UK,restaurant,0,2939,3,3.4,2,3,1,0
user_4460,9725.8,wire_transfer,True,True,17,6,UK,cryptocurrency,3,1373,19,9.73,1,19,1,1
user_8846,198.09,debit_card,False,False,21,2,CA,utilities,0,1654,1,2.48,2,1,1,0
user_5262,169.59,credit_card,False,False,9,5,AU,utilities,0,3530,3,2.12,3,3,1,0
user_9841,141.28,credit_card,False,True,7,4,AU,retail,0,1291,1,0.94,3,1,1,0
user_2838,83.04,credit_card,False,False,18,3,CA,restaurant,0,2375,3,2.08,2,3,1,0
user_6573,1880.58,debit_card,False,False,6,5,UK,utilities,0,3558,3,23.51,3,3,1,0
user_8109,296.88,credit_card,False,True,19,6,US,gas,0,2193,1,5.94,2,1,1,0
user_1674,46.37,debit_card,False,False,6,3,US,utilities,0,2657,1,0.58,3,1,1,0
user_9311,848.45,debit_card,True,False,22,1,AU,restaurant,0,2932,3,21.21,2,3,1,0
user_7315,77.03,debit_card,False,False,7,0,US,restaurant,0,858,2,1.93,3,2,1,0
user_9827,136.44,credit_card,False,True,15,0,UK,utilities,0,1215,1,1.71,1,1,1,0
user_6437,271.21,debit_card,False,False,14,5,UK,gas,0,924,1,5.42,1,1,1,0
user_1919,41.49,debit_card,False,False,18,6,CA,utilities,0,368,2,0.52,2,2,1,0
user_8373,372.62,ach,False,False,6,3,UK,retail,0,3166,2,2.48,3,2,1,0
user_6437,302.07,debit_card,False,False,15,3,UK,restaurant,0,924,3,7.55,1,3,1,0
user_3101,31.75,debit_card,False,True,19,4,AU,restaurant,0,1989,3,0.79,2,3,1,0
user_4389,894.57,debit_card,False,False,14,0,UK,gas,0,3410,2,17.89,1,2,1,0
user_3588,384.84,debit_card,False,False,13,0,US,gas,0,1782,3,7.7,1,3,1,0
user_5758,64.34,credit_card,False,False,16,5,US,retail,0,1448,3,0.43,1,3,1,0
user_8714,1636.13,debit_card,False,True,22,3,CA,restaurant,0,3150,3,40.9,2,3,1,0
user_9674,190.7,debit_card,False,False,19,5,CA,groceries,0,683,3,1.91,2,3,1,0
user_7732,51.49,debit_card,False,True,6,1,US,utilities,0,553,2,0.64,3,2,1,0
user_7581,35.03,debit_card,True,False,15,3,UK,retail,0,2858,1,0.23,1,1,1,0
user_1404,1824.38,ach,False,False,15,1,AU,groceries,0,2023,1,18.24,1,1,1,0
user_4944,181.47,credit_card,False,False,19,3,UK,gas,0,229,3,3.63,2,3,1,0
user_9710,872.65,debit_card,False,False,11,6,CA,groceries,0,2185,3,8.73,1,3,1,0
user_6400,95.73,credit_card,False,False,17,4,UK,utilities,0,3608,2,1.2,1,2,1,0
user_5240,63.48,ach,False,True,11,2,US,gas,0,839,1,1.27,1,1,1,0
user_4700,167.12,ach,False,True,22,0,US,utilities,0,2707,1,2.09,2,1,1,0
user_4727,649.32,debit_card,True,False,11,0,AU,groceries,0,3382,1,6.49,1,1,1,0
user_1930,1352.0,credit_card,False,True,14,2,UK,restaurant,0,2818,3,33.8,1,3,1,0
user_4706,279.94,credit_card,False,False,19,2,US,utilities,0,649,2,3.5,2,2,1,0
user_1256,189.93,ach,False,True,20,6,CA,gas,0,3111,2,3.8,2,2,1,0
user_4082,527.07,credit_card,False,False,19,1,CA,restaurant,0,1993,3,13.18,2,3,1,0
user_3832,178.25,debit_card,False,False,11,2,CA,retail,0,546,1,1.19,1,1,1,0
user_9615,1071.43,credit_card,False,True,22,2,UK,utilities,0,231,3,13.39,2,3,1,0
user_4288,35.61,debit_card,False,False,10,1,US,restaurant,0,1899,3,0.89,1,3,1,0
user_1685,293.2,ach,False,False,17,0,US,restaurant,0,1495,1,7.33,1,1,1,0
user_2465,547.49,debit_card,False,False,8,6,US,gas,0,747,1,10.95,3,1,1,0
user_1660,58.87,debit_card,False,True,12,0,CA,groceries,0,403,2,0.59,1,2,1,0
user_3389,703.33,debit_card,True,False,6,3,CA,utilities,0,847,3,8.79,3,3,1,0
user_1613,70.66,debit_card,False,False,17,4,US,retail,0,1402,2,0.47,1,2,1,0
user_2627,107.72,credit_card,False,True,19,5,UK,restaurant,0,278,3,2.69,2,3,1,0
user_1149,186.15,debit_card,True,False,22,3,AU,gas,0,1558,1,3.72,2,1,1,0
user_9123,135.71,debit_card,False,False,10,2,AU,gas,0,1343,1,2.71,1,1,1,0
user_8017,98.13,debit_card,False,True,6,6,UK,gas,0,1038,1,1.96,3,1,1,0
user_3170,148.16,ach,False,True,9,6,CA,utilities,0,1543,3,1.85,3,3,1,0
user_5825,67.92,ach,False,False,8,6,US,retail,0,2905,1,0.45,3,1,1,0
user_4909,51.92,debit_card,False,False,6,6,US,utilities,0,1809,3,0.65,3,3,1,0
user_2388,179.44,debit_card,True,False,12,0,US,retail,0,1007,3,1.2,1,3,1,0
user_1517,1368.58,ach,False,False,20,4,US,retail,0,811,2,9.12,2,2,1,0
user_2612,91.41,ach,False,False,13,3,UK,retail,0,3309,1,0.61,1,1,1,0
user_2514,1194.67,credit_card,False,True,20,3,CA,restaurant,0,241,1,29.87,2,1,1,0
user_8895,202.15,ach,False,True,19,5,AU,retail,0,638,1,1.35,2,1,1,0
user_7296,272.6,credit_card,False,False,18,5,UK,retail,0,2944,3,1.82,2,3,1,0
user_9269,37.4,debit_card,False,True,10,0,AU,groceries,0,1216,3,0.37,1,3,1,0
user_7550,677.85,debit_card,False,False,8,5,US,gas,0,2993,1,13.56,3,1,1,0
user_4084,321.41,debit_card,False,False,22,2,AU,retail,0,2083,3,2.14,2,3,1,0
user_7367,1085.68,ach,False,False,16,5,US,groceries,0,1455,3,10.86,1,3,1,0
user_7437,112.85,debit_card,False,False,13,1,CA,gas,0,2965,1,2.26,1,1,1,0
user_5833,184.61,debit_card,False,False,22,0,CA,groceries,0,927,3,1.85,2,3,1,0
user_8834,107.45,credit_card,False,True,16,5,UK,groceries,0,1733,2,1.07,1,2,1,0
user_6262,34.24,debit_card,False,False,6,0,UK,utilities,0,2737,2,0.43,3,2,1,0
user_7557,292.77,debit_card,False,False,17,6,AU,groceries,0,2855,2,2.93,1,2,1,0
user_1891,659.55,debit_card,True,False,13,6,US,retail,0,1220,3,4.4,1,3,1,0
user_5224,77.7,credit_card,False,False,16,3,CA,groceries,0,2802,1,0.78,1,1,1,0
user_5310,175.87,debit_card,False,False,14,2,US,groceries,0,2524,1,1.76,1,1,1,0
user_6804,9595.91,wire_transfer,True,True,21,1,AU,wire_transfer,3,3568,10,19.19,2,10,1,1
user_8397,69.73,credit_card,False,False,9,1,CA,utilities,0,292,3,0.87,3,3,1,0
user_6488,498.42,debit_card,False,False,12,0,US,groceries,0,1107,2,4.98,1,2,1,0
user_6617,371.96,credit_card,True,False,17,2,CA,utilities,0,595,3,4.65,1,3,1,0
user_3616,425.4,ach,False,True,18,4,UK,restaurant,0,2857,2,10.63,2,2,1,0
user_3496,66.13,credit_card,False,True,10,5,AU,utilities,0,2772,3,0.83,1,3,1,0
user_3664,231.14,credit_card,True,False,14,2,CA,retail,0,2775,3,1.54,1,3,1,0
user_1474,114.51,debit_card,False,False,16,6,UK,gas,0,1421,2,2.29,1,2,1,0
user_8723,621.95,ach,False,True,8,1,CA,utilities,0,3431,1,7.77,3,1,1,0
user_5342,374.66,debit_card,False,False,20,6,AU,restaurant,0,2691,2,9.37,2,2,1,0
user_1258,69.53,debit_card,True,False,15,3,US,groceries,0,549,1,0.7,1,1,1,0
user_7859,122.24,credit_card,False,False,6,3,CA,utilities,0,3605,2,1.53,3,2,1,0
user_8178,54.41,credit_card,False,True,21,6,AU,groceries,0,3221,1,0.54,2,1,1,0
user_2218,196.19,ach,False,False,22,0,US,restaurant,0,764,1,4.9,2,1,1,0
user_2734,144.81,debit_card,False,True,14,4,AU,utilities,0,2176,2,1.81,1,2,1,0
user_9444,772.8,debit_card,False,False,21,4,AU,retail,0,1067,2,5.15,2,2,1,0
user_6136,101.92,debit_card,False,False,22,2,UK,utilities,0,2939,1,1.27,2,1,1,0
user_3880,50.96,ach,False,False,13,2,AU,groceries,0,793,3,0.51,1,3,1,0
user_8366,183.18,debit_card,False,True,7,4,US,restaurant,0,237,1,4.58,3,1,1,0
user_5380,1990.29,debit_card,False,False,22,5,US,retail,0,585,1,13.27,2,1,1,0
user_5193,169.56,debit_card,False,True,11,3,AU,utilities,0,485,2,2.12,1,2,1,0
user_3346,213.96,ach,False,False,19,1,CA,gas,0,3220,1,4.28,2,1,1,0
user_8406,96.28,debit_card,False,False,22,2,AU,gas,0,389,2,1.93,2,2,1,0
user_5480,372.34,debit_card,False,False,21,3,CA,gas,0,1572,1,7.45,2,1,1,0
user_6828,798.26,credit_card,False,False,22,0,US,retail,0,2803,3,5.32,2,3,1,0
user_5140,163.24,debit_card,False,False,6,2,CA,groceries,0,2778,3,1.63,3,3,1,0
user_3048,150.53,debit_card,False,False,20,4,UK,restaurant,0,3076,3,3.76,2,3,1,0
user_2767,60.91,debit_card,False,False,14,2,AU,retail,0,976,1,0.41,1,1,1,0
user_6218,170.2,debit_card,True,True,14,1,UK,gas,0,2461,1,3.4,1,1,1,0
user_8260,78.5,debit_card,False,False,11,6,CA,groceries,0,147,2,0.79,1,2,5,0
user_3591,815.36,credit_card,False,False,20,6,AU,utilities,0,1473,2,10.19,2,2,1,0
user_3299,317.59,debit_card,False,False,11,4,CA,utilities,0,2349,1,3.97,1,1,1,0
user_4212,92.81,ach,True,False,18,0,CA,utilities,0,1967,1,1.16,2,1,1,0
user_7363,175.13,ach,False,False,8,1,CA,groceries,0,998,2,1.75,3,2,1,0
user_8640,1073.07,wire_transfer,True,True,0,0,ID,jewelry,8,1351,18,1.07,10,18,1,1
user_3042,310.3,debit_card,False,False,9,0,CA,restaurant,0,1147,1,7.76,3,1,1,0
user_4321,96.8,ach,False,False,18,4,US,groceries,0,666,3,0.97,2,3,1,0
user_8846,155.97,debit_card,False,True,18,2,CA,groceries,0,1654,1,1.56,2,1,1,0
user_7251,858.22,ach,False,False,15,1,UK,gas,0,2291,3,17.16,1,3,1,0
user_7408,698.08,debit_card,False,True,22,5,CA,retail,0,1442,2,4.65,2,2,1,0
user_6172,320.35,debit_card,False,False,13,1,US,gas,0,2900,1,6.41,1,1,1,0
user_9759,929.92,ach,True,False,20,5,UK,retail,0,2107,2,6.2,2,2,1,0
user_4882,9623.6,cryptocurrency,True,True,9,5,UK,cryptocurrency,1,3556,9,9.62,3,9,1,1
user_5913,409.99,credit_card,False,False,6,5,AU,gas,0,1017,1,8.2,3,1,1,0
user_8978,835.78,debit_card,False,False,7,4,CA,utilities,0,2674,3,10.45,3,3,1,0
user_1878,293.5,debit_card,False,False,6,5,AU,groceries,0,589,1,2.94,3,1,1,0
user_8414,59.29,ach,False,False,10,2,CA,retail,0,38,2,0.4,1,2,5,0
user_5336,111.85,ach,False,False,20,1,AU,utilities,0,2561,2,1.4,2,2,1,0
user_6671,149.16,debit_card,False,False,14,5,CA,restaurant,0,3614,2,3.73,1,2,1,0
user_3218,874.42,debit_card,False,True,14,5,AU,restaurant,0,1867,1,21.86,1,1,1,0
user_2612,81.85,debit_card,False,True,15,4,UK,groceries,0,3309,3,0.82,1,3,1,0
user_5288,335.56,debit_card,False,True,18,0,AU,restaurant,0,908,1,8.39,2,1,1,0
user_6930,151.29,debit_card,True,False,7,0,AU,retail,0,402,2,1.01,3,2,1,0
user_2654,272.17,ach,False,False,14,5,AU,restaurant,0,2633,3,6.8,1,3,1,0
user_7367,1983.24,debit_card,True,False,16,6,US,restaurant,0,1455,2,49.58,1,2,1,0
user_1193,89.53,credit_card,False,False,13,3,US,retail,0,1362,1,0.6,1,1,1,0
user_5911,643.21,credit_card,False,False,7,3,UK,groceries,0,1060,2,6.43,3,2,1,0
user_7557,722.11,debit_card,False,False,15,1,AU,utilities,0,2855,1,9.03,1,1,1,0
user_9266,168.17,debit_card,False,True,11,1,CA,groceries,0,2928,1,1.68,1,1,1,0
user_1760,663.02,debit_card,True,True,1,2,ID,cash_withdrawal,7,452,16,3.32,10,16,1,1
user_1474,121.68,ach,False,False,14,5,UK,gas,0,1421,1,2.43,1,1,1,0
user_6383,1354.37,credit_card,False,False,12,4,UK,groceries,0,2597,1,13.54,1,1,1,0
user_5240,59.36,credit_card,False,False,10,2,US,restaurant,0,839,1,1.48,1,1,1,0
user_5350,1985.09,debit_card,False,False,22,0,CA,restaurant,0,2984,2,49.63,2,2,1,0
user_2562,145.45,debit_card,False,False,11,2,AU,utilities,0,1355,3,1.82,1,3,1,0
user_5341,74.4,credit_card,False,False,10,2,CA,restaurant,0,3337,3,1.86,1,3,1,0
user_3381,28.96,debit_card,False,False,18,1,US,restaurant,0,848,3,0.72,2,3,1,0
user_7232,469.01,debit_card,False,True,7,2,UK,utilities,0,1253,1,5.86,3,1,1,0
user_5583,275.42,debit_card,False,False,6,3,AU,retail,0,846,2,1.84,3,2,1,0
user_7461,29.67,debit_card,False,True,22,6,US,utilities,0,1811,2,0.37,2,2,1,0
user_1659,76.46,debit_card,True,False,9,1,CA,gas,0,3467,2,1.53,3,2,1,0
user_2960,5119.2,wire_transfer,True,True,2,0,RU,wire_transfer,4,202,13,10.24,10,13,1,1
user_2110,187.7,debit_card,False,False,14,1,US,utilities,0,2980,1,2.35,1,1,1,0
user_2796,53.83,debit_card,False,False,18,0,CA,retail,0,3274,1,0.36,2,1,1,0
user_3399,203.1,credit_card,False,False,7,2,CA,retail,0,2497,1,1.35,3,1,1,0
user_8225,392.16,credit_card,False,False,17,0,CA,utilities,0,1721,1,4.9,1,1,1,0
user_5334,1092.22,debit_card,True,False,18,2,CA,gas,0,1771,3,21.84,2,3,1,0
user_6188,314.26,debit_card,True,False,9,5,US,restaurant,0,51,3,7.86,3,3,5,0
user_1424,174.81,credit_card,False,False,14,5,AU,restaurant,0,2330,1,4.37,1,1,1,0
user_9488,132.33,ach,False,False,13,6,CA,retail,0,693,1,0.88,1,1,1,0
user_2584,114.09,credit_card,False,False,15,2,UK,restaurant,0,3335,2,2.85,1,2,1,0
user_4751,417.19,debit_card,False,False,7,1,US,retail,0,452,3,2.78,3,3,1,0
user_2185,1114.79,debit_card,False,False,12,4,UK,gas,0,509,3,22.3,1,3,1,0
user_1298,368.74,credit_card,False,False,14,3,CA,groceries,0,907,2,3.69,1,2,1,0
user_4300,121.62,debit_card,False,False,15,5,CA,groceries,0,3316,2,1.22,1,2,1,0
user_7825,142.72,debit_card,False,True,22,4,US,gas,0,2174,1,2.85,2,1,1,0
user_5661,771.86,credit_card,True,False,18,4,UK,retail,0,1453,2,5.15,2,2,1,0
user_5799,1988.19,ach,False,True,7,0,US,groceries,0,2275,2,19.88,3,2,1,0
user_9004,1611.42,credit_card,False,False,7,6,AU,restaurant,0,2675,3,40.29,3,3,1,0
user_7979,85.84,credit_card,False,True,6,0,US,groceries,0,69,1,0.86,3,1,5,0
user_8113,257.31,debit_card,False,False,6,2,CA,restaurant,0,3283,2,6.43,3,2,1,0
user_5093,99.47,debit_card,False,False,17,2,US,groceries,0,3322,2,0.99,1,2,1,0
user_3381,682.66,debit_card,False,False,19,5,AU,gas,0,391,3,13.65,2,3,1,0
user_9488,152.84,credit_card,False,False,16,5,CA,restaurant,0,693,3,3.82,1,3,1,0
user_7624,126.78,ach,False,False,14,3,CA,retail,0,2578,1,0.85,1,1,1,0
user_6437,385.57,credit_card,False,False,14,1,UK,retail,0,924,1,2.57,1,1,1,0
user_4389,771.69,debit_card,True,False,15,4,UK,groceries,0,3410,2,7.72,1,2,1,0
user_2381,836.24,debit_card,False,False,16,5,CA,utilities,0,1043,2,10.45,1,2,1,0
user_8260,195.93,credit_card,False,True,9,1,CA,gas,0,147,1,3.92,3,1,5,0
user_2102,38.6,ach,True,False,21,6,US,gas,0,1858,3,0.77,2,3,1,0
user_4465,93.18,credit_card,False,False,9,2,CA,gas,0,1513,2,1.86,3,2,1,0
user_2343,399.02,ach,False,False,8,5,CA,utilities,0,1108,3,4.99,3,3,1,0
user_1256,82.53,debit_card,False,True,19,4,CA,retail,0,3111,1,0.55,2,1,1,0
user_3147,1361.39,ach,False,False,15,1,CA,groceries,0,694,3,13.61,1,3,1,0
user_5835,65.18,debit_card,False,True,22,3,US,utilities,0,1499,2,0.81,2,2,1,0
user_9148,71.08,credit_card,True,False,6,2,AU,retail,0,2100,2,0.47,3,2,1,0
user_4387,938.17,debit_card,False,False,12,6,AU,restaurant,0,1953,1,23.45,1,1,1,0
user_1533,1808.73,ach,False,False,13,2,AU,restaurant,0,3554,3,45.22,1,3,1,0
user_7126,73.78,debit_card,False,False,21,1,CA,retail,0,298,3,0.49,2,3,1,0
user_3173,177.1,debit_card,False,True,18,6,UK,retail,0,2939,1,1.18,2,1,1,0
user_2200,95.5,debit_card,False,False,6,0,UK,gas,0,2315,1,1.91,3,1,1,0
user_4963,266.97,credit_card,False,False,15,0,AU,gas,0,757,1,5.34,1,1,1,0
user_8149,604.77,credit_card,False,False,19,6,US,restaurant,0,1607,2,15.12,2,2,1,0
user_5945,75.49,debit_card,False,False,17,1,CA,retail,0,909,2,0.5,1,2,1,0
user_1833,1247.08,credit_card,False,False,21,3,UK,restaurant,0,2039,1,31.18,2,1,1,0
user_4366,62.11,debit_card,False,True,17,2,AU,gas,0,2740,3,1.24,1,3,1,0
user_2099,36.67,credit_card,False,False,7,1,US,utilities,0,1798,3,0.46,3,3,1,0
user_7865,1136.08,ach,False,False,22,0,CA,retail,0,2029,1,7.57,2,1,1,0
user_7809,542.53,debit_card,False,True,17,2,CA,retail,0,368,3,3.62,1,3,1,0
user_3381,35.03,debit_card,False,False,20,4,US,restaurant,0,848,3,0.88,2,3,1,0
user_7408,636.28,credit_card,False,False,22,6,CA,restaurant,0,1442,2,15.91,2,2,1,0
user_9508,421.42,debit_card,False,False,8,5,CA,utilities,0,1373,3,5.27,3,3,1,0
user_2752,295.71,debit_card,False,False,19,0,CA,groceries,0,798,3,2.96,2,3,1,0
user_4764,107.26,credit_card,False,False,21,4,AU,utilities,0,1140,1,1.34,2,1,1,0
user_2655,343.2,ach,False,True,15,2,UK,retail,0,588,3,2.29,1,3,1,0
user_2404,347.8,debit_card,False,False,19,3,AU,utilities,0,3128,3,4.35,2,3,1,0
user_4505,71.42,ach,False,False,16,2,AU,groceries,0,1385,1,0.71,1,1,1,0
user_3135,1597.04,debit_card,False,False,18,0,US,retail,0,3203,2,10.65,2,2,1,0
user_8987,978.9,credit_card,False,True,7,4,AU,retail,0,2543,2,6.53,3,2,1,0
user_6985,1097.84,credit_card,False,False,19,1,US,utilities,0,2146,3,13.72,2,3,1,0
user_7723,644.13,debit_card,False,False,19,2,AU,retail,0,3605,1,4.29,2,1,1,0
user_3209,67.89,debit_card,False,False,20,3,AU,restaurant,0,181,3,1.7,2,3,1,0
user_4560,70.11,credit_card,False,False,11,5,UK,utilities,0,2842,2,0.88,1,2,1,0
user_6113,349.87,debit_card,False,False,10,1,US,retail,0,3080,3,2.33,1,3,1,0
user_5210,900.49,ach,False,False,15,6,UK,restaurant,0,3324,2,22.51,1,2,1,0
user_2771,83.49,ach,False,False,7,6,US,retail,0,1737,2,0.56,3,2,1,0
user_4764,65.78,debit_card,True,False,18,5,AU,gas,0,1140,3,1.32,2,3,1,0
user_5558,900.55,debit_card,False,False,16,6,US,gas,0,1956,2,18.01,1,2,1,0
user_8542,110.42,debit_card,False,True,8,2,CA,restaurant,0,1115,2,2.76,3,2,1,0
user_3595,996.89,ach,True,False,11,2,CA,utilities,0,2546,1,12.46,1,1,1,0
user_8225,333.27,credit_card,False,False,13,1,CA,utilities,0,1721,3,4.17,1,3,1,0
user_5520,701.48,debit_card,False,False,13,6,AU,restaurant,0,1690,3,17.54,1,3,1,0
user_1601,899.32,ach,False,False,11,0,UK,gas,0,1063,2,17.99,1,2,1,0
user_9903,549.83,debit_card,False,False,17,2,UK,groceries,0,3591,2,5.5,1,2,1,0
user_6269,9980.25,cryptocurrency,True,True,10,4,AU,cryptocurrency,2,2215,16,9.98,1,16,1,1
user_5380,1878.91,debit_card,True,True,18,1,US,retail,0,585,3,12.53,2,3,1,0
user_7550,1939.65,credit_card,False,True,9,3,US,restaurant,0,2993,1,48.49,3,1,1,0
user_8869,83.75,debit_card,True,False,9,4,US,groceries,0,877,1,0.84,3,1,1,0
user_5471,846.89,debit_card,False,False,13,0,US,groceries,0,1622,1,8.47,1,1,1,0
user_2612,53.56,ach,False,False,12,3,UK,utilities,0,3309,3,0.67,1,3,1,0
user_3222,406.51,credit_card,False,False,15,1,UK,groceries,0,2776,2,4.07,1,2,1,0
user_4751,770.23,debit_card,True,True,11,0,US,groceries,0,452,2,7.7,1,2,1,0
user_4463,492.27,debit_card,False,False,21,6,AU,utilities,0,3140,3,6.15,2,3,1,0
user_1745,76.32,ach,False,False,15,6,US,restaurant,0,1217,3,1.91,1,3,1,0
user_4176,111.07,debit_card,False,False,17,0,CA,retail,0,997,2,0.74,1,2,1,0
user_1660,98.83,credit_card,False,False,13,3,CA,gas,0,403,1,1.98,1,1,1,0
user_6714,1337.56,credit_card,False,False,18,6,UK,gas,0,1208,2,26.75,2,2,1,0
user_7943,605.93,credit_card,False,False,16,6,AU,utilities,0,1062,3,7.57,1,3,1,0
user_9674,111.41,debit_card,True,False,19,4,CA,restaurant,0,683,2,2.79,2,2,1,0
user_1474,107.93,credit_card,False,False,17,6,UK,groceries,0,1421,3,1.08,1,3,1,0
user_8736,79.84,ach,True,False,15,3,CA,restaurant,0,1601,2,2.0,1,2,1,0
user_8939,170.13,debit_card,False,False,12,0,AU,utilities,0,347,2,2.13,1,2,1,0
user_8273,42.68,debit_card,False,False,22,2,CA,gas,0,2198,3,0.85,2,3,1,0
user_9591,41.37,debit_card,False,False,14,0,CA,retail,0,1368,3,0.28,1,3,1,0
user_5350,1234.31,ach,False,False,22,5,CA,gas,0,2984,1,24.69,2,1,1,0
user_7165,174.08,ach,False,False,22,1,AU,gas,0,1475,2,3.48,2,2,1,0
user_3932,70.73,credit_card,False,False,21,0,AU,gas,0,949,3,1.41,2,3,1,0
user_5380,1679.44,debit_card,False,False,22,2,US,retail,0,585,3,11.2,2,3,1,0
user_3526,270.09,debit_card,False,False,19,3,CA,gas,0,3059,1,5.4,2,1,1,0
user_5333,32.36,debit_card,False,False,8,5,CA,utilities,0,1145,1,0.4,3,1,1,0
user_6916,142.42,debit_card,False,False,10,5,AU,retail,0,3555,1,0.95,1,1,1,0
user_7858,1505.83,debit_card,False,False,22,6,AU,gas,0,2375,1,30.12,2,1,1,0
user_8957,1388.41,debit_card,False,False,15,3,AU,groceries,0,1148,3,13.88,1,3,1,0
user_1651,1353.81,credit_card,False,False,6,1,AU,restaurant,0,2722,2,33.85,3,2,1,0
user_9331,76.48,credit_card,False,False,12,6,AU,retail,0,3580,1,0.51,1,1,1,0
user_1472,131.55,debit_card,False,True,16,3,AU,restaurant,0,492,1,3.29,1,1,1,0
user_5362,567.4,credit_card,False,False,13,3,US,groceries,0,490,3,5.67,1,3,1,0
user_6727,90.39,debit_card,False,True,16,1,US,restaurant,0,1653,2,2.26,1,2,1,0
user_5583,9907.91,cryptocurrency,True,True,10,3,AU,cryptocurrency,3,846,12,9.91,1,12,1,1
user_5828,1322.27,credit_card,True,False,20,6,AU,utilities,0,807,2,16.53,2,2,1,0
user_3286,9820.81,cryptocurrency,True,True,11,5,US,wire_transfer,3,2448,15,19.64,1,15,1,1
user_3262,64.53,debit_card,True,False,21,2,CA,utilities,0,1859,3,0.81,2,3,1,0
user_5853,148.18,debit_card,False,True,17,5,CA,restaurant,0,1268,1,3.7,1,1,1,0
user_6253,111.91,credit_card,False,False,14,1,CA,retail,0,2734,2,0.75,1,2,1,0
user_9849,318.38,credit_card,False,False,20,1,UK,utilities,0,1248,3,3.98,2,3,1,0
user_5631,264.91,debit_card,False,False,19,4,US,groceries,0,2003,3,2.65,2,3,1,0
user_7653,343.03,debit_card,False,False,12,0,US,groceries,0,2850,2,3.43,1,2,1,0
user_6980,88.43,ach,False,False,22,2,CA,restaurant,0,2455,3,2.21,2,3,1,0
user_5327,489.76,ach,False,False,20,4,AU,restaurant,0,2373,1,12.24,2,1,1,0
user_9922,9608.55,wire_transfer,True,True,2,6,CA,cryptocurrency,1,1118,20,9.61,10,20,1,1
user_6568,1106.52,credit_card,False,False,12,5,US,retail,0,1188,3,7.38,1,3,1,0
user_2584,249.92,credit_card,False,False,16,5,UK,gas,0,3335,2,5.0,1,2,1,0
user_8957,518.32,debit_card,False,False,16,6,AU,restaurant,0,1148,3,12.96,1,3,1,0
user_2679,614.74,debit_card,False,False,22,3,CA,restaurant,0,3070,2,15.37,2,2,1,0
user_9032,597.71,credit_card,False,False,6,4,US,gas,0,1349,2,11.95,3,2,1,0
user_9609,9553.27,wire_transfer,True,True,22,0,CA,cryptocurrency,2,1912,13,9.55,2,13,1,1
user_1082,1833.22,ach,False,False,19,3,AU,retail,0,2230,2,12.22,2,2,1,0
user_8723,289.65,debit_card,False,False,9,1,CA,retail,0,3431,2,1.93,3,2,1,0
user_1857,198.33,debit_card,False,False,11,0,UK,gas,0,417,2,3.97,1,2,1,0
user_3526,697.65,debit_card,False,False,20,4,CA,gas,0,3059,1,13.95,2,1,1,0
user_6881,1730.41,ach,False,False,14,3,UK,gas,0,119,3,34.61,1,3,5,0
user_1520,51.87,debit_card,False,False,6,5,CA,restaurant,0,982,2,1.3,3,2,1,0
user_5102,34.46,credit_card,False,False,13,5,CA,gas,0,242,2,0.69,1,2,1,0
user_6771,1740.52,debit_card,False,False,12,6,AU,restaurant,0,2791,3,43.51,1,3,1,0
user_5684,402.92,debit_card,False,False,7,5,US,groceries,0,133,2,4.03,3,2,5,0
user_6383,25663.09,wire_transfer,True,True,1,4,RU,wire_transfer,5,2597,15,51.33,10,15,1,1
user_8260,179.27,credit_card,False,False,11,3,CA,gas,0,147,2,3.59,1,2,5,0
user_9488,143.39,debit_card,False,False,16,5,CA,utilities,0,693,2,1.79,1,2,1,0
user_4465,118.12,debit_card,False,False,11,5,CA,utilities,0,1513,3,1.48,1,3,1,0
user_7361,47.01,ach,False,True,19,6,CA,utilities,0,1435,3,0.59,2,3,1,0
user_5408,495.43,debit_card,False,True,20,6,US,utilities,0,3571,3,6.19,2,3,1,0
user_9327,109.2,ach,False,False,10,3,UK,restaurant,0,3194,2,2.73,1,2,1,0
user_3425,57.64,credit_card,False,False,15,5,US,gas,0,1979,3,1.15,1,3,1,0
user_1590,275.3,ach,False,True,9,1,US,restaurant,0,674,2,6.88,3,2,1,0
user_6617,110.98,debit_card,True,True,15,5,CA,gas,0,595,3,2.22,1,3,1,0
user_3684,391.65,credit_card,False,False,16,0,UK,groceries,0,713,3,3.92,1,3,1,0
user_7615,57.04,ach,False,True,18,1,CA,restaurant,0,2401,1,1.43,2,1,1,0
user_3852,118.23,debit_card,False,False,22,1,CA,utilities,0,527,2,1.48,2,2,1,0
user_3555,98.09,debit_card,False,False,11,0,US,restaurant,0,1025,2,2.45,1,2,1,0
user_8542,247.35,credit_card,True,False,6,5,CA,groceries,0,1115,3,2.47,3,3,1,0
user_1076,139.07,debit_card,False,True,11,5,AU,gas,0,2103,2,2.78,1,2,1,0
user_3584,645.41,debit_card,False,False,22,0,UK,gas,0,2535,2,12.91,2,2,1,0
user_9680,321.96,credit_card,False,False,13,4,US,utilities,0,3596,1,4.02,1,1,1,0
user_4918,300.58,ach,False,False,16,6,CA,gas,0,1536,3,6.01,1,3,1,0
user_3395,904.03,debit_card,False,True,14,5,US,restaurant,0,926,2,22.6,1,2,1,0
user_7487,181.45,ach,False,False,8,1,CA,groceries,0,2398,1,1.81,3,1,1,0
user_2960,975.0,debit_card,False,True,7,0,US,utilities,0,202,2,12.19,3,2,1,0
user_3591,1910.27,debit_card,False,False,20,4,AU,groceries,0,1473,2,19.1,2,2,1,0
user_1100,579.21,debit_card,True,True,2,4,ID,cash_withdrawal,4,315,14,2.9,10,14,1,1
user_7939,1486.02,debit_card,False,False,16,4,UK,gas,0,2817,1,29.72,1,1,1,0
user_9674,188.06,debit_card,False,False,22,4,CA,restaurant,0,683,1,4.7,2,1,1,0
user_5362,451.32,credit_card,False,False,12,5,US,groceries,0,490,2,4.51,1,2,1,0
user_5471,952.34,ach,False,False,16,5,US,restaurant,0,1622,1,23.81,1,1,1,0
user_1659,77.84,debit_card,False,True,6,4,CA,groceries,0,3467,2,0.78,3,2,1,0
user_8879,9652.96,cryptocurrency,True,True,12,1,AU,wire_transfer,1,1649,11,19.31,1,11,1,1
user_4694,228.99,credit_card,False,False,20,1,UK,retail,0,3494,3,1.53,2,3,1,0
user_8846,118.56,debit_card,False,False,21,3,CA,retail,0,1654,1,0.79,2,1,1,0
user_8786,1769.5,debit_card,False,False,8,1,UK,restaurant,0,3187,2,44.24,3,2,1,0
user_1212,263.8,credit_card,False,True,11,6,AU,gas,0,3429,1,5.28,1,1,1,0
user_3926,75.59,ach,False,False,11,3,US,retail,0,2018,2,0.5,1,2,1,0
user_8972,1148.06,ach,False,True,20,2,UK,gas,0,216,1,22.96,2,1,1,0
user_8303,25.8,debit_card,False,False,15,6,AU,groceries,0,1934,2,0.26,1,2,1,0
user_4616,797.09,debit_card,False,False,19,4,US,restaurant,0,83,1,19.93,2,1,5,0
user_8430,908.81,debit_card,False,False,17,0,US,utilities,0,1310,2,11.36,1,2,1,0
user_1090,79.65,ach,False,True,17,1,CA,gas,0,750,2,1.59,1,2,1,0
user_5803,1655.11,ach,False,False,14,0,CA,retail,0,2915,3,11.03,1,3,1,0
user_3526,154.51,debit_card,False,False,20,5,UK,groceries,0,3481,1,1.55,2,1,1,0
user_6615,425.25,debit_card,False,False,12,0,CA,gas,0,705,3,8.51,1,3,1,0
user_5781,57.83,debit_card,False,False,15,1,US,restaurant,0,1293,3,1.45,1,3,1,0
user_7475,1374.62,ach,False,False,11,1,US,retail,0,867,1,9.16,1,1,1,0
user_8414,32.47,debit_card,False,False,6,0,CA,retail,0,38,3,0.22,3,3,5,0
user_1685,231.27,debit_card,False,False,14,0,US,restaurant,0,1495,2,5.78,1,2,1,0
user_3219,301.18,credit_card,True,False,10,2,AU,gas,0,1390,3,6.02,1,3,1,0
user_1829,186.05,debit_card,False,False,18,0,AU,utilities,0,3395,3,2.33,2,3,1,0
user_5341,34.39,debit_card,False,False,8,3,CA,utilities,0,3337,3,0.43,3,3,1,0
user_8925,262.53,debit_card,False,False,16,2,UK,gas,0,3201,2,5.25,1,2,1,0
user_9327,78.31,debit_card,False,True,6,2,UK,retail,0,3194,1,0.52,3,1,1,0
user_5362,589.73,credit_card,False,False,14,0,US,utilities,0,490,3,7.37,1,3,1,0
user_1807,316.73,debit_card,False,True,14,1,UK,retail,0,112,1,2.11,1,1,5,0
user_4337,998.26,credit_card,False,False,20,2,AU,retail,0,762,2,6.66,2,2,1,0
user_5853,65.13,debit_card,False,False,16,2,CA,utilities,0,1268,2,0.81,1,2,1,0
user_7510,625.54,credit_card,True,False,16,5,UK,utilities,0,2158,3,7.82,1,3,1,0
user_5735,115.32,debit_card,True,True,20,3,AU,gas,0,1328,1,2.31,2,1,1,0
user_1894,97.28,debit_card,False,False,18,4,CA,utilities,0,2100,2,1.22,2,2,1,0
user_2832,366.96,debit_card,False,True,15,6,CA,gas,0,267,3,7.34,1,3,1,0
user_2476,331.55,ach,False,True,14,6,AU,retail,0,749,3,2.21,1,3,1,0
user_3893,375.69,credit_card,False,False,17,2,CA,utilities,0,3509,3,4.7,1,3,1,0
user_4879,128.76,debit_card,False,False,14,0,UK,retail,0,3310,2,0.86,1,2,1,0
user_7607,71.66,ach,False,False,8,3,AU,gas,0,1849,2,1.43,3,2,1,0
user_6425,26.01,debit_card,False,True,10,5,UK,utilities,0,761,1,0.33,1,1,1,0
user_1502,2481.05,wire_transfer,True,True,3,4,NG,wire_transfer,4,1570,12,4.96,10,12,1,1
user_8218,419.26,ach,False,False,14,3,AU,groceries,0,2089,3,4.19,1,3,1,0
user_2600,844.21,ach,False,False,11,4,UK,groceries,0,1984,3,8.44,1,3,1,0
user_1618,615.83,ach,False,False,8,6,UK,groceries,0,87,2,6.16,3,2,5,0
user_2539,1078.62,debit_card,False,False,22,2,CA,gas,0,1966,1,21.57,2,1,1,0
user_8439,67.0,debit_card,True,False,20,5,AU,utilities,0,3035,1,0.84,2,1,1,0
user_3395,397.97,ach,False,False,14,0,US,retail,0,926,1,2.65,1,1,1,0
user_5088,46.05,ach,False,False,15,1,AU,restaurant,0,2572,3,1.15,1,3,1,0
user_7521,163.11,credit_card,False,True,19,2,UK,restaurant,0,1052,3,4.08,2,3,1,0
user_6172,394.03,debit_card,False,False,15,2,US,utilities,0,2900,2,4.93,1,2,1,0
user_2765,922.43,debit_card,False,False,11,4,US,retail,0,3192,3,6.15,1,3,1,0
user_5520,190.89,debit_card,False,False,9,2,AU,retail,0,405,1,1.27,3,1,1,0
user_2294,1589.35,credit_card,False,False,10,6,CA,retail,0,2227,2,10.6,1,2,1,0
user_8483,157.7,debit_card,False,False,17,4,AU,gas,0,235,1,3.15,1,1,1,0
user_4619,1202.51,ach,False,False,7,6,AU,retail,0,606,3,8.02,3,3,1,0
user_8611,62.66,credit_card,False,False,22,2,CA,retail,0,3504,3,0.42,2,3,1,0
user_8529,169.76,debit_card,False,False,21,3,US,groceries,0,3325,1,1.7,2,1,1,0
user_4621,360.31,debit_card,False,False,12,2,UK,groceries,0,279,2,3.6,1,2,1,0
user_6061,707.55,credit_card,False,False,7,6,UK,gas,0,3029,3,14.15,3,3,1,0
user_2110,3564.16,wire_transfer,True,True,5,2,RU,wire_transfer,5,2980,5,7.13,10,5,1,1
user_8035,974.23,ach,False,False,12,6,AU,gas,0,1600,2,19.48,1,2,1,0
user_3048,95.93,credit_card,False,False,22,0,UK,retail,0,3076,3,0.64,2,3,1,0
user_9709,70.64,debit_card,False,False,7,3,CA,restaurant,0,2080,3,1.77,3,3,1,0
user_1891,622.87,debit_card,False,False,16,4,US,groceries,0,1220,1,6.23,1,1,1,0
user_1130,234.44,debit_card,False,False,8,0,UK,groceries,0,2339,2,2.34,3,2,1,0
user_4694,319.96,ach,False,False,18,6,UK,restaurant,0,3494,3,8.0,2,3,1,0
user_8035,436.03,debit_card,False,False,17,4,AU,gas,0,1600,3,8.72,1,3,1,0
user_8905,101.4,credit_card,False,False,17,2,US,gas,0,2468,2,2.03,1,2,1,0
user_7296,332.14,ach,False,False,22,5,UK,gas,0,2944,3,6.64,2,3,1,0
user_2767,50.88,ach,False,False,16,2,AU,restaurant,0,976,1,1.27,1,1,1,0
user_5833,1643.75,debit_card,False,False,19,1,CA,groceries,0,748,2,16.44,2,2,1,0
user_2102,59.34,ach,False,False,18,3,US,retail,0,1858,2,0.4,2,2,1,0
user_5833,1178.63,ach,False,False,21,0,CA,gas,0,748,2,23.57,2,2,1,0
user_4648,26.64,debit_card,False,False,9,3,UK,groceries,0,1926,1,0.27,3,1,1,0
user_7179,662.66,credit_card,False,False,19,5,US,utilities,0,3608,3,8.28,2,3,1,0
user_9450,73.71,ach,False,False,16,1,US,utilities,0,3622,1,0.92,1,1,1,0
user_6437,133.36,credit_card,False,False,12,1,UK,restaurant,0,924,1,3.33,1,1,1,0
user_6085,171.45,debit_card,False,True,6,0,CA,gas,0,130,2,3.43,3,2,5,0
user_1807,1173.59,credit_card,False,False,16,5,UK,groceries,0,378,1,11.74,1,1,1,0
user_6629,99.02,debit_card,True,True,15,0,CA,groceries,0,1986,2,0.99,1,2,1,0
user_3647,9780.76,wire_transfer,True,True,19,0,AU,cryptocurrency,3,2327,13,9.78,2,13,1,1
user_1089,40.63,ach,False,False,19,5,US,gas,0,2158,1,0.81,2,1,1,0
user_4817,391.6,ach,False,False,10,4,US,retail,0,1165,2,2.61,1,2,1,0
user_3275,132.99,ach,False,False,17,5,US,restaurant,0,1508,2,3.32,1,2,1,0
user_1659,173.07,credit_card,False,False,15,0,AU,retail,0,1169,2,1.15,1,2,1,0
user_5828,1623.3,ach,False,False,21,2,AU,retail,0,807,2,10.82,2,2,1,0
user_8640,143.99,debit_card,False,False,8,2,CA,groceries,0,1351,2,1.44,3,2,1,0
user_7415,1236.21,credit_card,False,False,10,6,CA,groceries,0,2497,2,12.36,1,2,1,0
user_7550,1573.76,ach,False,False,10,1,US,gas,0,2993,1,31.48,1,1,1,0
user_5093,92.32,ach,False,False,17,4,US,groceries,0,3322,3,0.92,1,3,1,0
user_2391,69.76,debit_card,False,False,8,6,CA,groceries,0,3120,3,0.7,3,3,1,0
user_9962,65.24,debit_card,False,False,15,3,AU,gas,0,2915,2,1.3,1,2,1,0
user_5930,823.56,credit_card,False,False,22,2,US,restaurant,0,1274,2,20.59,2,2,1,0
user_8889,728.18,ach,False,False,13,6,CA,retail,0,2449,2,4.85,1,2,1,0
user_1891,1092.89,ach,False,True,14,5,US,gas,0,1220,1,21.86,1,1,1,0
user_8372,442.02,debit_card,False,False,22,3,UK,groceries,0,555,2,4.42,2,2,1,0
user_5075,52.23,ach,False,False,12,6,US,utilities,0,2839,3,0.65,1,3,1,0
user_6759,372.47,credit_card,True,False,8,3,UK,groceries,0,2548,2,3.72,3,2,1,0
user_6113,394.85,debit_card,False,False,6,1,US,retail,0,3080,3,2.63,3,3,1,0
user_4534,43.99,credit_card,False,False,6,0,AU,retail,0,2105,2,0.29,3,2,1,0
user_5942,100.01,debit_card,False,True,22,1,CA,gas,0,3093,2,2.0,2,2,1,0
user_5224,9715.46,cryptocurrency,True,True,2,4,CA,wire_transfer,3,2802,10,19.43,10,10,1,1
user_5362,553.62,credit_card,False,True,14,0,US,retail,0,490,1,3.69,1,1,1,0
user_3979,21606.77,wire_transfer,True,True,5,2,RO,wire_transfer,2,3297,9,43.21,10,9,1,1
user_1945,1726.21,credit_card,False,False,13,5,UK,restaurant,0,2992,2,43.16,1,2,1,0
user_3165,927.35,credit_card,False,True,15,1,UK,retail,0,3431,3,6.18,1,3,1,0
user_4893,341.92,credit_card,False,False,9,1,US,utilities,0,1006,3,4.27,3,3,1,0
user_1434,1788.66,credit_card,False,False,6,0,AU,gas,0,932,2,35.77,3,2,1,0
user_7878,8025.24,wire_transfer,True,True,0,1,ID,cash_withdrawal,8,2944,16,40.13,10,16,1,1
user_7434,732.13,ach,False,False,11,3,UK,utilities,0,2601,2,9.15,1,2,1,0
user_6455,163.96,debit_card,False,False,11,3,CA,gas,0,808,2,3.28,1,2,1,0
user_2638,40.86,credit_card,False,True,21,1,CA,groceries,0,2102,2,0.41,2,2,1,0
user_1984,324.28,ach,False,False,11,6,UK,gas,0,247,1,6.49,1,1,1,0
user_4909,59.47,debit_card,True,False,8,1,US,utilities,0,1809,1,0.74,3,1,1,0
user_8646,365.72,debit_card,False,False,19,0,AU,utilities,0,2424,3,4.57,2,3,1,0
user_8178,134.67,ach,False,False,20,1,AU,utilities,0,3221,2,1.68,2,2,1,0
user_8527,757.06,ach,False,False,6,1,AU,groceries,0,352,1,7.57,3,1,1,0
user_4729,122.4,debit_card,False,False,17,3,AU,retail,0,1877,2,0.82,1,2,1,0
user_4707,1435.13,debit_card,False,False,11,1,AU,utilities,0,1684,3,17.94,1,3,1,0
user_2218,178.12,debit_card,False,False,22,1,US,restaurant,0,764,2,4.45,2,2,1,0
user_2539,664.83,debit_card,False,True,18,1,CA,groceries,0,1966,1,6.65,2,1,1,0
user_3079,229.19,debit_card,False,False,18,0,US,restaurant,0,3189,1,5.73,2,1,1,0
user_6345,385.42,debit_card,False,False,13,3,UK,utilities,0,986,2,4.82,1,2,1,0
user_5380,1505.52,debit_card,False,False,18,4,US,groceries,0,585,1,15.06,2,1,1,0
user_4598,250.33,credit_card,False,False,8,3,CA,retail,0,3396,1,1.67,3,1,1,0
user_1089,57.23,debit_card,False,False,21,3,US,utilities,0,2158,3,0.72,2,3,1,0
user_4974,500.05,debit_card,False,False,12,1,AU,groceries,0,3194,1,5.0,1,1,1,0
user_5097,903.78,ach,False,False,9,5,US,groceries,0,3176,1,9.04,3,1,1,0
user_3165,673.83,ach,False,False,13,6,UK,restaurant,0,3431,1,16.85,1,1,1,0
user_6400,366.58,debit_card,False,False,22,6,US,groceries,0,1101,2,3.67,2,2,1,0
user_9674,154.1,ach,False,False,22,5,CA,retail,0,683,3,1.03,2,3,1,0
user_5240,39.13,credit_card,False,False,8,0,US,groceries,0,839,3,0.39,3,3,1,0
user_8714,16280.6,debit_card,True,True,0,1,PH,jewelry,4,3150,16,16.28,10,16,1,1
user_8113,256.69,debit_card,True,False,9,2,CA,restaurant,0,3283,2,6.42,3,2,1,0
user_4012,18269.45,wire_transfer,True,True,2,3,NG,wire_transfer,3,1733,11,36.54,10,11,1,1
user_9167,9876.88,cryptocurrency,True,True,13,6,CA,wire_transfer,2,1123,14,19.75,1,14,1,1
user_2294,963.82,credit_card,False,True,9,1,CA,utilities,0,2227,2,12.05,3,2,1,0
user_5471,598.5,debit_card,True,False,12,6,US,retail,0,1622,2,3.99,1,2,1,0
user_9364,1429.67,credit_card,False,False,19,2,CA,restaurant,0,2549,3,35.74,2,3,1,0
user_6085,441.33,debit_card,False,False,12,0,US,restaurant,0,263,1,11.03,1,1,1,0
user_1651,806.97,credit_card,False,True,8,5,AU,gas,0,2722,2,16.14,3,2,1,0
user_9584,25.86,debit_card,False,False,6,1,UK,restaurant,0,2561,3,0.65,3,3,1,0
user_2099,41.11,ach,False,False,8,0,US,groceries,0,1798,1,0.41,3,1,1,0
user_8569,708.54,credit_card,False,False,9,2,CA,restaurant,0,2153,3,17.71,3,3,1,0
user_5162,303.74,debit_card,False,False,12,5,AU,groceries,0,1656,1,3.04,1,1,1,0
user_3079,3342.53,wire_transfer,True,True,3,6,VN,jewelry,7,3189,21,3.34,10,20,1,1
user_3893,392.92,credit_card,False,False,13,0,CA,utilities,0,3509,2,4.91,1,2,1,0
user_7071,53.02,credit_card,False,False,21,3,UK,gas,0,81,2,1.06,2,2,5,0
user_2343,298.91,debit_card,False,False,6,1,CA,gas,0,1108,3,5.98,3,3,1,0
user_8444,1791.68,credit_card,False,False,19,1,AU,restaurant,0,579,1,44.79,2,1,1,0
user_1485,139.37,credit_card,False,False,12,5,AU,utilities,0,964,2,1.74,1,2,1,0
user_6599,539.7,debit_card,False,False,21,0,CA,gas,0,389,1,10.79,2,1,1,0
user_7071,33.4,credit_card,False,False,22,0,UK,restaurant,0,81,2,0.83,2,2,5,0
user_7325,74.9,credit_card,False,False,15,5,US,retail,0,547,2,0.5,1,2,1,0
user_9163,731.1,ach,False,True,17,5,AU,restaurant,0,3630,2,18.28,1,2,1,0
user_4300,4267.92,wire_transfer,True,True,4,2,CN,wire_transfer,3,3316,5,8.54,10,5,1,1
user_7401,1973.99,debit_card,False,True,22,6,US,restaurant,0,1300,2,49.35,2,2,1,0
user_2274,56.93,credit_card,True,False,12,1,UK,retail,0,717,2,0.38,1,2,1,0
user_5097,608.83,ach,False,False,9,4,US,retail,0,3176,3,4.06,3,3,1,0
user_2746,136.06,credit_card,False,True,16,4,UK,restaurant,0,1100,3,3.4,1,3,1,0
user_7852,1460.65,debit_card,False,True,6,2,AU,utilities,0,1762,3,18.26,3,3,1,0
user_6629,45.56,credit_card,False,False,14,2,CA,retail,0,1986,3,0.3,1,3,1,0
user_3584,468.28,credit_card,False,False,20,6,UK,groceries,0,2535,3,4.68,2,3,1,0
user_5067,139.02,credit_card,False,False,6,3,AU,gas,0,2789,2,2.78,3,2,1,0
user_9565,251.97,debit_card,False,False,14,2,CA,retail,0,2773,1,1.68,1,1,1,0
user_7178,526.61,debit_card,False,False,17,1,CA,gas,0,3132,1,10.53,1,1,1,0
user_9762,56.47,credit_card,False,False,19,4,US,utilities,0,3126,1,0.71,2,1,1,0
user_7985,501.36,credit_card,False,False,6,3,AU,utilities,0,2609,1,6.27,3,1,1,0
user_5625,118.69,debit_card,False,False,14,2,US,restaurant,0,2295,2,2.97,1,2,1,0
user_7814,367.31,debit_card,False,False,19,4,US,utilities,0,3403,2,4.59,2,2,1,0
user_7232,518.99,ach,True,False,6,0,UK,groceries,0,1253,1,5.19,3,1,1,0
user_7232,327.97,debit_card,False,False,7,1,UK,restaurant,0,1253,2,8.2,3,2,1,0
user_3910,897.13,credit_card,False,False,12,6,UK,gas,0,3040,1,17.94,1,1,1,0
user_8925,318.79,debit_card,False,False,13,4,UK,restaurant,0,3201,3,7.97,1,3,1,0
user_3317,254.39,ach,False,False,15,6,AU,gas,0,558,1,5.09,1,1,1,0
user_3636,227.53,debit_card,True,True,20,0,UK,retail,0,629,2,1.52,2,2,1,0
user_4450,194.03,ach,False,False,16,0,US,gas,0,421,3,3.88,1,3,1,0
user_3621,9534.14,cryptocurrency,True,True,20,0,AU,cryptocurrency,2,172,17,9.53,2,17,5,1
user_8094,259.59,credit_card,False,False,8,1,AU,gas,0,2787,1,5.19,3,1,1,0
user_8988,238.61,debit_card,False,False,20,2,CA,restaurant,0,1313,2,5.97,2,2,1,0
user_3588,280.97,debit_card,False,False,17,1,US,gas,0,1782,3,5.62,1,3,1,0
user_5625,327.17,debit_card,False,False,12,2,US,gas,0,2295,3,6.54,1,3,1,0
user_1136,64.99,ach,False,False,16,6,UK,groceries,0,2745,1,0.65,1,1,1,0
user_5114,34.58,credit_card,False,False,10,6,AU,gas,0,3427,1,0.69,1,1,1,0
user_7251,301.57,credit_card,False,False,13,3,UK,gas,0,2291,3,6.03,1,3,1,0
user_7244,1773.62,ach,False,False,16,4,AU,utilities,0,1702,1,22.17,1,1,1,0
user_6714,892.76,debit_card,False,True,18,4,UK,restaurant,0,1208,1,22.32,2,1,1,0
user_4560,124.51,debit_card,True,True,7,4,UK,utilities,0,2842,1,1.56,3,1,1,0
user_4143,988.77,debit_card,False,False,19,4,AU,groceries,0,2804,2,9.89,2,2,1,0
user_9383,70.07,debit_card,False,False,20,3,US,groceries,0,1078,2,0.7,2,2,1,0
user_1241,38.22,ach,False,False,10,2,CA,restaurant,0,1694,2,0.96,1,2,1,0
user_1256,192.22,debit_card,False,False,22,5,CA,utilities,0,3111,2,2.4,2,2,1,0
user_9821,89.02,credit_card,False,False,14,1,UK,gas,0,1361,1,1.78,1,1,1,0
user_1742,89.61,ach,False,False,7,3,UK,restaurant,0,3323,2,2.24,3,2,1,0
user_7179,1268.75,debit_card,False,False,22,3,US,retail,0,3608,1,8.46,2,1,1,0
user_1117,62.94,credit_card,False,False,21,3,US,gas,0,967,1,1.26,2,1,1,0
user_2373,210.35,credit_card,False,False,19,5,AU,groceries,0,1085,1,2.1,2,1,1,0
user_1567,1484.26,ach,True,False,19,4,CA,retail,0,2681,3,9.9,2,3,1,0
user_4588,806.48,debit_card,True,True,1,4,BR,electronics,7,3342,12,1.61,10,12,1,1
user_6992,677.59,debit_card,True,True,13,2,US,groceries,0,1670,2,6.78,1,2,1,0
user_9740,31.91,ach,False,False,19,5,CA,groceries,0,2454,1,0.32,2,1,1,0
user_8925,2813.71,debit_card,True,True,5,0,VN,electronics,8,3201,25,5.63,10,20,1,1
user_3161,137.11,debit_card,False,False,9,1,UK,retail,0,412,1,0.91,3,1,1,0
user_3862,32.61,credit_card,False,False,12,2,UK,retail,0,3313,2,0.22,1,2,1,0
user_8113,2452.86,debit_card,True,True,0,6,BR,cash_withdrawal,8,3283,24,12.26,10,20,1,1
user_7843,376.82,credit_card,False,False,11,6,AU,retail,0,115,1,2.51,1,1,5,0
user_3275,169.44,credit_card,False,False,15,1,US,gas,0,1508,2,3.39,1,2,1,0
user_1984,254.05,ach,False,False,7,0,UK,groceries,0,247,2,2.54,3,2,1,0
user_5105,87.14,debit_card,False,False,20,3,UK,utilities,0,542,2,1.09,2,2,1,0
user_1797,54.99,debit_card,False,False,18,2,US,restaurant,0,1677,3,1.37,2,3,1,0
user_4082,560.1,credit_card,False,False,22,4,CA,groceries,0,1993,1,5.6,2,1,1,0
user_1461,296.64,debit_card,False,False,10,3,UK,utilities,0,3271,2,3.71,1,2,1,0
user_4300,101.95,debit_card,False,False,12,4,CA,groceries,0,3316,3,1.02,1,3,1,0
user_1370,112.82,credit_card,False,False,22,2,US,groceries,0,2803,1,1.13,2,1,1,0
user_9226,1843.16,debit_card,False,False,22,5,CA,utilities,0,522,3,23.04,2,3,1,0
user_5842,27.33,credit_card,True,False,10,3,AU,restaurant,0,1610,1,0.68,1,1,1,0
user_6671,103.7,ach,False,False,14,1,CA,restaurant,0,3614,1,2.59,1,1,1,0
user_4295,175.54,debit_card,False,False,13,3,UK,retail,0,1824,3,1.17,1,3,1,0
user_1202,1320.09,debit_card,False,False,21,2,AU,groceries,0,490,1,13.2,2,1,1,0
user_7044,560.59,ach,False,False,21,1,CA,restaurant,0,2536,3,14.01,2,3,1,0
user_8126,539.89,debit_card,False,False,22,5,UK,utilities,0,1452,1,6.75,2,1,1,0
user_4734,145.41,ach,False,False,14,4,AU,gas,0,3200,2,2.91,1,2,1,0
user_3218,956.97,debit_card,False,False,14,0,AU,retail,0,1867,2,6.38,1,2,1,0
user_8015,130.77,debit_card,False,False,21,1,CA,gas,0,3244,3,2.62,2,3,1,0
user_7333,9800.35,wire_transfer,True,True,6,1,CA,cryptocurrency,2,1395,19,9.8,3,19,1,1
user_9163,1033.0,debit_card,False,False,15,6,AU,utilities,0,3630,3,12.91,1,3,1,0
user_5986,738.86,ach,False,False,11,3,US,retail,0,991,2,4.93,1,2,1,0
user_9830,185.32,ach,True,False,22,1,AU,utilities,0,2420,2,2.32,2,2,1,0
user_2531,882.61,debit_card,False,False,13,2,AU,gas,0,2293,3,17.65,1,3,1,0
user_9837,1785.15,debit_card,False,False,7,0,UK,retail,0,2031,2,11.9,3,2,1,0
user_9022,199.27,credit_card,False,True,16,2,AU,utilities,0,1443,2,2.49,1,2,1,0
user_5060,83.3,credit_card,False,False,12,6,US,retail,0,3159,1,0.56,1,1,1,0
user_5336,144.69,ach,False,True,20,0,AU,retail,0,2561,3,0.96,2,3,1,0
user_9751,149.92,debit_card,False,False,15,6,US,gas,0,253,1,3.0,1,1,1,0
user_8752,9766.14,wire_transfer,True,True,19,0,US,cryptocurrency,2,3187,20,9.77,2,20,1,1
user_5442,1950.11,credit_card,False,False,18,6,UK,retail,0,592,2,13.0,2,2,1,0
user_4978,61.75,ach,False,False,22,3,UK,utilities,0,3512,1,0.77,2,1,1,0
user_8269,124.14,debit_card,False,False,18,5,UK,retail,0,148,2,0.83,2,2,5,0
user_1930,1918.27,credit_card,False,False,14,5,UK,gas,0,2818,3,38.37,1,3,1,0
user_9899,741.29,credit_card,False,False,16,5,UK,groceries,0,3196,3,7.41,1,3,1,0
user_7164,244.58,debit_card,False,False,9,2,CA,groceries,0,2200,2,2.45,3,2,1,0
user_3223,834.31,debit_card,False,False,9,5,US,groceries,0,1095,1,8.34,3,1,1,0
user_3146,132.7,debit_card,True,False,14,5,AU,utilities,0,527,3,1.66,1,3,1,0
user_7178,1103.96,debit_card,True,False,17,1,CA,gas,0,3132,1,22.08,1,1,1,0
user_8811,1966.83,ach,False,False,20,5,CA,retail,0,262,1,13.11,2,1,1,0
user_9210,1183.09,ach,False,False,10,2,AU,restaurant,0,1520,2,29.58,1,2,1,0
user_9922,93.03,credit_card,False,False,21,0,CA,retail,0,1118,2,0.62,2,2,1,0
user_7044,7140.46,debit_card,True,True,0,6,BR,cash_withdrawal,8,2536,10,35.7,10,10,1,1
user_6576,170.28,debit_card,False,True,19,3,UK,restaurant,0,2306,3,4.26,2,3,1,0
user_3733,1520.81,wire_transfer,True,True,3,1,BR,cash_withdrawal,8,2097,14,7.6,10,14,1,1
user_8939,155.14,debit_card,False,False,14,0,AU,groceries,0,347,1,1.55,1,1,1,0
user_4621,270.6,debit_card,True,False,15,6,UK,gas,0,279,2,5.41,1,2,1,0
user_3093,1766.17,debit_card,False,True,8,2,AU,utilities,0,2112,2,22.08,3,2,1,0
user_3419,151.53,ach,False,False,10,5,UK,groceries,0,2871,2,1.52,1,2,1,0
user_4387,60.58,credit_card,False,False,11,5,CA,retail,0,3455,1,0.4,1,1,1,0
user_8834,150.31,debit_card,False,False,15,6,UK,gas,0,1733,1,3.01,1,1,1,0
user_8803,360.86,debit_card,False,False,10,3,AU,groceries,0,3527,3,3.61,1,3,1,0
user_1842,135.96,credit_card,False,True,18,3,UK,utilities,0,1470,1,1.7,2,1,1,0
user_2571,99.04,credit_card,False,False,16,6,AU,retail,0,659,3,0.66,1,3,1,0
user_2274,109.67,debit_card,False,False,12,3,UK,restaurant,0,717,1,2.74,1,1,1,0
user_2956,95.87,debit_card,False,True,22,2,CA,gas,0,2903,3,1.92,2,3,1,0
user_3868,548.86,debit_card,False,False,19,4,AU,retail,0,2617,1,3.66,2,1,1,0
user_5842,74.6,ach,False,False,8,4,AU,gas,0,1610,1,1.49,3,1,1,0
user_7251,755.52,ach,False,False,14,1,UK,retail,0,2291,1,5.04,1,1,1,0
user_2753,52.15,debit_card,False,False,18,3,CA,utilities,0,1017,1,0.65,2,1,1,0
user_4658,1147.87,ach,True,False,22,3,UK,utilities,0,578,2,14.35,2,2,1,0
user_9051,62.62,debit_card,False,False,15,4,US,restaurant,0,1508,3,1.57,1,3,1,0
user_8886,90.89,debit_card,False,True,13,6,US,gas,0,704,1,1.82,1,1,1,0
user_5856,9558.35,wire_transfer,True,True,18,6,US,cryptocurrency,1,423,20,9.56,2,20,1,1
user_8109,342.12,debit_card,False,False,18,2,US,retail,0,2193,3,2.28,2,3,1,0
user_7144,103.41,debit_card,False,False,20,3,UK,retail,0,1704,2,0.69,2,2,1,0
user_6363,177.13,credit_card,False,False,15,1,UK,restaurant,0,1412,3,4.43,1,3,1,0
user_5006,460.01,wire_transfer,True,True,4,1,VN,electronics,5,1598,19,0.92,10,19,1,1
user_1962,1113.28,credit_card,False,True,6,3,US,gas,0,3380,2,22.27,3,2,1,0
user_4006,168.76,debit_card,False,False,12,2,CA,gas,0,3611,1,3.38,1,1,1,0
user_7858,511.96,debit_card,False,False,21,1,AU,retail,0,2375,1,3.41,2,1,1,0
user_7510,660.04,ach,False,False,15,2,UK,retail,0,2158,2,4.4,1,2,1,0
user_1807,11518.07,wire_transfer,True,True,2,1,RU,wire_transfer,4,112,9,23.04,10,9,5,1
user_2195,69.54,debit_card,False,False,21,4,US,groceries,0,86,2,0.7,2,2,5,0
user_4390,86.84,debit_card,False,True,22,1,UK,retail,0,2210,1,0.58,2,1,1,0
user_6500,415.3,credit_card,False,False,11,4,UK,gas,0,888,3,8.31,1,3,1,0
user_9830,722.93,credit_card,False,False,6,3,AU,gas,0,3166,3,14.46,3,3,1,0
user_1212,120.89,debit_card,False,False,7,4,AU,restaurant,0,3429,1,3.02,3,1,1,0
user_2531,770.35,credit_card,False,False,16,6,AU,utilities,0,2293,2,9.63,1,2,1,0
user_8668,200.69,credit_card,False,False,10,2,US,utilities,0,1384,1,2.51,1,1,1,0
user_5480,372.45,ach,False,True,22,3,CA,utilities,0,1572,2,4.66,2,2,1,0
user_8478,186.06,debit_card,False,False,17,1,UK,groceries,0,3123,3,1.86,1,3,1,0
user_7334,3864.17,wire_transfer,True,True,0,3,NG,wire_transfer,4,2864,15,7.73,10,15,1,1
user_6439,47.96,debit_card,False,False,14,0,US,groceries,0,2184,2,0.48,1,2,1,0
user_3880,53.78,debit_card,False,False,14,2,AU,gas,0,793,3,1.08,1,3,1,0
user_3893,933.36,debit_card,False,False,17,6,CA,gas,0,3509,1,18.67,1,1,1,0
user_6828,909.51,credit_card,False,True,20,3,US,restaurant,0,2803,3,22.74,2,3,1,0
user_8909,43.14,debit_card,False,False,16,2,AU,utilities,0,381,2,0.54,1,2,1,0
user_4164,347.97,debit_card,False,False,17,4,UK,retail,0,3570,3,2.32,1,3,1,0
user_2827,213.04,debit_card,True,False,13,6,CA,restaurant,0,1888,3,5.33,1,3,1,0
user_9837,84.32,debit_card,True,False,13,0,CA,retail,0,2692,2,0.56,1,2,1,0
user_4300,72.57,ach,True,False,13,1,CA,restaurant,0,3316,3,1.81,1,3,1,0
user_6916,275.46,credit_card,False,False,9,4,AU,groceries,0,3555,2,2.75,3,2,1,0
user_7950,54.73,credit_card,False,True,7,3,AU,groceries,0,2678,1,0.55,3,1,1,0
user_9830,513.07,debit_card,False,False,8,6,AU,restaurant,0,3166,1,12.83,3,1,1,0
user_1100,198.61,ach,False,True,9,3,AU,utilities,0,315,2,2.48,3,2,1,0
user_8714,1967.43,ach,False,True,21,1,CA,utilities,0,3150,3,24.59,2,3,1,0
user_1945,775.03,ach,False,True,14,0,UK,restaurant,0,2992,2,19.38,1,2,1,0
user_3525,991.92,credit_card,False,True,17,6,US,retail,0,1869,1,6.61,1,1,1,0
user_9698,322.7,credit_card,False,False,15,6,UK,utilities,0,1471,2,4.03,1,2,1,0
user_9531,578.38,ach,False,False,22,0,CA,restaurant,0,1739,2,14.46,2,2,1,0
user_3926,27.26,credit_card,False,True,10,3,US,utilities,0,2018,2,0.34,1,2,1,0
user_3389,963.86,credit_card,False,True,7,6,CA,groceries,0,847,3,9.64,3,3,1,0
user_5500,943.47,credit_card,False,False,11,2,UK,retail,0,2108,2,6.29,1,2,1,0
user_2077,139.71,credit_card,False,True,16,3,AU,groceries,0,2183,3,1.4,1,3,1,0
user_7290,772.27,ach,False,True,19,2,AU,groceries,0,1705,2,7.72,2,2,1,0
user_1472,186.14,debit_card,False,True,15,4,AU,gas,0,492,1,3.72,1,1,1,0
user_2294,332.52,debit_card,False,False,15,1,AU,gas,0,2344,1,6.65,1,1,1,0
user_8542,356.14,debit_card,False,False,10,0,CA,groceries,0,1115,1,3.56,1,1,1,0
user_8489,37.22,debit_card,True,False,7,3,AU,restaurant,0,2474,1,0.93,3,1,1,0
user_8912,731.68,debit_card,False,False,11,3,CA,retail,0,3022,1,4.88,1,1,1,0
user_8921,732.9,credit_card,False,False,12,6,UK,retail,0,1350,3,4.89,1,3,1,0
user_1833,1014.18,debit_card,False,False,21,6,UK,retail,0,2039,3,6.76,2,3,1,0
user_8483,178.29,credit_card,False,True,14,0,AU,gas,0,235,3,3.57,1,3,1,0
user_2899,993.28,debit_card,False,False,18,0,US,retail,0,2723,2,6.62,2,2,1,0
user_9856,218.31,ach,False,False,17,0,CA,groceries,0,3267,1,2.18,1,1,1,0
user_8491,174.61,debit_card,False,False,11,6,US,utilities,0,1907,1,2.18,1,1,1,0
user_7086,66.89,debit_card,False,False,19,0,CA,groceries,0,1961,3,0.67,2,3,1,0
user_5254,102.81,debit_card,False,False,19,6,UK,retail,0,1001,1,0.69,2,1,1,0
user_2404,132.54,credit_card,False,False,18,1,AU,retail,0,3128,2,0.88,2,2,1,0
user_5240,25.9,ach,True,False,7,0,US,retail,0,839,3,0.17,3,3,1,0
user_7144,94.24,debit_card,False,False,20,4,UK,utilities,0,1704,2,1.18,2,2,1,0
user_7315,148.83,ach,False,False,8,6,US,utilities,0,858,2,1.86,3,2,1,0
user_4707,195.48,ach,False,True,12,5,CA,groceries,0,450,3,1.95,1,3,1,0
user_3230,201.15,credit_card,False,True,12,6,CA,utilities,0,1992,3,2.51,1,3,1,0
user_7708,1498.21,debit_card,False,False,10,2,CA,retail,0,1328,3,9.99,1,3,1,0
user_9821,94.57,ach,False,True,17,6,UK,retail,0,1361,3,0.63,1,3,1,0
user_9740,62.74,ach,False,False,21,2,CA,groceries,0,2454,3,0.63,2,3,1,0
user_4295,101.77,debit_card,False,False,13,1,UK,gas,0,1824,2,2.04,1,2,1,0
user_3675,731.92,ach,False,True,15,0,CA,retail,0,1107,3,4.88,1,3,1,0
user_9331,25.63,debit_card,False,False,13,4,AU,gas,0,3580,2,0.51,1,2,1,0
user_5831,43.79,ach,False,False,17,6,UK,groceries,0,458,1,0.44,1,1,1,0
user_8372,941.43,credit_card,False,True,21,3,UK,utilities,0,555,1,11.77,2,1,1,0
user_9899,511.64,debit_card,True,False,16,3,UK,gas,0,3196,3,10.23,1,3,1,0
user_5661,812.63,debit_card,False,True,18,0,UK,groceries,0,1453,1,8.13,2,1,1,0
user_7371,184.74,debit_card,False,False,22,4,UK,groceries,0,2868,1,1.85,2,1,1,0
user_9369,29.01,debit_card,False,False,19,4,US,gas,0,1127,1,0.58,2,1,1,0
user_9864,54.57,ach,False,False,22,4,US,restaurant,0,991,3,1.36,2,3,1,0
user_4584,73.83,debit_card,True,False,19,3,AU,groceries,0,32,2,0.74,2,2,5,0
user_1742,72.7,debit_card,False,False,9,2,UK,groceries,0,3323,1,0.73,3,1,1,0
user_4817,143.15,credit_card,False,False,6,3,US,retail,0,1165,2,0.95,3,2,1,0
user_9031,766.25,debit_card,True,True,5,0,ID,cash_withdrawal,5,2633,25,3.83,10,20,1,1
user_8397,58.89,credit_card,False,False,6,0,CA,retail,0,292,3,0.39,3,3,1,0
user_4910,211.73,ach,False,True,12,5,CA,gas,0,2781,1,4.23,1,1,1,0
user_7010,1547.14,ach,False,False,7,5,AU,utilities,0,2267,3,19.34,3,3,1,0
user_9488,103.85,credit_card,False,False,12,1,CA,utilities,0,693,1,1.3,1,1,1,0
user_9787,31.94,credit_card,False,True,8,5,AU,groceries,0,983,2,0.32,3,2,1,0
user_4465,65.78,ach,False,False,8,6,CA,groceries,0,1513,3,0.66,3,3,1,0
user_6218,3529.03,wire_transfer,True,True,4,6,CN,wire_transfer,2,2461,8,7.06,10,8,1,1
user_5634,961.93,debit_card,True,False,17,6,UK,utilities,0,2810,2,12.02,1,2,1,0
user_5581,945.57,credit_card,False,False,9,2,CA,utilities,0,2388,3,11.82,3,3,1,0
user_3222,992.6,debit_card,False,True,12,3,UK,utilities,0,2776,3,12.41,1,3,1,0
user_1919,78.8,debit_card,False,False,21,6,CA,gas,0,368,3,1.58,2,3,1,0
user_7290,861.97,debit_card,False,True,18,5,AU,restaurant,0,1705,1,21.55,2,1,1,0
user_9022,8556.57,wire_transfer,True,True,5,1,NG,wire_transfer,4,1318,8,17.11,10,8,1,1
user_3340,370.94,ach,False,False,7,0,CA,utilities,0,3081,1,4.64,3,1,1,0
user_7708,1878.6,ach,False,False,10,2,CA,retail,0,1328,1,12.52,1,1,1,0
user_8976,871.3,debit_card,True,False,21,6,US,groceries,0,2085,3,8.71,2,3,1,0
user_3042,132.63,debit_card,False,True,7,3,CA,restaurant,0,1147,3,3.32,3,3,1,0
user_9796,167.73,debit_card,False,False,15,5,UK,groceries,0,837,1,1.68,1,1,1,0
user_4727,74.52,credit_card,False,False,15,3,US,gas,0,3144,3,1.49,1,3,1,0
user_9903,370.08,ach,False,False,14,5,UK,gas,0,3591,1,7.4,1,1,1,0
user_7361,54.29,ach,False,False,20,6,CA,retail,0,1435,2,0.36,2,2,1,0
user_9369,98.73,debit_card,False,True,22,2,US,retail,0,1127,3,0.66,2,3,1,0
user_5846,61.41,credit_card,False,False,18,1,US,utilities,0,2741,1,0.77,2,1,1,0
user_8851,747.06,debit_card,True,False,17,0,AU,restaurant,0,2256,3,18.68,1,3,1,0
user_1842,293.2,credit_card,False,False,21,5,UK,restaurant,0,1470,1,7.33,2,1,1,0
user_7126,150.52,debit_card,False,False,17,5,US,gas,0,1565,2,3.01,1,2,1,0
user_8207,131.7,credit_card,False,True,7,4,US,groceries,0,2137,3,1.32,3,3,1,0
user_2983,1157.23,credit_card,False,False,9,4,UK,groceries,0,2212,3,11.57,3,3,1,0
user_2013,613.04,debit_card,True,False,7,5,UK,retail,0,2955,1,4.09,3,1,1,0
user_7401,1025.48,credit_card,False,True,19,2,US,utilities,0,1300,2,12.82,2,2,1,0
user_6345,320.5,credit_card,True,True,15,2,UK,utilities,0,986,3,4.01,1,3,1,0
user_3165,654.72,debit_card,False,True,16,4,UK,utilities,0,3431,2,8.18,1,2,1,0
user_7939,224.38,debit_card,False,False,13,2,CA,groceries,0,1343,3,2.24,1,3,1,0
user_3693,726.44,ach,False,False,13,4,UK,utilities,0,1695,2,9.08,1,2,1,0
user_3979,891.51,credit_card,False,False,6,2,UK,groceries,0,3297,1,8.92,3,1,1,0
user_3129,1188.15,ach,False,False,16,0,CA,gas,0,480,3,23.76,1,3,1,0
user_9369,79.11,debit_card,True,False,21,0,US,gas,0,1127,1,1.58,2,1,1,0
user_8489,71.73,debit_card,False,False,7,1,AU,restaurant,0,2474,2,1.79,3,2,1,0
user_9165,364.34,credit_card,False,False,22,6,UK,restaurant,0,1731,3,9.11,2,3,1,0
user_5835,160.39,debit_card,False,False,19,3,US,groceries,0,1499,2,1.6,2,2,1,0
user_9808,518.67,credit_card,True,False,9,2,UK,retail,0,372,3,3.46,3,3,1,0
user_7025,505.19,debit_card,False,False,22,3,CA,groceries,0,3209,2,5.05,2,2,1,0
user_6864,9826.85,cryptocurrency,True,True,15,5,AU,cryptocurrency,1,3646,19,9.83,1,19,1,1
user_1639,676.47,debit_card,False,False,21,5,US,utilities,0,411,2,8.46,2,2,1,0
user_5658,512.08,debit_card,False,False,13,1,AU,retail,0,1425,3,3.41,1,3,1,0
user_4070,993.92,ach,False,False,13,3,AU,restaurant,0,453,3,24.85,1,3,1,0
user_8518,186.89,ach,True,False,19,4,CA,restaurant,0,87,2,4.67,2,2,5,0
user_8501,1769.64,credit_card,False,False,11,4,UK,restaurant,0,2546,2,44.24,1,2,1,0
user_2381,407.15,credit_card,False,False,14,6,CA,restaurant,0,1043,3,10.18,1,3,1,0
user_8439,38.52,debit_card,False,False,19,0,AU,utilities,0,3035,3,0.48,2,3,1,0
user_5177,61.48,debit_card,False,False,14,4,US,groceries,0,1872,3,0.61,1,3,1,0
user_7408,517.78,debit_card,False,False,19,5,CA,utilities,0,1442,1,6.47,2,1,1,0
user_1089,999.77,wire_transfer,True,True,1,5,RO,wire_transfer,5,2158,11,2.0,10,11,1,1
user_1035,316.47,ach,False,True,15,2,AU,gas,0,1198,3,6.33,1,3,1,0
user_4057,1268.16,credit_card,False,False,17,1,UK,groceries,0,3029,1,12.68,1,1,1,0
user_9837,1165.93,ach,True,False,11,1,UK,gas,0,2031,2,23.32,1,2,1,0
user_8260,1553.66,debit_card,False,False,10,5,US,utilities,0,2701,2,19.42,1,2,1,0
user_4176,9475.48,wire_transfer,True,True,5,2,CN,wire_transfer,3,997,14,18.95,10,14,1,1
user_2679,898.95,debit_card,False,False,22,1,CA,retail,0,3070,3,5.99,2,3,1,0
user_8301,160.72,credit_card,False,True,21,2,CA,retail,0,193,1,1.07,2,1,1,0
user_3947,1578.52,debit_card,False,True,7,3,AU,gas,0,2931,2,31.57,3,2,1,0
user_1017,1876.91,debit_card,True,True,0,0,VN,cash_withdrawal,3,573,24,9.38,10,20,1,1
user_2387,609.02,debit_card,False,False,11,2,CA,restaurant,0,2837,1,15.23,1,1,1,0
user_4304,1405.03,debit_card,False,False,15,2,CA,restaurant,0,167,2,35.13,1,2,5,0
user_1807,1062.42,debit_card,False,False,14,2,UK,utilities,0,378,1,13.28,1,1,1,0
user_6544,83.39,ach,False,False,11,0,UK,gas,0,2670,3,1.67,1,3,1,0
user_3815,581.77,debit_card,False,False,15,0,UK,retail,0,390,1,3.88,1,1,1,0
user_6437,332.58,debit_card,False,False,12,2,UK,gas,0,924,3,6.65,1,3,1,0
user_3677,474.12,credit_card,False,False,15,5,UK,retail,0,2651,2,3.16,1,2,1,0
user_1128,1862.15,credit_card,True,True,15,3,US,retail,0,3626,3,12.41,1,3,1,0
user_8611,29.35,debit_card,True,True,20,5,CA,gas,0,3504,2,0.59,2,2,1,0
user_9369,46.1,ach,False,False,18,6,US,gas,0,1127,3,0.92,2,3,1,0
user_2381,973.24,credit_card,False,False,16,5,CA,restaurant,0,1043,3,24.33,1,3,1,0
user_8822,53.58,credit_card,False,False,13,2,UK,retail,0,1199,3,0.36,1,3,1,0
user_2169,985.2,credit_card,False,False,18,3,CA,restaurant,0,2217,1,24.63,2,1,1,0
user_5558,371.82,ach,False,False,17,2,AU,restaurant,0,1370,1,9.3,1,1,1,0
user_1082,795.3,debit_card,False,False,22,4,AU,utilities,0,2230,2,9.94,2,2,1,0
user_8354,835.68,debit_card,True,False,20,4,UK,groceries,0,3569,3,8.36,2,3,1,0
user_3815,666.34,credit_card,False,False,15,6,UK,utilities,0,390,3,8.33,1,3,1,0
user_9903,865.19,credit_card,False,False,15,5,UK,retail,0,3591,2,5.77,1,2,1,0
user_5558,376.86,debit_card,False,False,14,4,AU,retail,0,1370,1,2.51,1,1,1,0
user_5262,70.44,debit_card,True,True,7,3,AU,restaurant,0,3530,3,1.76,3,3,1,0
user_9849,152.28,debit_card,False,False,19,6,UK,utilities,0,1248,2,1.9,2,2,1,0
user_9808,300.85,credit_card,False,True,9,6,AU,restaurant,0,2346,2,7.52,3,2,1,0
user_1269,530.28,ach,False,False,18,1,CA,utilities,0,2973,2,6.63,2,2,1,0
user_8277,1451.53,credit_card,False,False,14,6,AU,retail,0,988,3,9.68,1,3,1,0
user_8972,1316.16,debit_card,False,False,19,0,UK,restaurant,0,216,1,32.9,2,1,1,0
user_5728,388.15,ach,True,False,8,2,AU,utilities,0,2850,2,4.85,3,2,1,0
user_2420,40.82,debit_card,False,True,7,3,US,restaurant,0,2444,2,1.02,3,2,1,0
user_6269,325.65,debit_card,False,False,16,6,CA,groceries,0,136,1,3.26,1,1,5,0
user_1424,152.88,ach,False,False,16,6,AU,groceries,0,2330,2,1.53,1,2,1,0
user_8640,160.78,ach,True,False,8,5,CA,utilities,0,1351,1,2.01,3,1,1,0
user_8598,199.84,credit_card,True,False,8,0,UK,restaurant,0,1757,1,5.0,3,1,1,0
user_9830,314.08,debit_card,False,False,10,6,AU,retail,0,3166,3,2.09,1,3,1,0
user_3381,45.6,ach,False,False,22,5,US,utilities,0,848,2,0.57,2,2,1,0
user_6269,228.79,credit_card,False,False,17,6,AU,groceries,0,2215,2,2.29,1,2,1,0
user_9899,429.41,debit_card,False,False,17,6,UK,groceries,0,3196,3,4.29,1,3,1,0
user_8611,47.72,debit_card,False,False,19,2,CA,retail,0,3504,2,0.32,2,2,1,0
user_2185,1438.72,credit_card,False,False,15,2,UK,gas,0,509,1,28.77,1,1,1,0
user_5334,984.64,ach,False,False,21,0,CA,gas,0,1771,1,19.69,2,1,1,0
user_4705,722.75,debit_card,False,True,18,5,US,utilities,0,2524,2,9.03,2,2,1,0
user_4143,320.24,debit_card,False,False,22,4,AU,groceries,0,2804,3,3.2,2,3,1,0
user_7985,628.01,credit_card,False,False,11,2,AU,retail,0,2609,3,4.19,1,3,1,0
user_3267,91.41,credit_card,False,False,11,6,AU,groceries,0,2872,1,0.91,1,1,1,0
user_5380,1177.33,debit_card,False,False,18,1,US,utilities,0,585,3,14.72,2,3,1,0
user_6188,360.05,credit_card,False,False,6,1,US,gas,0,51,3,7.2,3,3,5,0
user_6904,171.73,debit_card,False,False,12,3,UK,retail,0,3403,2,1.14,1,2,1,0
user_5634,792.73,debit_card,False,False,14,5,UK,gas,0,2810,1,15.85,1,1,1,0
user_1916,97.85,debit_card,False,False,16,2,CA,gas,0,2146,3,1.96,1,3,1,0
user_6403,587.43,debit_card,False,False,19,3,AU,restaurant,0,1210,1,14.69,2,1,1,0
user_5728,610.78,ach,True,False,11,1,AU,retail,0,2850,2,4.07,1,2,1,0
user_7859,1815.78,debit_card,False,False,18,5,CA,groceries,0,1150,2,18.16,2,2,1,0
user_4559,934.18,debit_card,False,True,13,1,CA,restaurant,0,3533,2,23.35,1,2,1,0
user_9808,1971.72,ach,False,True,11,1,UK,retail,0,372,1,13.14,1,1,1,0
user_2771,48.61,credit_card,False,False,6,6,US,groceries,0,1737,3,0.49,3,3,1,0
user_4714,1210.46,ach,False,True,7,5,AU,groceries,0,251,2,12.1,3,2,1,0
user_7859,112.84,credit_card,False,False,6,2,CA,groceries,0,3605,2,1.13,3,2,1,0
user_7859,167.49,ach,False,False,10,5,CA,groceries,0,3605,2,1.67,1,2,1,0
user_6439,62.94,debit_card,False,False,17,4,US,retail,0,2184,2,0.42,1,2,1,0
user_4580,1611.89,debit_card,False,False,12,1,CA,gas,0,3086,1,32.24,1,1,1,0
user_9383,86.63,ach,False,False,20,0,US,restaurant,0,1078,3,2.17,2,3,1,0
user_7010,1348.44,debit_card,False,False,8,1,AU,restaurant,0,2267,1,33.71,3,1,1,0
user_9267,173.81,debit_card,False,True,8,6,UK,gas,0,2942,2,3.48,3,2,1,0
user_4082,963.02,debit_card,False,False,22,3,CA,utilities,0,1993,2,12.04,2,2,1,0
user_6846,134.37,credit_card,False,False,22,5,CA,groceries,0,1579,2,1.34,2,2,1,0
user_2627,105.87,ach,False,False,18,6,UK,utilities,0,278,3,1.32,2,3,1,0
user_8957,1786.09,ach,False,False,14,5,AU,restaurant,0,1148,3,44.65,1,3,1,0
user_5853,134.6,ach,False,False,12,2,CA,retail,0,1268,1,0.9,1,1,1,0
user_7841,254.88,debit_card,False,False,10,3,CA,groceries,0,1381,1,2.55,1,1,1,0
user_8430,307.55,credit_card,False,True,14,5,US,gas,0,1310,1,6.15,1,1,1,0
user_7164,269.14,debit_card,False,False,11,1,CA,restaurant,0,2200,3,6.73,1,3,1,0
user_5803,1559.86,ach,False,True,15,3,CA,groceries,0,2915,2,15.6,1,2,1,0
user_2099,59.39,credit_card,True,False,6,1,US,gas,0,1798,3,1.19,3,3,1,0
user_9689,71.47,debit_card,True,True,22,2,AU,utilities,0,3465,1,0.89,2,1,1,0
user_3129,951.11,debit_card,True,False,14,6,CA,groceries,0,480,3,9.51,1,3,1,0
user_6442,280.1,debit_card,False,True,19,5,CA,groceries,0,1122,3,2.8,2,3,1,0
user_1108,1957.05,credit_card,False,False,8,6,AU,retail,0,1550,1,13.05,3,1,1,0
user_7165,126.42,debit_card,False,False,21,3,AU,utilities,0,1475,2,1.58,2,2,1,0
user_1120,945.4,credit_card,False,False,22,4,UK,groceries,0,2329,1,9.45,2,1,1,0
user_7746,71.89,credit_card,False,False,17,1,CA,groceries,0,2392,3,0.72,1,3,1,0
user_3947,777.21,credit_card,False,True,10,2,AU,restaurant,0,2931,1,19.43,1,1,1,0
user_6345,249.76,debit_card,False,False,14,5,UK,utilities,0,986,2,3.12,1,2,1,0
user_3539,782.94,debit_card,False,False,12,2,UK,retail,0,2248,3,5.22,1,3,1,0
user_4519,169.28,ach,False,False,13,5,US,utilities,0,2394,2,2.12,1,2,1,0
user_7841,242.84,debit_card,False,False,9,0,CA,gas,0,1381,1,4.86,3,1,1,0
user_4996,1327.46,debit_card,False,False,9,1,CA,gas,0,1385,1,26.55,3,1,1,0
user_7824,27233.47,wire_transfer,True,True,3,3,CN,wire_transfer,3,1620,10,54.47,10,10,1,1
user_1645,1177.23,debit_card,False,False,13,0,CA,gas,0,2848,2,23.54,1,2,1,0
user_8501,1314.49,credit_card,False,True,11,5,UK,gas,0,2546,1,26.29,1,1,1,0
user_2696,817.31,debit_card,False,False,21,3,UK,utilities,0,2094,2,10.22,2,2,1,0
user_4584,96.59,debit_card,False,False,21,5,AU,retail,0,32,2,0.64,2,2,5,0
user_9759,618.95,debit_card,False,False,19,6,UK,retail,0,2107,3,4.13,2,3,1,0
user_4882,194.21,ach,False,False,18,0,UK,retail,0,3556,2,1.29,2,2,1,0
user_4295,210.77,ach,False,False,17,3,UK,gas,0,1824,2,4.22,1,2,1,0
user_1760,91.58,ach,False,False,18,5,UK,utilities,0,452,2,1.14,2,2,1,0
user_5978,41.12,debit_card,False,False,9,6,US,gas,0,2315,3,0.82,3,3,1,0
user_2514,536.09,credit_card,True,False,21,4,CA,gas,0,241,2,10.72,2,2,1,0
user_1807,531.94,ach,False,False,13,5,UK,utilities,0,112,1,6.65,1,1,5,0
user_6218,174.31,credit_card,False,True,16,6,UK,restaurant,0,2461,3,4.36,1,3,1,0
user_9226,1847.22,debit_card,False,False,18,0,CA,gas,0,522,1,36.94,2,1,1,0
user_6085,171.04,debit_card,False,False,10,2,CA,retail,0,130,1,1.14,1,1,5,0
user_8354,531.86,debit_card,False,False,21,5,UK,groceries,0,3569,2,5.32,2,2,1,0
user_9537,608.91,debit_card,False,False,14,3,AU,groceries,0,429,2,6.09,1,2,1,0
user_1349,77.56,debit_card,False,False,14,0,CA,restaurant,0,545,1,1.94,1,1,1,0
user_7487,297.96,debit_card,False,False,10,2,CA,restaurant,0,2398,1,7.45,1,1,1,0
user_6576,260.47,debit_card,False,False,21,2,UK,restaurant,0,2306,1,6.51,2,1,1,0
user_8342,29.1,debit_card,False,False,11,1,UK,restaurant,0,937,2,0.73,1,2,1,0
user_3981,89.44,ach,False,False,15,5,US,retail,0,3435,2,0.6,1,2,1,0
user_2037,563.79,debit_card,False,False,15,6,CA,utilities,0,1789,2,7.05,1,2,1,0
user_6005,153.44,ach,False,False,13,5,US,retail,0,2912,1,1.02,1,1,1,0
user_2654,744.43,credit_card,False,False,13,4,AU,restaurant,0,2633,1,18.61,1,1,1,0
user_8811,1770.77,credit_card,False,True,22,4,CA,gas,0,262,1,35.42,2,1,1,0
user_9226,1738.86,credit_card,False,True,19,5,CA,retail,0,522,1,11.59,2,1,1,0
user_9837,1926.84,credit_card,False,False,8,3,UK,restaurant,0,2031,3,48.17,3,3,1,0
user_3173,83.58,ach,False,False,21,4,UK,gas,0,2939,3,1.67,2,3,1,0
user_7936,44.11,credit_card,False,True,19,5,AU,groceries,0,857,2,0.44,2,2,1,0
user_1533,1165.03,debit_card,False,False,14,1,AU,retail,0,3554,2,7.77,1,2,1,0
user_7049,652.35,credit_card,False,False,20,1,CA,groceries,0,1790,3,6.52,2,3,1,0
user_2013,878.82,debit_card,False,False,8,6,UK,utilities,0,2955,2,10.99,3,2,1,0
user_5634,508.44,debit_card,True,False,12,6,UK,utilities,0,2810,2,6.36,1,2,1,0
user_1945,706.16,ach,False,False,17,3,UK,groceries,0,2992,3,7.06,1,3,1,0
user_4170,219.47,ach,False,False,12,0,AU,retail,0,1374,2,1.46,1,2,1,0
user_5828,1068.3,ach,False,False,19,6,AU,utilities,0,807,2,13.35,2,2,1,0
user_4841,111.41,debit_card,False,True,12,4,UK,groceries,0,2242,2,1.11,1,2,1,0
user_1212,188.73,debit_card,False,False,7,6,AU,retail,0,3429,3,1.26,3,3,1,0
user_7565,880.52,credit_card,False,False,8,4,US,restaurant,0,651,3,22.01,3,3,1,0
user_4321,58.95,ach,False,False,21,1,US,restaurant,0,666,3,1.47,2,3,1,0
user_2260,9621.12,wire_transfer,True,True,20,2,CA,wire_transfer,2,2351,9,19.24,2,9,1,1
user_7049,1354.6,credit_card,False,False,20,5,CA,groceries,0,1790,3,13.55,2,3,1,0
user_4580,1187.83,debit_card,False,False,12,5,CA,groceries,0,3086,2,11.88,1,2,1,0
user_1975,52.68,credit_card,False,True,9,5,CA,groceries,0,3201,1,0.53,3,1,1,0
user_9327,91.63,debit_card,False,False,8,5,UK,gas,0,3194,3,1.83,3,3,1,0
user_3639,162.26,credit_card,False,False,18,5,US,gas,0,2374,2,3.25,2,2,1,0
user_1173,108.71,debit_card,False,True,22,0,CA,restaurant,0,3131,1,2.72,2,1,1,0
user_7939,2554.31,debit_card,True,True,4,4,BR,cash_withdrawal,3,1343,22,12.77,10,20,1,1
user_8432,115.44,debit_card,False,False,10,6,UK,restaurant,0,1306,2,2.89,1,2,1,0
user_4084,221.16,ach,False,False,18,3,AU,retail,0,2083,3,1.47,2,3,1,0
user_7563,3199.78,debit_card,True,True,0,2,PH,cash_withdrawal,7,2415,15,16.0,10,15,1,1
user_1505,144.19,credit_card,False,False,15,2,US,groceries,0,1155,2,1.44,1,2,1,0
user_6113,292.85,credit_card,False,True,10,1,US,retail,0,3080,3,1.95,1,3,1,0
user_9787,95.91,debit_card,False,False,6,2,AU,gas,0,983,3,1.92,3,3,1,0
user_6866,45.35,debit_card,False,True,20,6,UK,groceries,0,2182,2,0.45,2,2,1,0
user_2983,1688.03,debit_card,False,False,11,6,UK,gas,0,2212,3,33.76,1,3,1,0
user_1256,154.51,ach,False,False,18,4,CA,groceries,0,3111,1,1.55,2,1,1,0
user_4580,1348.8,debit_card,False,False,13,0,CA,groceries,0,3086,3,13.49,1,3,1,0
user_1971,200.12,debit_card,True,False,20,3,CA,gas,0,2903,2,4.0,2,2,1,0
user_4871,97.17,credit_card,False,True,19,2,US,restaurant,0,1936,1,2.43,2,1,1,0
user_3209,32.71,debit_card,False,False,18,2,AU,groceries,0,181,1,0.33,2,1,1,0
user_5839,105.81,debit_card,False,False,21,2,US,utilities,0,366,2,1.32,2,2,1,0
user_4337,542.64,credit_card,False,False,19,2,AU,groceries,0,762,1,5.43,2,1,1,0
user_6846,210.44,debit_card,False,False,15,5,AU,utilities,0,3597,2,2.63,1,2,1,0
user_5558,609.3,ach,False,False,14,5,US,restaurant,0,1956,3,15.23,1,3,1,0
user_7164,157.46,credit_card,False,False,11,4,CA,gas,0,2200,2,3.15,1,2,1,0
user_7824,1433.04,ach,False,False,19,2,CA,groceries,0,1620,3,14.33,2,3,1,0
user_5225,295.96,debit_card,True,False,18,5,US,utilities,0,386,1,3.7,2,1,1,0
user_8406,109.12,debit_card,False,False,22,6,AU,groceries,0,389,1,1.09,2,1,1,0
user_2234,168.62,debit_card,False,True,22,3,AU,utilities,0,1930,2,2.11,2,2,1,0
user_6319,265.77,debit_card,False,False,16,4,AU,groceries,0,3413,2,2.66,1,2,1,0
user_6617,227.64,credit_card,False,False,12,3,CA,utilities,0,595,2,2.85,1,2,1,0
user_6608,1591.5,ach,False,False,13,4,UK,restaurant,0,2528,1,39.79,1,1,1,0
user_9078,490.33,credit_card,False,True,17,5,AU,utilities,0,445,1,6.13,1,1,1,0
user_7229,1478.78,debit_card,False,False,19,3,CA,restaurant,0,2079,3,36.97,2,3,1,0
user_6802,72.23,ach,False,False,16,1,US,groceries,0,1816,1,0.72,1,1,1,0
user_6416,132.92,credit_card,False,False,8,6,US,retail,0,2781,2,0.89,3,2,1,0
user_5414,420.08,debit_card,False,False,19,2,US,restaurant,0,799,2,10.5,2,2,1,0
user_3539,596.67,ach,False,False,12,0,UK,groceries,0,2248,2,5.97,1,2,1,0
user_5999,266.76,debit_card,False,False,17,1,US,restaurant,0,1389,3,6.67,1,3,1,0
user_1750,150.72,ach,False,False,14,5,US,retail,0,3533,1,1.0,1,1,1,0
user_8976,286.02,credit_card,True,False,22,0,US,utilities,0,2085,2,3.58,2,2,1,0
user_1815,40.77,credit_card,False,True,12,6,AU,gas,0,2741,3,0.82,1,3,1,0
user_4598,284.89,credit_card,False,False,11,6,CA,utilities,0,3396,3,3.56,1,3,1,0
user_8493,1585.84,debit_card,False,False,21,4,CA,retail,0,2073,3,10.57,2,3,1,0
user_2943,123.61,ach,False,False,20,2,AU,retail,0,2196,1,0.82,2,1,1,0
user_4616,1846.67,ach,False,False,21,5,US,gas,0,83,3,36.93,2,3,5,0
user_5684,845.09,credit_card,False,False,10,6,US,groceries,0,133,1,8.45,1,1,5,0
user_7126,76.26,ach,True,False,19,1,CA,gas,0,298,1,1.53,2,1,1,0
user_4321,79.27,credit_card,False,True,18,6,US,groceries,0,666,3,0.79,2,3,1,0
user_6990,160.52,credit_card,False,False,11,5,AU,gas,0,2078,3,3.21,1,3,1,0
user_1355,329.12,debit_card,False,False,22,0,CA,gas,0,416,3,6.58,2,3,1,0
user_2108,1996.18,debit_card,True,True,19,5,US,retail,0,1629,3,13.31,2,3,1,0
user_9904,834.56,ach,True,True,17,6,CA,groceries,0,1528,2,8.35,1,2,1,0
user_4012,1338.53,debit_card,False,False,10,6,CA,retail,0,1733,1,8.92,1,1,1,0
user_9488,58.24,debit_card,False,True,15,0,CA,gas,0,693,1,1.16,1,1,1,0
user_8972,823.18,ach,False,False,20,2,UK,retail,0,216,2,5.49,2,2,1,0
user_5735,158.22,ach,False,False,20,5,AU,gas,0,1328,1,3.16,2,1,1,0
user_4727,1785.47,debit_card,False,False,6,1,AU,gas,0,3382,1,35.71,3,1,1,0
user_7607,189.45,ach,False,False,10,3,AU,gas,0,1849,1,3.79,1,1,1,0
user_5140,114.17,debit_card,False,True,9,1,CA,restaurant,0,2778,2,2.85,3,2,1,0
user_6120,378.94,debit_card,False,False,16,2,CA,utilities,0,2843,2,4.74,1,2,1,0
user_1461,254.34,ach,False,True,10,6,UK,retail,0,3271,3,1.7,1,3,1,0
user_2245,1790.11,ach,False,False,7,5,AU,utilities,0,1315,2,22.38,3,2,1,0
user_7018,1341.93,ach,False,True,13,4,US,groceries,0,3008,3,13.42,1,3,1,0
user_5221,690.23,debit_card,False,False,11,3,UK,retail,0,953,1,4.6,1,1,1,0
user_9571,133.81,debit_card,False,True,13,4,AU,retail,0,1239,2,0.89,1,2,1,0
user_1742,29.93,debit_card,False,False,7,3,UK,utilities,0,3323,3,0.37,3,3,1,0
user_5689,74.59,ach,False,True,21,6,UK,gas,0,927,3,1.49,2,3,1,0
user_1996,678.83,debit_card,False,False,13,0,AU,gas,0,2840,3,13.58,1,3,1,0
user_8301,157.77,credit_card,False,False,20,4,CA,retail,0,193,2,1.05,2,2,1,0
user_5498,78.21,debit_card,False,False,11,2,AU,groceries,0,1518,2,0.78,1,2,1,0
user_2343,2373.25,wire_transfer,True,True,2,6,VN,jewelry,4,1108,13,2.37,10,13,1,1
user_2417,126.5,debit_card,False,False,15,1,AU,utilities,0,1648,2,1.58,1,2,1,0
user_1298,266.88,debit_card,False,False,15,1,CA,restaurant,0,907,2,6.67,1,2,1,0
user_4694,198.78,ach,False,True,20,1,UK,groceries,0,3494,3,1.99,2,3,1,0
user_4619,1096.42,ach,False,True,8,5,AU,groceries,0,606,2,10.96,3,2,1,0
user_2767,9805.26,cryptocurrency,True,True,21,3,AU,cryptocurrency,3,976,15,9.81,2,15,1,1
user_5819,770.55,credit_card,False,True,9,5,US,groceries,0,795,3,7.71,3,3,1,0
user_1136,98.88,credit_card,False,True,12,3,UK,groceries,0,2745,1,0.99,1,1,1,0
user_7022,210.61,credit_card,False,False,7,4,AU,retail,0,3198,3,1.4,3,3,1,0
user_5927,137.5,debit_card,False,False,14,1,US,groceries,0,2333,1,1.38,1,1,1,0
user_6658,640.44,debit_card,False,True,10,1,UK,groceries,0,2139,3,6.4,1,3,1,0
user_4882,147.18,ach,True,False,20,6,UK,gas,0,3556,1,2.94,2,1,1,0
user_9165,128.06,debit_card,False,False,21,0,UK,retail,0,1731,2,0.85,2,2,1,0
user_4070,820.92,credit_card,True,False,13,6,AU,gas,0,453,2,16.42,1,2,1,0
user_1639,1397.84,debit_card,False,False,21,3,US,restaurant,0,411,2,34.95,2,2,1,0
user_1962,1324.32,credit_card,False,False,6,0,US,gas,0,3380,1,26.49,3,1,1,0
user_2420,50.41,credit_card,False,False,11,0,US,utilities,0,2444,1,0.63,1,1,1,0
user_7333,158.81,debit_card,False,False,17,4,CA,restaurant,0,1395,3,3.97,1,3,1,0
user_1517,685.95,ach,False,False,22,6,US,utilities,0,811,2,8.57,2,2,1,0
user_5634,846.89,debit_card,False,False,14,1,UK,utilities,0,2810,2,10.59,1,2,1,0
user_1833,1636.19,debit_card,False,False,22,3,UK,utilities,0,2039,2,20.45,2,2,1,0
user_9864,54.78,credit_card,False,True,20,0,US,groceries,0,991,1,0.55,2,1,1,0
user_3675,415.5,debit_card,False,True,16,4,CA,retail,0,1107,1,2.77,1,1,1,0
user_6113,235.65,debit_card,False,False,7,5,US,utilities,0,3080,2,2.95,3,2,1,0
user_8015,178.37,debit_card,False,False,21,2,CA,gas,0,3244,3,3.57,2,3,1,0
user_7985,688.56,debit_card,False,False,7,1,AU,utilities,0,2609,3,8.61,3,3,1,0
user_3262,36.81,debit_card,False,False,22,1,CA,restaurant,0,1859,1,0.92,2,1,1,0
user_4619,1720.91,debit_card,False,False,10,0,AU,groceries,0,606,2,17.21,1,2,1,0
user_1306,1980.97,debit_card,False,False,14,3,CA,utilities,0,1343,2,24.76,1,2,1,0
user_1305,106.22,debit_card,False,True,7,1,CA,retail,0,1869,2,0.71,3,2,1,0
user_2636,199.79,debit_card,False,False,10,6,AU,restaurant,0,3537,2,4.99,1,2,1,0
user_9078,744.38,ach,False,True,16,4,AU,gas,0,445,1,14.89,1,1,1,0
user_7445,104.73,ach,False,True,7,0,UK,restaurant,0,2832,3,2.62,3,3,1,0
user_4460,130.62,ach,False,False,17,4,UK,groceries,0,1373,2,1.31,1,2,1,0
user_8973,1668.84,debit_card,False,False,18,3,CA,retail,0,2302,1,11.13,2,1,1,0
user_5221,756.77,ach,False,False,6,5,UK,retail,0,953,1,5.05,3,1,1,0
user_5336,101.56,credit_card,False,False,18,0,AU,gas,0,2561,3,2.03,2,3,1,0
user_1517,905.53,debit_card,False,False,21,3,US,groceries,0,811,2,9.06,2,2,1,0
user_3932,54.11,ach,False,False,20,6,AU,utilities,0,949,2,0.68,2,2,1,0
user_6576,120.84,debit_card,False,True,18,5,UK,retail,0,2306,1,0.81,2,1,1,0
user_7865,9598.04,wire_transfer,True,True,15,3,CA,wire_transfer,1,2029,8,19.2,1,8,1,1
user_8207,129.73,credit_card,False,False,8,3,US,retail,0,2137,3,0.86,3,3,1,0
user_8518,175.12,debit_card,False,False,21,0,CA,restaurant,0,87,3,4.38,2,3,5,0
user_6911,29.25,ach,False,False,12,5,US,groceries,0,1236,1,0.29,1,1,1,0
user_2989,98.16,debit_card,False,True,11,0,CA,retail,0,565,2,0.65,1,2,1,0
user_5856,198.14,ach,False,False,17,1,US,restaurant,0,423,2,4.95,1,2,1,0
user_2387,1454.18,debit_card,False,True,7,5,CA,retail,0,2837,2,9.69,3,2,1,0
user_9814,634.51,debit_card,False,False,10,5,US,restaurant,0,893,2,15.86,1,2,1,0
user_7049,716.52,debit_card,False,False,19,2,CA,gas,0,1790,3,14.33,2,3,1,0
user_3399,200.05,debit_card,False,False,7,0,CA,groceries,0,2497,2,2.0,3,2,1,0
user_7248,76.54,credit_card,False,False,14,2,UK,groceries,0,2242,1,0.77,1,1,1,0
user_1120,1236.96,debit_card,False,True,22,3,UK,restaurant,0,2329,3,30.92,2,3,1,0
user_5833,1244.59,debit_card,False,True,19,6,CA,groceries,0,748,3,12.45,2,3,1,0
user_1423,49.66,credit_card,False,False,6,4,US,gas,0,3162,2,0.99,3,2,1,0
user_9759,428.61,credit_card,True,False,18,3,UK,groceries,0,2107,1,4.29,2,1,1,0
user_3947,1273.05,ach,False,False,7,2,AU,gas,0,2931,2,25.46,3,2,1,0
user_1860,69.0,debit_card,False,False,14,6,UK,gas,0,2968,3,1.38,1,3,1,0
user_4255,216.48,debit_card,False,True,9,3,CA,gas,0,492,2,4.33,3,2,1,0
user_4176,208.61,debit_card,False,True,17,2,CA,gas,0,997,1,4.17,1,1,1,0
user_2290,66.44,ach,False,True,22,1,AU,utilities,0,3372,3,0.83,2,3,1,0
user_7381,1716.16,debit_card,False,False,19,6,US,utilities,0,3539,2,21.45,2,2,1,0
user_7154,76.28,debit_card,True,False,18,1,CA,utilities,0,2706,2,0.95,2,2,1,0
user_4694,122.26,debit_card,False,False,18,0,UK,restaurant,0,3494,2,3.06,2,2,1,0
user_1104,453.71,ach,False,False,10,2,CA,retail,0,308,3,3.02,1,3,1,0
user_8598,1372.42,wire_transfer,True,True,0,1,CN,wire_transfer,3,3578,8,2.74,10,8,1,1
user_7363,236.87,ach,False,False,6,2,CA,retail,0,998,1,1.58,3,1,1,0
user_2110,251.57,credit_card,False,True,17,4,US,groceries,0,2980,2,2.52,1,2,1,0
user_3931,1603.01,ach,False,False,22,2,AU,retail,0,3086,3,10.69,2,3,1,0
user_9984,199.64,debit_card,False,False,14,4,UK,utilities,0,1888,3,2.5,1,3,1,0
user_2647,177.13,debit_card,False,False,8,5,CA,groceries,0,1696,3,1.77,3,3,1,0
user_4362,97.82,debit_card,False,False,22,1,CA,gas,0,2431,1,1.96,2,1,1,0
user_9864,44.69,debit_card,False,False,20,6,US,restaurant,0,991,1,1.12,2,1,1,0
user_3385,159.26,debit_card,False,False,18,3,AU,utilities,0,2348,1,1.99,2,1,1,0
user_6061,495.49,debit_card,False,False,8,5,UK,gas,0,3029,3,9.91,3,3,1,0
user_1173,199.25,debit_card,False,True,19,3,CA,groceries,0,3131,2,1.99,2,2,1,0
user_5833,9934.58,cryptocurrency,True,True,20,4,CA,wire_transfer,1,927,11,19.87,2,11,1,1
user_5661,25983.1,wire_transfer,True,True,4,4,RU,wire_transfer,4,1453,7,51.97,10,7,1,1
user_5712,1933.5,ach,False,False,7,2,US,groceries,0,1839,3,19.34,3,3,1,0
user_9153,1287.56,debit_card,False,False,9,3,CA,groceries,0,1918,3,12.88,3,3,1,0
user_5678,498.6,debit_card,False,False,8,2,US,restaurant,0,585,2,12.46,3,2,1,0
user_1829,148.8,debit_card,False,False,18,5,AU,groceries,0,3395,2,1.49,2,2,1,0
user_7691,318.64,debit_card,True,False,12,2,UK,utilities,0,2300,2,3.98,1,2,1,0
user_2627,386.04,credit_card,False,False,18,1,UK,restaurant,0,278,1,9.65,2,1,1,0
user_9163,560.68,debit_card,False,True,17,6,AU,utilities,0,3630,1,7.01,1,1,1,0
user_7510,502.05,credit_card,False,False,12,6,UK,restaurant,0,2158,3,12.55,1,3,1,0
user_1370,171.94,ach,False,True,22,0,US,restaurant,0,2803,3,4.3,2,3,1,0
user_8491,225.12,debit_card,False,False,6,3,US,retail,0,1907,2,1.5,3,2,1,0
user_1745,68.78,debit_card,False,True,13,1,US,utilities,0,1217,3,0.86,1,3,1,0
user_5336,130.12,debit_card,True,False,22,0,AU,utilities,0,2561,2,1.63,2,2,1,0
user_6846,333.52,debit_card,False,False,14,0,AU,retail,0,3597,2,2.22,1,2,1,0
user_5670,89.19,ach,False,False,16,0,US,retail,0,697,1,0.59,1,1,1,0
user_9008,41.71,debit_card,True,False,19,6,AU,gas,0,3342,1,0.83,2,1,1,0
user_4053,635.65,debit_card,False,False,14,4,US,restaurant,0,3050,3,15.89,1,3,1,0
user_4387,100.34,debit_card,False,False,9,4,CA,gas,0,3455,2,2.01,3,2,1,0
user_2642,138.15,debit_card,False,False,22,1,AU,utilities,0,3249,1,1.73,2,1,1,0
user_5558,302.18,credit_card,False,False,16,4,AU,restaurant,0,1370,1,7.55,1,1,1,0
user_3024,471.4,debit_card,False,False,15,6,UK,retail,0,2424,2,3.14,1,2,1,0
user_5342,221.57,debit_card,False,False,18,5,AU,gas,0,2691,1,4.43,2,1,1,0
user_7429,54.17,debit_card,False,False,21,4,AU,utilities,0,773,3,0.68,2,3,1,0
user_6804,552.61,ach,False,False,16,4,AU,retail,0,3568,3,3.68,1,3,1,0
user_9531,1510.68,debit_card,False,False,19,1,CA,gas,0,1739,1,30.21,2,1,1,0
user_9625,175.97,debit_card,False,False,15,4,UK,utilities,0,3286,1,2.2,1,1,1,0
user_3526,676.34,debit_card,False,False,20,3,CA,groceries,0,3059,1,6.76,2,1,1,0
user_1860,87.94,debit_card,False,False,15,2,UK,groceries,0,2968,2,0.88,1,2,1,0
user_8218,838.2,ach,False,False,14,6,AU,groceries,0,2089,3,8.38,1,3,1,0
user_2343,197.5,ach,False,False,6,5,CA,restaurant,0,1108,2,4.94,3,2,1,0
user_3430,34.92,ach,False,True,11,0,UK,retail,0,2587,1,0.23,1,1,1,0
user_3693,434.48,ach,False,False,14,1,UK,restaurant,0,1695,2,10.86,1,2,1,0
user_5334,1654.22,debit_card,False,False,19,5,CA,utilities,0,1771,1,20.68,2,1,1,0
user_9615,1894.19,credit_card,False,False,19,4,UK,restaurant,0,231,3,47.35,2,3,1,0
user_9123,90.32,debit_card,True,False,10,4,AU,utilities,0,1343,2,1.13,1,2,1,0
user_1485,210.93,ach,False,False,14,0,AU,restaurant,0,964,1,5.27,1,1,1,0
user_1930,1893.92,debit_card,False,False,16,4,UK,gas,0,2818,3,37.88,1,3,1,0
user_9609,264.96,debit_card,False,False,14,5,CA,groceries,0,1912,2,2.65,1,2,1,0
user_8750,60.59,credit_card,True,False,6,1,UK,retail,0,1680,1,0.4,3,1,1,0
user_4705,767.95,debit_card,False,True,19,0,US,restaurant,0,2524,2,19.2,2,2,1,0
user_5458,1852.46,debit_card,False,False,14,3,CA,utilities,0,1343,3,23.16,1,3,1,0
user_6421,260.69,ach,True,False,9,1,CA,retail,0,2284,1,1.74,3,1,1,0
user_8692,389.52,debit_card,False,False,11,1,UK,utilities,0,1311,3,4.87,1,3,1,0
user_1202,1278.64,ach,False,False,21,6,AU,restaurant,0,490,1,31.97,2,1,1,0
user_5833,206.39,debit_card,False,False,22,4,CA,gas,0,927,2,4.13,2,2,1,0
user_1370,159.07,credit_card,False,False,19,3,US,groceries,0,2803,2,1.59,2,2,1,0
user_1894,27.97,ach,False,False,18,4,CA,retail,0,2100,1,0.19,2,1,1,0
user_5735,193.37,debit_card,False,False,19,1,AU,restaurant,0,1328,1,4.83,2,1,1,0
user_9710,541.51,debit_card,False,False,9,2,CA,restaurant,0,2185,3,13.54,3,3,1,0
user_9700,86.3,debit_card,True,True,10,0,US,gas,0,2596,1,1.73,1,1,1,0
user_9619,67.83,debit_card,False,False,19,6,US,gas,0,1980,3,1.36,2,3,1,0
user_2734,163.61,debit_card,False,False,13,1,AU,gas,0,2176,1,3.27,1,1,1,0
user_7429,44.35,credit_card,False,False,21,3,AU,gas,0,773,2,0.89,2,2,1,0
user_3328,711.81,credit_card,False,False,9,5,AU,utilities,0,2250,2,8.9,3,2,1,0
user_9524,212.89,credit_card,False,False,19,1,CA,groceries,0,1745,3,2.13,2,3,1,0
user_2130,349.72,debit_card,False,False,7,6,UK,groceries,0,1704,2,3.5,3,2,1,0
user_4463,837.48,credit_card,False,False,21,0,AU,utilities,0,3140,3,10.47,2,3,1,0
user_1833,1658.41,debit_card,False,False,21,3,UK,groceries,0,2039,3,16.58,2,3,1,0
user_1788,347.95,ach,True,True,13,2,AU,groceries,0,711,1,3.48,1,1,1,0
user_5090,82.8,ach,False,False,18,3,UK,restaurant,0,3423,3,2.07,2,3,1,0
user_8765,50.75,credit_card,False,False,19,0,CA,retail,0,588,1,0.34,2,1,1,0
user_6759,913.63,ach,False,True,8,6,UK,groceries,0,2548,3,9.14,3,3,1,0
user_5833,122.1,debit_card,False,False,18,3,CA,groceries,0,927,1,1.22,2,1,1,0
user_7071,63.04,credit_card,False,False,20,1,UK,utilities,0,81,3,0.79,2,3,5,0
user_3389,808.9,debit_card,False,False,10,1,CA,gas,0,847,3,16.18,1,3,1,0
user_6568,847.74,debit_card,False,False,13,1,US,restaurant,0,1188,2,21.19,1,2,1,0
user_3473,646.29,debit_card,False,True,10,2,AU,retail,0,1841,1,4.31,1,1,1,0
user_1305,373.44,debit_card,False,False,9,0,CA,retail,0,1869,1,2.49,3,1,1,0
user_7615,76.71,ach,True,True,22,0,CA,retail,0,2401,2,0.51,2,2,1,0
user_6601,488.53,ach,False,True,13,2,AU,utilities,0,1551,1,6.11,1,1,1,0
user_8598,65.14,debit_card,False,False,15,3,US,utilities,0,3578,3,0.81,1,3,1,0
user_6629,58.78,credit_card,False,False,16,3,CA,groceries,0,1986,1,0.59,1,1,1,0
user_9751,188.68,debit_card,False,False,17,2,US,utilities,0,253,3,2.36,1,3,1,0
user_1590,101.86,ach,False,False,8,2,US,utilities,0,674,3,1.27,3,3,1,0
user_4295,162.74,credit_card,False,False,17,6,UK,restaurant,0,1824,2,4.07,1,2,1,0
user_3262,94.35,credit_card,False,False,18,5,CA,retail,0,1859,1,0.63,2,1,1,0
user_7147,368.6,credit_card,False,False,20,2,US,restaurant,0,2462,1,9.21,2,1,1,0
user_4534,59.07,ach,False,False,9,6,AU,gas,0,2105,3,1.18,3,3,1,0
user_9267,186.03,debit_card,True,False,9,4,UK,restaurant,0,2942,2,4.65,3,2,1,0
user_2381,471.3,debit_card,False,False,16,6,CA,utilities,0,1043,3,5.89,1,3,1,0
user_5498,96.2,debit_card,False,False,8,5,AU,retail,0,1518,1,0.64,3,1,1,0
user_1760,98.84,debit_card,False,True,20,1,UK,groceries,0,452,1,0.99,2,1,1,0
user_6911,51.38,debit_card,False,False,12,6,US,groceries,0,1236,2,0.51,1,2,1,0
user_1126,754.77,debit_card,False,True,20,0,AU,groceries,0,749,3,7.55,2,3,1,0
user_1639,550.21,credit_card,False,False,19,3,US,utilities,0,411,3,6.88,2,3,1,0
user_6460,117.16,ach,False,True,19,5,US,gas,0,3543,3,2.34,2,3,1,0
user_4588,90.76,debit_card,False,True,16,6,US,gas,0,3342,3,1.82,1,3,1,0
user_7732,81.76,debit_card,False,False,6,0,US,restaurant,0,553,3,2.04,3,3,1,0
user_6771,1853.97,debit_card,False,False,15,4,AU,gas,0,2791,3,37.08,1,3,1,0
user_6442,603.79,debit_card,False,False,20,1,CA,gas,0,1122,3,12.08,2,3,1,0
user_1749,990.72,credit_card,False,False,11,1,CA,utilities,0,96,3,12.38,1,3,5,0
user_6416,149.24,ach,False,False,8,5,US,groceries,0,2781,3,1.49,3,3,1,0
user_5930,388.45,debit_card,False,False,18,6,US,restaurant,0,1274,1,9.71,2,1,1,0
user_8094,142.06,credit_card,False,False,9,3,AU,gas,0,2787,2,2.84,3,2,1,0
user_8244,117.15,credit_card,False,False,18,6,AU,retail,0,3281,3,0.78,2,3,1,0
user_6850,460.35,debit_card,True,True,1,3,BR,jewelry,3,3032,24,0.46,10,20,1,1
user_6008,1619.71,debit_card,False,False,8,4,UK,retail,0,3338,1,10.8,3,1,1,0
user_3024,737.1,debit_card,False,True,17,3,UK,utilities,0,2424,3,9.21,1,3,1,0
user_9154,63.56,debit_card,False,False,20,6,CA,gas,0,3216,2,1.27,2,2,1,0
user_7859,1681.31,debit_card,False,False,22,4,CA,gas,0,1150,1,33.63,2,1,1,0
user_6460,352.22,credit_card,False,False,21,3,US,gas,0,3543,3,7.04,2,3,1,0
user_3595,991.49,debit_card,False,False,10,4,CA,retail,0,2546,1,6.61,1,1,1,0
user_1269,599.54,ach,False,False,19,1,CA,gas,0,2973,3,11.99,2,3,1,0
user_7866,1248.89,debit_card,False,False,19,0,CA,utilities,0,1729,3,15.61,2,3,1,0
user_6113,271.25,ach,False,False,6,6,US,groceries,0,3080,3,2.71,3,3,1,0
user_5350,788.94,debit_card,False,False,22,1,CA,restaurant,0,2984,3,19.72,2,3,1,0
user_2419,233.18,debit_card,True,False,12,6,CA,retail,0,3103,3,1.55,1,3,1,0
user_3101,98.01,credit_card,False,False,19,5,AU,groceries,0,1989,1,0.98,2,1,1,0
user_9269,29.23,ach,False,False,7,2,AU,utilities,0,1216,2,0.37,3,2,1,0
user_3299,654.11,debit_card,False,False,8,4,CA,groceries,0,2349,3,6.54,3,3,1,0
user_5082,1166.32,debit_card,False,False,9,5,AU,retail,0,3232,2,7.78,3,2,1,0
user_1941,149.09,credit_card,False,False,18,2,AU,gas,0,1828,1,2.98,2,1,1,0
user_4814,89.43,ach,False,False,8,6,US,utilities,0,2051,1,1.12,3,1,1,0
user_8269,171.45,ach,False,False,19,6,UK,utilities,0,148,1,2.14,2,1,5,0
user_5842,58.37,credit_card,False,False,10,5,AU,groceries,0,1610,3,0.58,1,3,1,0
user_5336,165.27,credit_card,True,True,22,0,AU,restaurant,0,2561,3,4.13,2,3,1,0
user_4796,79.19,debit_card,False,False,17,0,UK,utilities,0,988,2,0.99,1,2,1,0
user_4089,840.21,debit_card,False,False,19,0,AU,retail,0,1646,2,5.6,2,2,1,0
user_4212,139.87,ach,False,True,22,1,CA,utilities,0,1967,1,1.75,2,1,1,0
user_6601,380.21,debit_card,False,False,17,5,AU,groceries,0,1551,2,3.8,1,2,1,0
user_5558,264.33,ach,False,False,15,1,AU,retail,0,1370,1,1.76,1,1,1,0
user_9504,988.94,debit_card,False,False,21,2,US,restaurant,0,1802,1,24.72,2,1,1,0
user_4839,972.42,credit_card,False,False,9,4,US,groceries,0,603,3,9.72,3,3,1,0
user_8598,187.39,debit_card,False,False,7,0,UK,utilities,0,1757,1,2.34,3,1,1,0
user_9022,123.72,ach,False,False,14,3,AU,utilities,0,1443,3,1.55,1,3,1,0
user_5256,123.8,debit_card,False,True,12,6,UK,groceries,0,1439,3,1.24,1,3,1,0
user_2655,138.95,debit_card,False,True,16,1,UK,retail,0,588,1,0.93,1,1,1,0
user_7889,324.23,credit_card,True,False,14,3,UK,gas,0,2428,1,6.48,1,1,1,0
user_5224,78.37,debit_card,False,False,15,1,CA,groceries,0,2802,2,0.78,1,2,1,0
user_1601,774.57,debit_card,False,False,6,0,UK,groceries,0,1063,2,7.75,3,2,1,0
user_8432,372.33,ach,False,True,7,1,UK,retail,0,1306,2,2.48,3,2,1,0
user_9508,976.93,ach,False,True,11,4,CA,gas,0,1373,2,19.54,1,2,1,0
user_2037,1867.07,credit_card,False,True,16,5,CA,retail,0,1789,2,12.45,1,2,1,0
user_4185,593.58,debit_card,False,False,14,3,AU,utilities,0,1029,3,7.42,1,3,1,0
user_1193,1176.97,wire_transfer,True,True,1,5,ID,jewelry,4,1362,16,1.18,10,16,1,1
user_3519,50.06,ach,False,True,12,0,UK,utilities,0,185,2,0.63,1,2,1,0
user_8354,699.72,ach,False,False,19,5,UK,groceries,0,3569,1,7.0,2,1,1,0
user_5703,74.1,debit_card,False,False,18,1,US,utilities,0,2549,1,0.93,2,1,1,0
user_2341,1060.23,credit_card,False,False,17,1,UK,groceries,0,349,3,10.6,1,3,1,0
user_7985,614.69,ach,True,True,6,2,AU,utilities,0,2609,2,7.68,3,2,1,0
user_1742,48.94,ach,False,False,9,3,UK,restaurant,0,3323,1,1.22,3,1,1,0
user_4817,845.53,debit_card,False,False,14,2,US,gas,0,1402,3,16.91,1,3,1,0
user_5349,39.72,credit_card,False,False,9,6,AU,gas,0,1445,1,0.79,3,1,1,0
user_4263,408.2,credit_card,False,False,16,4,US,retail,0,1001,1,2.72,1,1,1,0
user_4814,41.01,debit_card,True,False,8,4,US,restaurant,0,2051,1,1.03,3,1,1,0
user_9849,327.68,ach,False,False,19,0,UK,gas,0,1248,2,6.55,2,2,1,0
user_1441,360.47,debit_card,True,False,18,2,US,groceries,0,373,2,3.6,2,2,1,0
user_9032,327.06,ach,False,False,7,1,US,groceries,0,1349,3,3.27,3,3,1,0
user_6500,819.25,debit_card,False,True,11,5,UK,retail,0,888,1,5.46,1,1,1,0
user_9689,63.29,debit_card,False,False,19,1,AU,gas,0,3465,1,1.27,2,1,1,0
user_5341,57.07,ach,False,False,11,4,CA,gas,0,3337,3,1.14,1,3,1,0
user_9031,62.29,ach,False,False,16,4,UK,utilities,0,2633,3,0.78,1,3,1,0
user_8722,635.13,ach,False,False,12,4,UK,gas,0,783,1,12.7,1,1,1,0
user_7429,27.91,credit_card,False,False,19,4,AU,groceries,0,773,3,0.28,2,3,1,0
user_2638,25.64,debit_card,False,True,22,4,CA,groceries,0,2102,1,0.26,2,1,1,0
user_1251,150.14,debit_card,False,False,15,4,CA,groceries,0,336,2,1.5,1,2,1,0
user_6120,290.51,ach,False,False,14,1,CA,utilities,0,2843,2,3.63,1,2,1,0
user_7229,1390.62,debit_card,False,True,18,6,CA,groceries,0,2079,1,13.91,2,1,1,0
user_3100,127.97,credit_card,False,False,8,0,UK,groceries,0,2567,3,1.28,3,3,1,0
user_6599,329.42,debit_card,False,True,18,0,CA,gas,0,389,2,6.59,2,2,1,0
user_8489,95.37,ach,False,False,6,3,AU,restaurant,0,2474,2,2.38,3,2,1,0
user_3621,66.15,debit_card,False,False,8,0,AU,groceries,0,172,3,0.66,3,3,5,0
user_1916,182.21,debit_card,False,False,15,1,CA,gas,0,2146,2,3.64,1,2,1,0
user_1349,81.79,debit_card,False,False,17,1,CA,retail,0,545,2,0.55,1,2,1,0
user_1370,204.46,ach,False,False,19,6,US,restaurant,0,2803,1,5.11,2,1,1,0
user_4893,267.47,ach,False,True,10,3,US,utilities,0,1006,1,3.34,1,1,1,0
user_6992,79.97,credit_card,False,False,17,6,US,groceries,0,1113,3,0.8,1,3,1,0
user_2943,54.49,debit_card,False,True,21,5,AU,restaurant,0,2196,2,1.36,2,2,1,0
user_2388,106.25,ach,False,False,21,0,AU,utilities,0,2665,3,1.33,2,3,1,0
user_5355,19252.52,wire_transfer,True,True,2,3,ID,cash_withdrawal,7,3447,17,96.26,10,17,1,1
user_4918,270.78,credit_card,False,False,12,5,CA,utilities,0,1536,3,3.38,1,3,1,0
user_5224,57.33,debit_card,False,False,14,0,CA,groceries,0,2802,3,0.57,1,3,1,0
user_3539,443.68,ach,False,True,17,1,UK,restaurant,0,2248,3,11.09,1,3,1,0
user_5930,442.73,ach,False,False,18,3,US,gas,0,1274,2,8.85,2,2,1,0
user_4734,71.34,ach,False,False,13,1,AU,restaurant,0,3200,2,1.78,1,2,1,0
user_3328,646.1,credit_card,False,True,8,4,AU,utilities,0,2250,3,8.08,3,3,1,0
user_4404,194.18,credit_card,False,False,15,0,US,utilities,0,673,1,2.43,1,1,1,0
user_7866,1696.21,credit_card,False,False,21,2,CA,retail,0,1729,3,11.31,2,3,1,0
user_9798,816.94,debit_card,False,False,9,6,UK,gas,0,936,3,16.34,3,3,1,0
user_6345,306.53,credit_card,False,False,17,4,UK,utilities,0,986,1,3.83,1,1,1,0
user_9123,170.1,credit_card,True,True,9,1,AU,restaurant,0,1343,1,4.25,3,1,1,0
user_6573,790.22,debit_card,False,False,10,2,UK,groceries,0,3558,1,7.9,1,1,1,0
user_1613,76.59,ach,False,False,14,3,US,restaurant,0,1402,1,1.91,1,1,1,0
user_8303,40.99,ach,False,True,17,0,AU,restaurant,0,1934,1,1.02,1,1,1,0
user_4053,522.6,debit_card,False,False,13,5,US,restaurant,0,3050,1,13.07,1,1,1,0
user_4943,703.79,debit_card,True,False,22,2,CA,restaurant,0,1566,3,17.59,2,3,1,0
user_7150,639.07,debit_card,False,False,11,3,AU,utilities,0,381,1,7.99,1,1,1,0
user_4893,173.75,credit_card,False,True,10,3,US,retail,0,1006,2,1.16,1,2,1,0
user_6868,187.95,debit_card,True,False,12,5,US,retail,0,2017,3,1.25,1,3,1,0
user_4839,813.86,ach,False,False,9,2,US,gas,0,603,1,16.28,3,1,1,0
user_5703,66.29,ach,False,False,20,0,US,retail,0,2549,3,0.44,2,3,1,0
user_7146,529.03,ach,False,True,9,4,US,utilities,0,1680,1,6.61,3,1,1,0
user_5408,900.89,debit_card,False,False,18,3,US,groceries,0,3571,1,9.01,2,1,1,0
user_1639,714.68,debit_card,False,False,22,0,US,restaurant,0,411,2,17.87,2,2,1,0
user_4337,775.22,debit_card,False,True,22,5,AU,utilities,0,762,1,9.69,2,1,1,0
user_9418,51.66,debit_card,False,False,16,2,US,restaurant,0,1785,3,1.29,1,3,1,0
user_4300,131.44,debit_card,False,False,16,4,CA,groceries,0,3316,1,1.31,1,1,1,0
user_6262,30.79,debit_card,False,False,8,3,UK,utilities,0,2737,2,0.38,3,2,1,0
user_2108,1967.79,credit_card,True,False,19,3,US,gas,0,1629,1,39.36,2,1,1,0
user_2260,302.61,debit_card,False,False,10,6,CA,restaurant,0,2351,1,7.57,1,1,1,0
user_9954,124.78,credit_card,False,False,11,6,US,utilities,0,1709,1,1.56,1,1,1,0
user_9759,871.57,credit_card,True,False,20,4,UK,gas,0,2107,1,17.43,2,1,1,0
user_4751,3964.99,debit_card,True,True,5,2,PH,cash_withdrawal,8,452,12,19.82,10,12,1,1
user_1256,131.96,debit_card,False,False,21,5,CA,groceries,0,3111,3,1.32,2,3,1,0
user_2101,50.76,debit_card,False,False,18,2,UK,utilities,0,1513,3,0.63,2,3,1,0
user_3932,68.81,debit_card,False,True,21,1,AU,groceries,0,949,3,0.69,2,3,1,0
user_4511,150.73,debit_card,False,False,22,5,CA,groceries,0,2805,3,1.51,2,3,1,0
user_5380,1475.23,credit_card,False,False,22,1,US,retail,0,585,1,9.83,2,1,1,0
user_7049,1024.73,credit_card,False,False,22,5,CA,utilities,0,1790,2,12.81,2,2,1,0
user_7049,680.0,debit_card,False,False,18,3,CA,gas,0,1790,2,13.6,2,2,1,0
user_8286,285.51,ach,False,True,15,5,US,restaurant,0,572,1,7.14,1,1,1,0
user_1313,159.12,ach,False,False,7,5,CA,utilities,0,895,2,1.99,3,2,1,0
user_9808,1510.49,debit_card,False,False,6,1,UK,restaurant,0,372,2,37.76,3,2,1,0
user_9022,229.33,debit_card,False,False,8,5,CA,utilities,0,1318,3,2.87,3,3,1,0
user_3096,182.58,debit_card,False,True,19,1,CA,gas,0,2814,1,3.65,2,1,1,0
user_3173,181.72,ach,False,False,19,5,UK,utilities,0,2939,3,2.27,2,3,1,0
user_6314,49.63,credit_card,True,False,14,2,UK,restaurant,0,1565,1,1.24,1,1,1,0
user_8895,308.72,ach,True,False,22,4,AU,gas,0,638,1,6.17,2,1,1,0
user_8444,574.88,debit_card,False,False,18,0,AU,retail,0,579,2,3.83,2,2,1,0
user_6802,84.52,ach,False,True,16,3,US,groceries,0,1816,3,0.85,1,3,1,0
user_5310,196.1,debit_card,False,False,14,6,US,groceries,0,2524,3,1.96,1,3,1,0
user_5088,56.04,debit_card,False,True,15,6,AU,utilities,0,2572,3,0.7,1,3,1,0
user_5712,1001.3,ach,False,False,11,4,US,gas,0,1839,1,20.03,1,1,1,0
user_3733,78.38,debit_card,False,False,18,0,AU,restaurant,0,2097,1,1.96,2,1,1,0
user_4963,153.09,credit_card,False,True,14,0,AU,retail,0,757,2,1.02,1,2,1,0
user_1111,188.92,credit_card,False,False,13,2,CA,groceries,0,1859,1,1.89,1,1,1,0
user_7581,71.09,debit_card,False,False,14,1,UK,utilities,0,2858,1,0.89,1,1,1,0
user_2404,276.29,debit_card,False,False,22,4,AU,retail,0,3128,2,1.84,2,2,1,0
user_3496,132.73,debit_card,False,False,11,2,AU,groceries,0,2772,2,1.33,1,2,1,0
user_8633,768.27,debit_card,False,False,7,3,CA,gas,0,3441,3,15.37,3,3,1,0
user_5310,67.48,credit_card,False,True,14,1,US,groceries,0,2524,3,0.67,1,3,1,0
user_8715,790.23,credit_card,False,False,22,0,UK,gas,0,403,1,15.8,2,1,1,0
user_8048,307.08,debit_card,True,True,2,1,BR,jewelry,6,3523,15,0.31,10,15,1,1
user_7909,61.79,credit_card,False,False,8,6,CA,restaurant,0,2881,3,1.54,3,3,1,0
user_4362,36.09,credit_card,False,True,18,4,CA,utilities,0,2431,3,0.45,2,3,1,0
user_5839,133.85,debit_card,True,False,21,5,US,restaurant,0,366,3,3.35,2,3,1,0
user_3693,609.95,debit_card,False,False,17,3,UK,utilities,0,1695,2,7.62,1,2,1,0
user_3555,44.19,ach,True,False,7,1,US,restaurant,0,1025,3,1.1,3,3,1,0
user_7965,98.03,debit_card,False,False,21,5,CA,retail,0,1249,1,0.65,2,1,1,0
user_9331,97.41,credit_card,False,False,15,5,AU,utilities,0,3580,3,1.22,1,3,1,0
user_7178,557.02,debit_card,False,False,16,5,CA,utilities,0,3132,2,6.96,1,2,1,0
user_3664,177.05,debit_card,False,False,16,1,CA,utilities,0,2775,3,2.21,1,3,1,0
user_5631,294.14,debit_card,False,True,18,0,US,gas,0,2003,2,5.88,2,2,1,0
user_4281,1688.44,debit_card,False,True,11,1,US,retail,0,399,3,11.26,1,3,1,0
user_7429,49.3,debit_card,False,True,20,4,AU,utilities,0,773,2,0.62,2,2,1,0
user_7290,1313.99,debit_card,False,False,21,5,AU,gas,0,1705,1,26.28,2,1,1,0
user_1841,190.7,ach,False,False,17,0,US,restaurant,0,3397,3,4.77,1,3,1,0
user_6629,51.88,debit_card,False,False,16,5,CA,groceries,0,1986,3,0.52,1,3,1,0
user_2522,207.25,debit_card,False,True,16,1,CA,retail,0,496,2,1.38,1,2,1,0
user_4212,62.51,ach,False,False,22,6,CA,restaurant,0,1967,3,1.56,2,3,1,0
user_3451,130.25,ach,False,False,20,5,US,gas,0,462,1,2.6,2,1,1,0
user_6615,725.08,ach,False,False,16,6,CA,groceries,0,705,1,7.25,1,1,1,0
user_6005,164.89,debit_card,False,False,17,0,US,groceries,0,2912,2,1.65,1,2,1,0
user_1241,62.0,debit_card,False,True,11,0,CA,groceries,0,1694,2,0.62,1,2,1,0
user_6053,266.11,ach,False,True,15,4,AU,groceries,0,1938,3,2.66,1,3,1,0
user_5670,9749.99,cryptocurrency,True,True,5,3,US,wire_transfer,2,697,19,19.5,10,19,1,1
user_6822,317.28,credit_card,False,False,9,6,UK,gas,0,3355,3,6.35,3,3,1,0
user_9444,765.37,debit_card,False,False,19,2,AU,gas,0,1067,3,15.31,2,3,1,0
user_8397,44.78,ach,False,False,8,1,CA,retail,0,292,2,0.3,3,2,1,0
user_2294,9569.86,cryptocurrency,True,True,5,3,AU,wire_transfer,3,2344,8,19.14,10,8,1,1
user_7230,56.48,debit_card,False,False,20,0,UK,utilities,0,1973,1,0.71,2,1,1,0
user_9814,1312.18,debit_card,False,False,11,0,US,utilities,0,893,3,16.4,1,3,1,0
user_9269,27.08,debit_card,False,False,9,5,AU,retail,0,1216,1,0.18,3,1,1,0
user_9167,622.75,credit_card,False,False,7,0,CA,restaurant,0,1123,3,15.57,3,3,1,0
user_1423,55.39,ach,False,False,8,3,US,utilities,0,3162,2,0.69,3,2,1,0
user_9748,249.06,debit_card,False,False,13,4,UK,utilities,0,1057,2,3.11,1,2,1,0
user_2938,180.33,ach,False,False,17,2,UK,restaurant,0,2980,3,4.51,1,3,1,0
user_4463,263.39,debit_card,False,False,19,2,AU,groceries,0,3140,3,2.63,2,3,1,0
user_8569,310.54,debit_card,False,False,11,3,CA,gas,0,2153,1,6.21,1,1,1,0
user_8220,43.97,ach,False,False,7,5,UK,gas,0,2712,1,0.88,3,1,1,0
user_2040,649.0,debit_card,False,False,16,1,AU,gas,0,2197,1,12.98,1,1,1,0
user_4580,1649.82,credit_card,False,True,17,0,CA,restaurant,0,3086,2,41.25,1,2,1,0
user_5758,57.11,ach,False,False,16,5,US,utilities,0,1448,3,0.71,1,3,1,0
user_8633,965.22,ach,False,False,8,6,CA,restaurant,0,3441,1,24.13,3,1,1,0
user_1984,342.19,debit_card,False,False,10,1,UK,groceries,0,247,3,3.42,1,3,1,0
user_7086,48.25,ach,False,True,20,2,CA,gas,0,1961,3,0.96,2,3,1,0
user_9740,78.75,ach,False,True,20,0,CA,retail,0,2454,2,0.53,2,2,1,0
user_9153,1162.53,credit_card,False,False,8,4,CA,utilities,0,1918,3,14.53,3,3,1,0
user_2943,69.95,debit_card,False,True,22,3,AU,utilities,0,2196,3,0.87,2,3,1,0
user_8909,71.7,debit_card,False,True,15,3,AU,gas,0,381,2,1.43,1,2,1,0
user_2524,43.7,debit_card,False,False,11,6,AU,groceries,0,2900,2,0.44,1,2,1,0
user_9313,123.21,credit_card,False,False,8,0,AU,utilities,0,948,3,1.54,3,3,1,0
user_5362,843.75,debit_card,False,False,17,4,US,retail,0,490,1,5.62,1,1,1,0
user_1685,241.36,debit_card,False,False,17,5,US,retail,0,1495,3,1.61,1,3,1,0
user_9535,854.34,credit_card,False,False,12,2,CA,restaurant,0,783,1,21.36,1,1,1,0
user_6021,275.27,ach,False,True,20,3,AU,groceries,0,712,3,2.75,2,3,1,0
user_5828,1550.66,ach,False,False,21,1,AU,restaurant,0,807,1,38.77,2,1,1,0
user_5510,929.06,debit_card,False,False,19,3,CA,restaurant,0,312,3,23.23,2,3,1,0
user_1280,1219.82,credit_card,False,False,21,4,AU,utilities,0,3332,3,15.25,2,3,1,0
user_3525,281.47,debit_card,False,False,12,2,US,utilities,0,1869,1,3.52,1,1,1,0
user_6671,90.85,credit_card,False,False,13,5,CA,groceries,0,3614,3,0.91,1,3,1,0
user_1423,86.08,debit_card,False,False,9,6,US,groceries,0,3162,2,0.86,3,2,1,0
user_9383,95.59,debit_card,False,False,19,1,US,retail,0,1078,3,0.64,2,3,1,0
user_4114,159.59,ach,False,True,6,2,AU,utilities,0,36,2,1.99,3,2,5,0
user_7809,856.72,credit_card,False,False,15,2,CA,gas,0,368,1,17.13,1,1,1,0
user_1128,846.36,debit_card,False,False,17,4,US,retail,0,3626,3,5.64,1,3,1,0
user_4443,660.34,credit_card,False,False,19,6,UK,retail,0,1934,2,4.4,2,2,1,0
user_6615,484.97,ach,False,False,13,6,CA,retail,0,705,3,3.23,1,3,1,0
user_5853,90.3,credit_card,False,False,12,5,CA,groceries,0,1268,1,0.9,1,1,1,0
user_2522,259.58,credit_card,False,False,16,1,CA,restaurant,0,496,3,6.49,1,3,1,0
user_4648,87.84,ach,True,True,7,4,UK,gas,0,1926,1,1.76,3,1,1,0
user_9464,117.73,debit_card,False,False,7,5,CA,restaurant,0,2979,2,2.94,3,2,1,0
user_4089,847.45,credit_card,False,False,19,0,AU,groceries,0,1646,2,8.47,2,2,1,0
user_3315,95.77,debit_card,False,False,15,6,US,restaurant,0,1076,2,2.39,1,2,1,0
user_6600,168.74,debit_card,False,True,14,2,CA,gas,0,3028,3,3.37,1,3,1,0
user_8750,30.87,debit_card,False,True,6,3,UK,utilities,0,1680,2,0.39,3,2,1,0
user_3733,93.71,debit_card,False,False,19,4,AU,gas,0,2097,3,1.87,2,3,1,0
user_8432,197.36,debit_card,True,False,11,0,UK,retail,0,1306,2,1.32,1,2,1,0
user_8490,50.6,ach,True,False,19,0,AU,retail,0,1322,3,0.34,2,3,1,0
user_1815,64.06,debit_card,False,False,12,4,AU,retail,0,2741,1,0.43,1,1,1,0
user_1674,87.45,credit_card,False,False,10,2,US,utilities,0,2657,3,1.09,1,3,1,0
user_3024,815.18,debit_card,False,True,14,4,UK,utilities,0,2424,2,10.19,1,2,1,0
user_9331,52.39,credit_card,False,False,12,4,AU,restaurant,0,3580,1,1.31,1,1,1,0
user_9591,30.53,credit_card,False,False,15,5,CA,utilities,0,1368,3,0.38,1,3,1,0
user_4734,163.28,debit_card,False,True,17,2,AU,retail,0,3200,1,1.09,1,1,1,0
user_9709,66.85,ach,False,False,6,1,CA,retail,0,2080,3,0.45,3,3,1,0
user_8912,1764.31,credit_card,True,False,8,6,CA,restaurant,0,3022,1,44.11,3,1,1,0
user_2654,361.59,ach,False,False,21,0,UK,groceries,0,3625,3,3.62,2,3,1,0
user_1613,34.55,debit_card,False,False,16,3,US,groceries,0,1402,2,0.35,1,2,1,0
user_5573,167.22,credit_card,False,False,18,5,AU,utilities,0,2813,1,2.09,2,1,1,0
user_1941,181.88,debit_card,True,False,22,6,AU,restaurant,0,1828,1,4.55,2,1,1,0
user_4978,78.94,ach,False,True,19,4,UK,groceries,0,3512,3,0.79,2,3,1,0
user_9051,67.82,credit_card,False,False,12,1,US,retail,0,1508,2,0.45,1,2,1,0
user_1760,33.98,ach,False,False,20,0,UK,utilities,0,452,3,0.42,2,3,1,0
user_6802,82.96,ach,False,True,14,6,US,retail,0,1816,2,0.55,1,2,1,0
user_3101,70.96,debit_card,False,True,18,6,AU,gas,0,1989,3,1.42,2,3,1,0
user_4978,84.75,debit_card,False,False,21,0,UK,restaurant,0,3512,2,2.12,2,2,1,0
user_8518,341.37,ach,False,False,19,6,CA,groceries,0,87,2,3.41,2,2,5,0
user_3519,95.52,debit_card,False,True,13,4,UK,restaurant,0,185,1,2.39,1,1,1,0
user_4727,1848.49,debit_card,True,False,6,4,AU,retail,0,3382,3,12.32,3,3,1,0
user_8916,987.89,debit_card,False,True,11,4,US,groceries,0,2209,1,9.88,1,1,1,0
user_1945,1581.96,ach,False,True,16,2,UK,utilities,0,2992,1,19.77,1,1,1,0
user_1241,42.44,credit_card,False,False,11,1,CA,restaurant,0,1694,3,1.06,1,3,1,0
user_8736,184.67,debit_card,False,True,14,3,CA,restaurant,0,1601,3,4.62,1,3,1,0
user_2531,9861.15,wire_transfer,True,True,8,1,AU,cryptocurrency,3,2293,9,9.86,3,9,1,1
user_5088,80.09,ach,False,False,12,6,AU,utilities,0,2572,2,1.0,1,2,1,0
user_7144,66.83,debit_card,False,False,21,2,UK,groceries,0,1704,2,0.67,2,2,1,0
user_1396,267.16,debit_card,False,False,6,0,UK,restaurant,0,2554,1,6.68,3,1,1,0
user_3910,599.65,debit_card,False,False,13,5,UK,restaurant,0,3040,3,14.99,1,3,1,0
user_2388,89.43,credit_card,False,True,12,4,US,gas,0,1007,3,1.79,1,3,1,0
user_4281,678.8,debit_card,False,False,7,3,US,gas,0,399,3,13.58,3,3,1,0
user_7445,71.18,debit_card,True,False,8,5,UK,gas,0,2832,3,1.42,3,3,1,0
user_7945,129.67,ach,False,False,14,3,UK,gas,0,1525,2,2.59,1,2,1,0
user_1842,319.58,debit_card,False,False,21,0,UK,utilities,0,1470,1,3.99,2,1,1,0
user_4170,247.28,debit_card,False,False,17,1,AU,retail,0,1374,2,1.65,1,2,1,0
user_3139,1025.73,debit_card,False,False,14,4,UK,gas,0,2825,1,20.51,1,1,1,0
user_9808,1165.47,debit_card,False,True,7,3,UK,retail,0,372,1,7.77,3,1,1,0
user_9381,729.94,debit_card,True,False,6,3,UK,retail,0,496,1,4.87,3,1,1,0
user_7824,755.34,debit_card,False,False,19,4,CA,retail,0,1620,2,5.04,2,2,1,0
user_4944,188.26,debit_card,False,False,21,3,UK,retail,0,229,3,1.26,2,3,1,0
user_2235,89.26,ach,False,False,19,5,US,utilities,0,3358,2,1.12,2,2,1,0
user_5093,98.41,ach,False,False,15,2,US,utilities,0,3322,2,1.23,1,2,1,0
user_3219,246.0,debit_card,False,False,8,1,AU,groceries,0,1390,1,2.46,3,1,1,0
user_9303,910.75,ach,False,False,9,1,US,retail,0,741,1,6.07,3,1,1,0
user_5166,603.96,ach,False,False,21,4,US,utilities,0,1872,2,7.55,2,2,1,0
user_4534,56.81,debit_card,True,False,10,1,AU,utilities,0,2105,3,0.71,1,3,1,0
user_1472,180.47,ach,False,False,15,0,AU,utilities,0,492,3,2.26,1,3,1,0
user_2294,1485.23,ach,False,False,9,3,CA,restaurant,0,2227,1,37.13,3,1,1,0
user_2373,338.25,credit_card,False,False,22,0,AU,retail,0,1085,1,2.25,2,1,1,0
user_9814,124.05,credit_card,False,False,9,5,UK,groceries,0,2277,3,1.24,3,3,1,0
user_8178,111.07,ach,False,False,22,5,AU,gas,0,3221,3,2.22,2,3,1,0
user_9078,289.7,ach,False,False,14,3,AU,gas,0,445,2,5.79,1,2,1,0
user_6759,857.61,debit_card,False,True,15,1,CA,groceries,0,1044,3,8.58,1,3,1,0
user_5684,521.59,credit_card,True,False,11,2,US,utilities,0,133,2,6.52,1,2,5,0
user_7371,80.38,debit_card,False,False,21,2,UK,utilities,0,2868,3,1.0,2,3,1,0
user_4131,9705.22,cryptocurrency,True,True,14,3,US,wire_transfer,1,3576,19,19.41,1,19,1,1
user_4084,137.7,debit_card,False,False,18,5,AU,gas,0,2083,1,2.75,2,1,1,0
user_6904,180.98,debit_card,False,False,12,0,UK,groceries,0,3403,2,1.81,1,2,1,0
user_1306,511.05,debit_card,False,True,14,0,CA,retail,0,1343,2,3.41,1,2,1,0
user_8066,192.41,debit_card,False,False,19,6,AU,groceries,0,673,2,1.92,2,2,1,0
user_9996,91.57,debit_card,False,False,10,2,UK,gas,0,2112,2,1.83,1,2,1,0
user_4510,1343.19,credit_card,True,False,10,2,AU,utilities,0,1025,3,16.79,1,3,1,0
user_8871,128.1,ach,False,False,21,1,AU,groceries,0,635,2,1.28,2,2,1,0
user_1111,114.43,ach,False,False,15,2,CA,retail,0,1859,1,0.76,1,1,1,0
user_9830,678.03,credit_card,False,False,11,2,AU,gas,0,3166,3,13.56,1,3,1,0
user_8851,1561.54,debit_card,False,True,13,4,AU,gas,0,2256,1,31.23,1,1,1,0
user_9814,952.3,debit_card,True,False,7,1,US,restaurant,0,893,1,23.81,3,1,1,0
user_1082,1624.77,debit_card,False,False,21,3,AU,gas,0,2230,3,32.5,2,3,1,0
user_3262,54.15,debit_card,False,False,22,6,CA,utilities,0,1859,2,0.68,2,2,1,0
user_8354,1144.62,debit_card,False,False,22,1,UK,groceries,0,3569,3,11.45,2,3,1,0
user_5911,774.33,debit_card,False,False,11,5,UK,restaurant,0,1060,3,19.36,1,3,1,0
user_5262,52.71,ach,False,False,11,2,AU,retail,0,3530,2,0.35,1,2,1,0
user_4909,29.04,credit_card,False,False,9,5,US,utilities,0,1809,3,0.36,3,3,1,0
user_2389,329.35,credit_card,False,False,21,6,UK,gas,0,412,1,6.59,2,1,1,0
user_9311,9870.71,wire_transfer,True,True,5,3,AU,cryptocurrency,2,2932,8,9.87,10,8,1,1
user_6601,936.56,debit_card,False,False,16,6,AU,restaurant,0,1551,3,23.41,1,3,1,0
user_1833,733.79,ach,False,False,22,2,UK,restaurant,0,2039,2,18.34,2,2,1,0
user_8428,1242.12,ach,False,True,20,2,US,restaurant,0,1296,2,31.05,2,2,1,0
user_4617,108.28,ach,False,False,8,3,AU,utilities,0,1855,1,1.35,3,1,1,0
user_2169,94.98,debit_card,False,False,8,5,UK,groceries,0,2467,1,0.95,3,1,1,0
user_1833,1416.92,ach,False,False,18,1,UK,restaurant,0,2039,3,35.42,2,3,1,0
user_3146,343.86,ach,False,False,16,0,AU,utilities,0,527,3,4.3,1,3,1,0
user_7381,870.81,ach,False,False,18,2,US,retail,0,3539,2,5.81,2,2,1,0
user_8483,346.66,credit_card,False,False,13,2,AU,restaurant,0,235,2,8.67,1,2,1,0
user_1258,125.52,debit_card,False,False,13,3,US,retail,0,549,3,0.84,1,3,1,0
user_2617,76.25,debit_card,False,False,21,1,AU,utilities,0,2724,1,0.95,2,1,1,0
user_2245,399.85,debit_card,False,True,20,2,AU,utilities,0,3198,3,5.0,2,3,1,0
user_1136,55.89,ach,False,False,13,3,UK,utilities,0,2745,3,0.7,1,3,1,0
user_7144,117.16,ach,False,True,21,0,UK,retail,0,1704,1,0.78,2,1,1,0
user_9163,1593.72,debit_card,True,False,14,5,AU,groceries,0,3630,3,15.94,1,3,1,0
user_1104,289.75,ach,False,False,8,0,CA,utilities,0,308,1,3.62,3,1,1,0
user_8646,187.69,ach,False,True,19,0,AU,restaurant,0,2424,2,4.69,2,2,1,0
user_9209,981.6,debit_card,False,False,14,1,AU,retail,0,367,2,6.54,1,2,1,0
user_1567,110.94,credit_card,False,False,19,1,US,restaurant,0,2150,1,2.77,2,1,1,0
user_1355,9858.79,wire_transfer,True,True,5,1,RU,wire_transfer,4,416,7,19.72,10,7,1,1
user_6005,147.91,credit_card,False,True,17,1,US,retail,0,2912,2,0.99,1,2,1,0
user_2101,171.09,credit_card,False,True,19,1,UK,groceries,0,1513,2,1.71,2,2,1,0
user_3321,356.52,debit_card,False,False,15,2,UK,groceries,0,1895,1,3.57,1,1,1,0
user_5965,253.6,debit_card,False,False,17,6,AU,groceries,0,3545,2,2.54,1,2,1,0
user_1788,281.77,debit_card,False,False,13,1,AU,utilities,0,711,2,3.52,1,2,1,0
user_4012,1209.68,debit_card,False,False,10,2,CA,retail,0,1733,1,8.06,1,1,1,0
user_7637,525.05,debit_card,False,False,10,1,US,utilities,0,2289,3,6.56,1,3,1,0
user_4143,860.38,debit_card,False,False,19,3,AU,restaurant,0,2804,3,21.51,2,3,1,0
user_9269,76.07,debit_card,False,False,7,0,AU,utilities,0,1216,1,0.95,3,1,1,0
user_8811,1173.21,ach,False,False,18,0,CA,groceries,0,262,2,11.73,2,2,1,0
user_4588,69.12,ach,False,True,17,0,US,utilities,0,3342,2,0.86,1,2,1,0
user_9821,58.5,debit_card,False,False,13,1,AU,restaurant,0,316,1,1.46,1,1,1,0
user_6890,1136.84,debit_card,False,False,22,3,US,gas,0,477,2,22.74,2,2,1,0
user_7895,338.18,debit_card,False,False,19,2,CA,retail,0,3154,2,2.25,2,2,1,0
user_9698,161.85,ach,False,False,14,4,UK,groceries,0,1471,3,1.62,1,3,1,0
user_5166,467.69,debit_card,False,True,22,6,US,restaurant,0,1872,1,11.69,2,1,1,0
user_5334,1837.12,debit_card,False,False,20,6,CA,gas,0,1771,1,36.74,2,1,1,0
user_7209,399.69,ach,False,True,8,5,AU,retail,0,3515,2,2.66,3,2,1,0
user_3250,106.64,ach,False,False,12,3,AU,restaurant,0,2362,1,2.67,1,1,1,0
user_7018,1163.91,debit_card,False,False,16,5,US,utilities,0,3008,3,14.55,1,3,1,0
user_6671,51.56,debit_card,False,True,16,2,CA,gas,0,3614,1,1.03,1,1,1,0
user_8750,65.95,ach,False,False,8,6,UK,gas,0,1680,2,1.32,3,2,1,0
user_1128,1541.61,ach,False,True,17,3,US,restaurant,0,3626,2,38.54,1,2,1,0
user_9504,794.42,debit_card,False,False,19,0,US,restaurant,0,1802,3,19.86,2,3,1,0
user_6727,37.24,debit_card,False,True,15,5,US,utilities,0,1653,3,0.47,1,3,1,0
user_2832,87.78,debit_card,False,True,20,6,CA,restaurant,0,2264,1,2.19,2,1,1,0
user_5557,86.11,credit_card,False,False,7,3,AU,gas,0,1423,2,1.72,3,2,1,0
user_8851,1883.56,credit_card,False,False,16,2,AU,retail,0,2256,3,12.56,1,3,1,0
user_4652,973.72,debit_card,True,False,15,0,AU,utilities,0,2965,3,12.17,1,3,1,0
user_2983,1474.64,debit_card,False,False,6,4,UK,retail,0,2212,3,9.83,3,3,1,0
user_7732,52.86,debit_card,False,False,9,6,US,restaurant,0,553,1,1.32,3,1,1,0
user_9303,755.09,debit_card,False,False,7,0,US,gas,0,741,2,15.1,3,2,1,0
user_1485,261.32,credit_card,False,False,13,2,AU,retail,0,964,2,1.74,1,2,1,0
user_2389,205.0,debit_card,False,True,18,1,UK,groceries,0,412,2,2.05,2,2,1,0
user_8851,1001.18,debit_card,False,False,12,4,AU,groceries,0,2256,1,10.01,1,1,1,0
user_1984,151.64,debit_card,True,False,9,3,UK,restaurant,0,247,3,3.79,3,3,1,0
user_4517,158.84,debit_card,False,True,17,5,UK,groceries,0,1856,2,1.59,1,2,1,0
user_7859,1049.66,credit_card,False,False,22,6,CA,groceries,0,1150,2,10.5,2,2,1,0
user_7232,665.66,debit_card,False,False,8,0,UK,restaurant,0,1253,3,16.64,3,3,1,0
user_5573,199.97,debit_card,False,True,19,6,AU,utilities,0,2813,3,2.5,2,3,1,0
user_7825,155.88,debit_card,False,False,18,4,US,retail,0,2174,3,1.04,2,3,1,0
user_6868,73.55,ach,False,False,16,6,US,groceries,0,2017,3,0.74,1,3,1,0
user_7563,317.33,credit_card,True,False,20,3,US,restaurant,0,2415,3,7.93,2,3,1,0
user_3734,356.64,debit_card,True,False,10,2,UK,gas,0,3197,2,7.13,1,2,1,0
user_8973,189.84,ach,False,False,11,4,UK,utilities,0,921,3,2.37,1,3,1,0
user_5581,716.25,debit_card,False,False,6,0,CA,retail,0,2388,1,4.78,3,1,1,0
user_4629,1864.58,ach,False,False,6,4,UK,retail,0,1906,3,12.43,3,3,1,0
user_4131,9649.1,wire_transfer,True,True,19,3,US,cryptocurrency,3,3576,10,9.65,2,10,1,1
user_7643,919.25,credit_card,False,True,22,4,UK,gas,0,385,3,18.39,2,3,1,0
user_4295,2119.85,wire_transfer,True,True,3,5,BR,jewelry,4,1824,23,2.12,10,20,1,1
user_8218,713.83,debit_card,False,False,17,1,AU,restaurant,0,2089,1,17.85,1,1,1,0
user_8529,257.94,debit_card,False,False,18,1,US,gas,0,3325,2,5.16,2,2,1,0
user_6363,149.69,ach,False,True,14,3,UK,retail,0,1412,1,1.0,1,1,1,0
user_7475,1959.05,ach,False,False,6,0,US,utilities,0,867,3,24.49,3,3,1,0
user_7445,136.42,debit_card,False,False,8,2,UK,restaurant,0,2832,3,3.41,3,3,1,0
user_8109,292.06,credit_card,False,False,19,3,US,groceries,0,2193,3,2.92,2,3,1,0
user_9246,1276.02,credit_card,False,True,15,6,CA,retail,0,297,1,8.51,1,1,1,0
user_4666,243.14,ach,False,False,22,4,UK,restaurant,0,2949,3,6.08,2,3,1,0
user_5480,268.3,debit_card,False,False,22,0,CA,restaurant,0,1572,1,6.71,2,1,1,0
user_2200,93.97,debit_card,True,True,10,0,UK,utilities,0,2315,2,1.17,1,2,1,0
user_5442,724.87,credit_card,False,False,18,2,UK,restaurant,0,592,3,18.12,2,3,1,0
user_8145,142.39,debit_card,False,False,15,4,CA,retail,0,2813,1,0.95,1,1,1,0
user_6021,356.38,debit_card,False,False,18,1,AU,groceries,0,712,1,3.56,2,1,1,0
user_6916,310.46,ach,False,False,7,1,AU,retail,0,3555,2,2.07,3,2,1,0
user_5221,823.81,ach,False,False,6,1,UK,utilities,0,953,2,10.3,3,2,1,0
user_5060,174.3,debit_card,False,False,14,6,US,gas,0,3159,2,3.49,1,2,1,0
user_4150,62.31,credit_card,False,False,12,3,UK,groceries,0,951,1,0.62,1,1,1,0
user_5090,168.8,ach,True,False,22,5,UK,groceries,0,3423,3,1.69,2,3,1,0
user_8048,68.43,credit_card,False,False,22,4,US,groceries,0,3523,3,0.68,2,3,1,0
user_1077,887.78,debit_card,False,False,16,5,CA,gas,0,3147,3,17.76,1,3,1,0
user_3096,398.8,debit_card,False,False,18,6,CA,gas,0,2814,1,7.98,2,1,1,0
user_9808,1142.81,debit_card,True,True,6,1,UK,restaurant,0,372,2,28.57,3,2,1,0
user_8109,329.23,debit_card,True,True,22,0,US,retail,0,2193,2,2.19,2,2,1,0
user_2809,28.51,ach,False,False,21,2,US,groceries,0,209,1,0.29,2,1,1,0
user_1404,1081.93,debit_card,False,False,14,4,AU,restaurant,0,2023,3,27.05,1,3,1,0
user_6314,62.07,debit_card,False,False,17,0,UK,retail,0,1565,2,0.41,1,2,1,0
user_2130,679.79,debit_card,False,False,8,2,UK,restaurant,0,1704,3,16.99,3,3,1,0
user_8244,9836.65,wire_transfer,True,True,21,5,AU,wire_transfer,3,3281,13,19.67,2,13,1,1
user_2101,199.45,debit_card,False,False,18,5,UK,groceries,0,1513,1,1.99,2,1,1,0
user_6403,672.69,debit_card,False,True,22,5,AU,gas,0,1210,3,13.45,2,3,1,0
user_3496,141.86,credit_card,False,False,11,6,AU,retail,0,2772,2,0.95,1,2,1,0
user_9154,106.98,ach,False,True,20,0,CA,groceries,0,3216,2,1.07,2,2,1,0
user_6096,36.69,debit_card,False,True,22,6,US,retail,0,1307,3,0.24,2,3,1,0
user_4871,92.53,ach,False,False,20,0,US,utilities,0,1936,2,1.16,2,2,1,0
user_7985,845.22,debit_card,False,False,6,2,AU,restaurant,0,2609,3,21.13,3,3,1,0
user_6818,394.27,credit_card,False,False,21,0,UK,utilities,0,2905,2,4.93,2,2,1,0
user_8527,1911.15,ach,False,True,8,5,AU,gas,0,352,2,38.22,3,2,1,0
user_1533,15286.01,wire_transfer,True,True,0,1,CN,wire_transfer,4,3554,14,30.57,10,14,1,1
user_1530,1427.69,credit_card,False,False,7,4,AU,retail,0,1549,2,9.52,3,2,1,0
user_8939,138.29,debit_card,False,True,15,5,AU,gas,0,347,1,2.77,1,1,1,0
user_5758,91.01,debit_card,False,False,15,5,US,retail,0,1448,1,0.61,1,1,1,0
user_7229,1748.28,debit_card,False,False,19,3,CA,utilities,0,2079,2,21.85,2,2,1,0
user_5510,503.46,debit_card,False,False,19,3,CA,restaurant,0,312,1,12.59,2,1,1,0
user_4817,1831.06,ach,False,False,14,6,US,gas,0,1402,1,36.62,1,1,1,0
user_9317,1840.41,credit_card,False,False,11,3,CA,gas,0,1561,3,36.81,1,3,1,0
user_8406,108.37,debit_card,False,False,21,6,AU,utilities,0,389,3,1.35,2,3,1,0
user_5689,182.31,debit_card,False,False,19,6,UK,retail,0,927,1,1.22,2,1,1,0
user_8723,541.63,credit_card,False,False,7,2,CA,retail,0,3431,3,3.61,3,3,1,0
user_2394,111.34,credit_card,False,False,7,4,UK,utilities,0,897,3,1.39,3,3,1,0
user_3677,733.87,debit_card,False,False,12,6,UK,retail,0,2651,2,4.89,1,2,1,0
user_1441,361.56,credit_card,False,True,22,2,US,restaurant,0,373,1,9.04,2,1,1,0
user_5107,75.51,debit_card,False,True,7,6,AU,restaurant,0,1385,1,1.89,3,1,1,0
user_4505,35.0,credit_card,False,False,15,1,AU,groceries,0,1385,1,0.35,1,1,1,0
user_7732,38.28,debit_card,False,False,8,4,US,gas,0,553,2,0.77,3,2,1,0
user_4150,146.42,debit_card,True,False,13,4,UK,gas,0,951,1,2.93,1,1,1,0
user_2077,113.13,credit_card,False,False,13,1,AU,groceries,0,2183,2,1.13,1,2,1,0
user_6608,1324.78,debit_card,False,False,16,4,UK,restaurant,0,2528,1,33.12,1,1,1,0
user_5520,948.48,ach,False,False,13,5,AU,gas,0,1690,1,18.97,1,1,1,0
user_6828,874.3,debit_card,False,True,19,1,US,gas,0,2803,1,17.49,2,1,1,0
user_9922,160.74,ach,False,False,18,4,CA,groceries,0,1118,2,1.61,2,2,1,0
user_9488,91.37,credit_card,False,False,13,3,CA,restaurant,0,693,2,2.28,1,2,1,0
user_2200,44.66,debit_card,False,False,8,1,UK,gas,0,2315,1,0.89,3,1,1,0
user_8199,1191.55,ach,False,False,21,5,CA,retail,0,1520,2,7.94,2,2,1,0
user_4082,1515.71,debit_card,False,False,20,4,CA,restaurant,0,1993,2,37.89,2,2,1,0
user_6172,571.95,credit_card,False,False,17,1,US,groceries,0,2900,3,5.72,1,3,1,0
user_2463,100.73,credit_card,False,False,14,1,CA,groceries,0,3078,2,1.01,1,2,1,0
user_1852,188.68,credit_card,True,False,13,6,US,retail,0,3324,3,1.26,1,3,1,0
user_6608,981.44,debit_card,False,True,17,0,UK,utilities,0,2528,2,12.27,1,2,1,0
user_4337,583.91,debit_card,False,False,18,6,AU,retail,0,762,2,3.89,2,2,1,0
user_9123,193.64,debit_card,False,True,8,0,AU,restaurant,0,1343,3,4.84,3,3,1,0
user_9374,245.4,debit_card,True,False,17,0,CA,retail,0,3102,3,1.64,1,3,1,0
user_4697,1485.69,debit_card,False,False,12,4,AU,restaurant,0,1843,1,37.14,1,1,1,0
user_6727,71.21,credit_card,False,False,12,6,US,restaurant,0,1653,2,1.78,1,2,1,0
user_3595,279.21,ach,False,True,11,5,CA,retail,0,2546,2,1.86,1,2,1,0
user_5327,284.09,credit_card,True,False,18,4,AU,groceries,0,2373,3,2.84,2,3,1,0
user_6345,244.98,ach,False,True,12,5,UK,utilities,0,986,2,3.06,1,2,1,0
user_3595,588.37,debit_card,False,False,7,5,CA,gas,0,2546,1,11.77,3,1,1,0
user_1975,41.73,debit_card,False,False,6,1,CA,utilities,0,3201,1,0.52,3,1,1,0
user_1076,225.88,debit_card,False,False,11,1,AU,groceries,0,2103,3,2.26,1,3,1,0
user_2274,9831.24,wire_transfer,True,True,23,5,UK,cryptocurrency,2,717,17,9.83,7,17,1,1
user_7563,276.28,credit_card,False,False,19,0,US,gas,0,2415,3,5.53,2,3,1,0
user_8126,1336.1,debit_card,False,False,22,1,UK,utilities,0,1452,1,16.7,2,1,1,0
user_5458,1373.93,credit_card,False,False,17,4,CA,gas,0,1343,1,27.48,1,1,1,0
user_7841,9518.6,cryptocurrency,True,True,11,2,CA,cryptocurrency,2,1381,11,9.52,1,11,1,1
user_1807,338.17,debit_card,False,False,15,6,UK,restaurant,0,112,2,8.45,1,2,5,0
user_5609,865.89,debit_card,False,False,20,5,AU,utilities,0,1200,3,10.82,2,3,1,0
user_4695,184.6,ach,False,False,16,0,US,retail,0,3303,3,1.23,1,3,1,0
user_1857,222.03,debit_card,False,False,9,0,UK,restaurant,0,417,2,5.55,3,2,1,0
user_9841,142.78,debit_card,True,False,6,6,AU,utilities,0,1291,1,1.78,3,1,1,0
user_4519,56.83,ach,False,True,12,0,US,gas,0,2394,3,1.14,1,3,1,0
user_4082,1880.62,credit_card,True,False,18,5,CA,groceries,0,1993,2,18.81,2,2,1,0
user_1659,168.82,ach,False,True,13,3,AU,gas,0,1169,1,3.38,1,1,1,0
user_4707,977.42,ach,True,False,9,1,AU,groceries,0,1684,3,9.77,3,3,1,0
user_6136,306.18,debit_card,False,False,18,6,UK,retail,0,2939,2,2.04,2,2,1,0
user_4796,95.8,debit_card,False,False,16,2,UK,restaurant,0,988,2,2.4,1,2,1,0
user_8851,1472.2,debit_card,False,True,13,3,AU,groceries,0,2256,1,14.72,1,1,1,0
user_1760,57.26,debit_card,False,False,20,0,UK,restaurant,0,452,3,1.43,2,3,1,0
user_4463,473.13,credit_card,False,False,18,0,AU,retail,0,3140,2,3.15,2,2,1,0
user_9830,9740.29,wire_transfer,True,True,4,4,PH,cash_withdrawal,6,3166,13,48.7,10,13,1,1
user_1188,78.52,credit_card,False,True,19,0,UK,restaurant,0,3178,2,1.96,2,2,1,0
user_8967,1911.54,wire_transfer,True,True,4,4,ID,jewelry,6,664,12,1.91,10,12,1,1
user_8366,79.98,debit_card,True,False,11,4,US,groceries,0,237,2,0.8,1,2,1,0
user_2832,296.64,debit_card,True,False,14,0,CA,utilities,0,267,1,3.71,1,1,1,0
user_6383,607.51,debit_card,False,True,12,4,UK,restaurant,0,2597,1,15.19,1,1,1,0
user_3979,860.25,credit_card,False,False,9,0,UK,gas,0,3297,1,17.2,3,1,1,0
user_8428,1928.18,ach,False,False,22,2,US,utilities,0,1296,2,24.1,2,2,1,0
user_6573,1319.03,debit_card,False,False,11,3,UK,groceries,0,3558,2,13.19,1,2,1,0
user_1017,120.59,debit_card,False,True,17,0,US,groceries,0,573,3,1.21,1,3,1,0
user_7018,9772.05,cryptocurrency,True,True,1,6,US,cryptocurrency,3,3008,17,9.77,10,17,1,1
user_8444,1187.04,credit_card,False,True,21,0,AU,gas,0,579,3,23.74,2,3,1,0
user_7296,896.87,debit_card,True,True,20,1,UK,utilities,0,2944,3,11.21,2,3,1,0
user_3219,343.64,debit_card,False,False,10,4,AU,groceries,0,1390,3,3.44,1,3,1,0
user_1962,1235.76,debit_card,False,False,7,0,US,retail,0,3380,3,8.24,3,3,1,0
user_9154,66.05,ach,False,False,18,3,CA,restaurant,0,3216,3,1.65,2,3,1,0
user_9584,53.02,debit_card,False,False,7,0,UK,utilities,0,2561,3,0.66,3,3,1,0
user_8879,1104.87,debit_card,False,False,6,2,AU,restaurant,0,1649,2,27.62,3,2,1,0
user_6608,567.92,debit_card,False,False,15,5,UK,retail,0,2528,1,3.79,1,1,1,0
user_5082,1010.29,ach,False,False,8,6,AU,groceries,0,3232,3,10.1,3,3,1,0
user_7487,137.71,ach,False,False,11,4,CA,groceries,0,2398,2,1.38,1,2,1,0
user_7746,92.3,debit_card,False,True,12,2,CA,retail,0,2392,3,0.62,1,3,1,0
user_4304,1946.19,debit_card,False,False,15,2,CA,retail,0,167,2,12.97,1,2,5,0
user_8183,294.66,credit_card,True,False,21,3,US,utilities,0,3384,3,3.68,2,3,1,0
user_9381,763.85,ach,True,False,9,2,UK,gas,0,496,1,15.28,3,1,1,0
user_7809,398.43,debit_card,False,True,13,6,CA,groceries,0,368,1,3.98,1,1,1,0
user_6568,990.6,credit_card,False,False,12,2,US,groceries,0,1188,2,9.91,1,2,1,0
user_8015,182.03,debit_card,False,False,22,4,CA,restaurant,0,3244,3,4.55,2,3,1,0
user_3165,1199.36,credit_card,False,False,13,2,UK,restaurant,0,3431,3,29.98,1,3,1,0
user_5333,72.63,debit_card,True,False,7,2,CA,groceries,0,1145,1,0.73,3,1,1,0
user_8478,97.6,credit_card,False,True,15,1,UK,retail,0,3123,2,0.65,1,2,1,0
user_1749,908.25,debit_card,False,False,11,1,CA,gas,0,96,1,18.16,1,1,5,0
user_8811,1182.02,debit_card,False,True,21,4,CA,utilities,0,262,1,14.78,2,1,1,0
user_4734,180.08,debit_card,False,False,17,4,AU,restaurant,0,3200,1,4.5,1,1,1,0
user_1590,327.29,debit_card,False,False,8,6,US,groceries,0,674,1,3.27,3,1,1,0
user_1396,352.72,debit_card,False,True,7,2,UK,restaurant,0,2554,1,8.82,3,1,1,0
user_9622,190.09,credit_card,False,False,10,3,UK,groceries,0,2915,3,1.9,1,3,1,0
user_2654,470.72,ach,False,True,16,2,AU,utilities,0,2633,2,5.88,1,2,1,0
user_7487,100.93,ach,False,True,6,3,CA,groceries,0,2398,3,1.01,3,3,1,0
user_8244,153.19,credit_card,True,False,21,4,AU,groceries,0,3281,3,1.53,2,3,1,0
user_1841,230.15,debit_card,False,False,12,5,US,gas,0,3397,3,4.6,1,3,1,0
user_1100,173.01,debit_card,False,False,7,6,AU,restaurant,0,315,2,4.33,3,2,1,0
user_7229,1121.48,ach,False,False,19,0,CA,utilities,0,2079,1,14.02,2,1,1,0
user_2099,48.05,debit_card,False,False,8,4,US,gas,0,1798,3,0.96,3,3,1,0
user_6759,859.06,credit_card,False,False,9,0,UK,groceries,0,2548,1,8.59,3,1,1,0
user_9246,923.44,ach,False,True,13,5,CA,gas,0,297,2,18.47,1,2,1,0
user_4084,189.48,ach,False,False,20,2,AU,groceries,0,2083,3,1.89,2,3,1,0
user_4321,171.78,ach,False,False,21,0,US,groceries,0,666,1,1.72,2,1,1,0
user_6671,104.88,debit_card,False,False,14,0,CA,groceries,0,3614,3,1.05,1,3,1,0
user_3591,1466.61,credit_card,False,False,18,5,AU,utilities,0,1473,3,18.33,2,3,1,0
user_2373,171.88,ach,False,False,21,6,AU,restaurant,0,1085,1,4.3,2,1,1,0
user_4978,44.81,debit_card,False,False,20,5,UK,gas,0,3512,1,0.9,2,1,1,0
user_4658,1436.21,credit_card,False,True,18,5,UK,restaurant,0,578,2,35.91,2,2,1,0
user_1520,41.33,debit_card,False,False,6,4,CA,groceries,0,982,1,0.41,3,1,1,0
user_2381,386.61,credit_card,True,False,14,1,CA,groceries,0,1043,3,3.87,1,3,1,0
user_1975,61.54,ach,False,True,10,3,CA,gas,0,3201,3,1.23,1,3,1,0
user_7363,374.88,credit_card,False,False,11,5,CA,groceries,0,998,3,3.75,1,3,1,0
user_1618,1810.18,ach,False,False,8,3,UK,utilities,0,87,1,22.63,3,1,5,0
user_3621,80.64,debit_card,True,False,7,3,AU,retail,0,172,1,0.54,3,1,5,0
user_8973,103.64,debit_card,False,False,11,2,UK,restaurant,0,921,3,2.59,1,3,1,0
user_7224,144.96,debit_card,False,False,15,2,UK,utilities,0,1793,2,1.81,1,2,1,0
user_9727,71.47,credit_card,False,False,7,6,AU,retail,0,2281,2,0.48,3,2,1,0
user_6136,236.16,credit_card,False,False,19,3,UK,retail,0,2939,1,1.57,2,1,1,0
user_8871,189.07,ach,False,True,21,4,AU,gas,0,635,3,3.78,2,3,1,0
user_9574,96.42,credit_card,False,False,15,6,UK,utilities,0,1951,3,1.21,1,3,1,0
user_2200,43.64,ach,True,False,10,6,UK,groceries,0,2315,3,0.44,1,3,1,0
user_7631,97.15,debit_card,True,True,6,1,CA,gas,0,1437,2,1.94,3,2,1,0
user_9210,1237.37,debit_card,False,False,7,1,AU,retail,0,1520,2,8.25,3,2,1,0
user_9759,806.5,ach,False,False,20,0,UK,groceries,0,2107,3,8.06,2,3,1,0
user_3218,729.77,credit_card,False,True,13,3,AU,groceries,0,1867,2,7.3,1,2,1,0
user_7296,733.66,ach,False,False,19,3,UK,groceries,0,2944,2,7.34,2,2,1,0
user_8611,75.38,ach,False,False,22,5,CA,restaurant,0,3504,2,1.88,2,2,1,0
user_5288,151.99,debit_card,False,True,20,1,AU,retail,0,908,3,1.01,2,3,1,0
user_9625,244.42,debit_card,False,True,16,5,UK,retail,0,3286,1,1.63,1,1,1,0
user_3893,507.52,ach,False,False,12,6,CA,retail,0,3509,3,3.38,1,3,1,0
user_2539,1701.65,ach,False,True,18,6,CA,gas,0,1966,1,34.03,2,1,1,0
user_5728,594.64,debit_card,False,False,9,1,AU,restaurant,0,2850,1,14.87,3,1,1,0
user_4629,772.25,credit_card,False,True,6,4,UK,utilities,0,1906,3,9.65,3,3,1,0
user_9008,46.93,debit_card,False,False,18,4,AU,gas,0,3342,3,0.94,2,3,1,0
user_9821,57.77,credit_card,False,False,13,0,UK,groceries,0,1361,1,0.58,1,1,1,0
user_4255,245.85,debit_card,True,False,6,3,CA,gas,0,492,3,4.92,3,3,1,0
user_3473,815.39,ach,False,False,10,3,AU,utilities,0,1841,3,10.19,1,3,1,0
user_8178,74.32,debit_card,False,False,20,1,AU,retail,0,3221,1,0.5,2,1,1,0
user_8863,395.26,credit_card,False,False,12,4,UK,restaurant,0,3203,1,9.88,1,1,1,0
user_1945,1994.88,credit_card,False,False,17,2,UK,groceries,0,2992,1,19.95,1,1,1,0
user_6615,898.41,credit_card,False,True,15,5,CA,utilities,0,705,3,11.23,1,3,1,0
user_1660,88.63,ach,False,False,17,3,CA,groceries,0,403,2,0.89,1,2,1,0
user_1089,39.01,credit_card,False,False,20,0,US,restaurant,0,2158,3,0.98,2,3,1,0
user_6770,69.89,ach,False,False,11,1,AU,restaurant,0,783,2,1.75,1,2,1,0
user_8933,182.43,debit_card,False,True,20,2,UK,gas,0,441,1,3.65,2,1,1,0
user_2101,124.64,debit_card,False,True,18,4,UK,utilities,0,1513,3,1.56,2,3,1,0
user_8432,243.52,credit_card,False,False,11,6,UK,gas,0,1306,2,4.87,1,2,1,0
user_7232,365.52,debit_card,False,False,8,3,UK,utilities,0,1253,3,4.57,3,3,1,0
user_8871,178.31,debit_card,False,False,21,1,AU,groceries,0,635,2,1.78,2,2,1,0
user_2166,453.97,debit_card,False,True,7,4,US,retail,0,3583,3,3.03,3,3,1,0
user_9105,273.78,debit_card,False,True,14,0,UK,utilities,0,1413,3,3.42,1,3,1,0
user_3639,100.28,debit_card,False,False,22,5,US,gas,0,2374,3,2.01,2,3,1,0
user_8765,67.47,debit_card,False,False,22,4,CA,groceries,0,588,1,0.67,2,1,1,0
user_9165,114.23,debit_card,False,False,18,1,UK,restaurant,0,1731,1,2.86,2,1,1,0
user_5310,189.69,debit_card,False,False,16,4,US,gas,0,2524,1,3.79,1,1,1,0
user_6269,596.99,ach,False,False,16,3,CA,groceries,0,136,1,5.97,1,1,5,0
user_8429,604.19,ach,True,True,18,6,US,retail,0,971,3,4.03,2,3,1,0
user_3093,1037.08,ach,False,False,11,5,AU,groceries,0,2112,1,10.37,1,1,1,0
user_4986,311.84,credit_card,False,True,19,3,UK,restaurant,0,1968,1,7.8,2,1,1,0
user_7565,265.69,ach,False,False,7,2,US,gas,0,651,2,5.31,3,2,1,0
user_3093,1921.98,debit_card,False,False,7,1,AU,utilities,0,2112,2,24.02,3,2,1,0
user_7643,434.01,debit_card,False,False,18,4,UK,utilities,0,385,1,5.43,2,1,1,0
user_1742,603.09,debit_card,False,True,17,5,US,retail,0,2246,1,4.02,1,1,1,0
user_8109,2483.96,wire_transfer,True,True,3,2,ID,jewelry,7,2193,18,2.48,10,18,1,1
user_6136,243.31,debit_card,False,True,19,4,UK,groceries,0,2939,2,2.43,2,2,1,0
user_2373,9577.09,wire_transfer,True,True,21,1,AU,wire_transfer,3,1085,18,19.15,2,18,1,1
user_6828,875.4,credit_card,False,False,19,1,US,retail,0,2803,1,5.84,2,1,1,0
user_3525,481.51,debit_card,False,False,14,1,US,groceries,0,1869,1,4.82,1,1,1,0
user_3395,892.72,ach,False,False,17,6,US,restaurant,0,926,3,22.32,1,3,1,0
user_4629,1910.28,credit_card,False,False,8,5,UK,utilities,0,1906,1,23.88,3,1,1,0
user_1752,90.23,debit_card,False,False,18,6,AU,restaurant,0,96,2,2.26,2,2,5,0
user_8286,3825.61,wire_transfer,True,True,2,1,BR,electronics,4,572,19,7.65,10,19,1,1
user_5835,71.85,debit_card,False,True,18,5,US,retail,0,1499,2,0.48,2,2,1,0
user_3389,401.0,debit_card,False,False,11,6,CA,restaurant,0,847,1,10.03,1,1,1,0
user_7843,280.71,debit_card,False,False,8,4,AU,utilities,0,115,3,3.51,3,3,5,0
user_3712,646.02,ach,True,False,6,2,AU,groceries,0,1522,3,6.46,3,3,1,0
user_5315,1726.64,credit_card,False,False,11,5,US,gas,0,3595,2,34.53,1,2,1,0
user_5497,30.87,ach,False,True,18,0,US,groceries,0,2513,1,0.31,2,1,1,0
user_4443,751.24,debit_card,False,False,18,0,UK,utilities,0,1934,3,9.39,2,3,1,0
user_9051,9604.39,cryptocurrency,True,True,7,6,US,wire_transfer,3,1508,17,19.21,3,17,1,1
user_2218,375.3,ach,False,False,20,6,US,utilities,0,764,1,4.69,2,1,1,0
user_1251,56.4,ach,False,False,15,3,CA,retail,0,336,2,0.38,1,2,1,0
user_1258,117.62,credit_card,False,False,13,3,US,restaurant,0,549,1,2.94,1,1,1,0
user_9148,51.57,ach,False,True,9,1,AU,gas,0,2100,1,1.03,3,1,1,0
user_2938,132.75,credit_card,False,False,14,1,UK,groceries,0,2980,1,1.33,1,1,1,0
user_5350,1649.71,debit_card,False,True,18,2,CA,restaurant,0,2984,3,41.24,2,3,1,0
user_8834,196.15,ach,False,True,13,5,UK,gas,0,1733,1,3.92,1,1,1,0
user_9078,711.01,ach,False,True,12,1,AU,retail,0,445,3,4.74,1,3,1,0
user_3525,1754.2,debit_card,False,False,16,2,UK,restaurant,0,1708,1,43.86,1,1,1,0
user_5739,148.9,debit_card,False,False,20,0,UK,restaurant,0,2395,2,3.72,2,2,1,0
user_5634,280.39,debit_card,False,True,16,5,UK,retail,0,2810,2,1.87,1,2,1,0
user_9303,904.46,credit_card,False,True,6,6,US,gas,0,741,2,18.09,3,2,1,0
user_6425,56.06,credit_card,False,True,9,1,UK,retail,0,761,1,0.37,3,1,1,0
user_2218,362.41,debit_card,False,True,19,2,US,restaurant,0,764,1,9.06,2,1,1,0
user_2394,307.08,debit_card,False,False,8,6,UK,groceries,0,897,1,3.07,3,1,1,0
user_9221,357.07,debit_card,False,False,19,4,CA,gas,0,3151,3,7.14,2,3,1,0
user_4706,322.87,debit_card,False,False,22,4,US,utilities,0,649,2,4.04,2,2,1,0
user_5951,252.16,debit_card,False,False,6,3,CA,restaurant,0,215,2,6.3,3,2,1,0
user_9303,296.03,debit_card,False,False,9,5,US,retail,0,741,3,1.97,3,3,1,0
user_7859,65.95,credit_card,False,False,8,6,CA,retail,0,3605,1,0.44,3,1,1,0
user_5583,776.38,ach,False,False,6,6,AU,groceries,0,846,3,7.76,3,3,1,0
user_2827,104.19,debit_card,False,False,15,6,CA,retail,0,1888,1,0.69,1,1,1,0
user_5799,1836.52,debit_card,False,False,8,2,US,utilities,0,2275,1,22.96,3,1,1,0
user_1173,196.48,ach,False,True,21,4,CA,utilities,0,3131,2,2.46,2,2,1,0
user_3539,576.36,credit_card,False,False,14,3,UK,restaurant,0,2248,1,14.41,1,1,1,0
user_2185,1704.0,ach,False,False,13,4,UK,retail,0,509,3,11.36,1,3,1,0
user_4505,33.81,ach,False,False,14,0,AU,restaurant,0,1385,3,0.85,1,3,1,0
user_9204,332.92,debit_card,False,False,8,2,US,groceries,0,1820,3,3.33,3,3,1,0
user_4666,177.75,debit_card,False,True,21,6,UK,groceries,0,2949,1,1.78,2,1,1,0
user_2562,152.76,debit_card,False,True,6,6,AU,groceries,0,1355,3,1.53,3,3,1,0
user_1860,70.94,debit_card,False,False,14,1,UK,utilities,0,2968,1,0.89,1,1,1,0
user_2983,1610.77,ach,True,False,9,5,UK,restaurant,0,2212,2,40.27,3,2,1,0
user_9962,34.44,debit_card,False,True,15,1,AU,utilities,0,2915,1,0.43,1,1,1,0
user_4893,110.61,debit_card,False,False,9,5,US,restaurant,0,1006,3,2.77,3,3,1,0
user_2753,40.09,ach,False,True,22,5,CA,retail,0,1017,2,0.27,2,2,1,0
user_7224,333.11,credit_card,False,False,14,2,UK,restaurant,0,1793,3,8.33,1,3,1,0
user_3381,315.01,debit_card,True,False,20,1,AU,utilities,0,391,1,3.94,2,1,1,0
user_7315,50.65,debit_card,False,False,7,1,US,gas,0,858,3,1.01,3,3,1,0
user_6599,510.5,ach,True,False,18,4,CA,groceries,0,389,1,5.11,2,1,1,0
user_6658,284.05,ach,False,True,8,3,UK,restaurant,0,2139,1,7.1,3,1,1,0
user_9830,986.05,debit_card,False,False,11,0,AU,retail,0,3166,2,6.57,1,2,1,0
user_2108,859.86,debit_card,True,False,20,2,US,utilities,0,1629,2,10.75,2,2,1,0
user_1424,122.02,debit_card,False,False,13,4,AU,groceries,0,2330,1,1.22,1,1,1,0
user_3275,102.74,debit_card,False,True,16,4,US,retail,0,1508,2,0.68,1,2,1,0
user_4707,293.65,debit_card,False,False,16,4,CA,restaurant,0,450,2,7.34,1,2,1,0
user_4817,1370.84,debit_card,False,False,17,4,US,utilities,0,1402,2,17.14,1,2,1,0
user_5573,203.46,credit_card,False,False,22,2,AU,restaurant,0,2813,2,5.09,2,2,1,0
user_4986,274.78,credit_card,False,False,18,2,UK,groceries,0,1968,1,2.75,2,1,1,0
user_8822,179.18,credit_card,False,True,14,2,UK,restaurant,0,1199,1,4.48,1,1,1,0
user_9962,90.61,debit_card,False,False,14,0,AU,restaurant,0,2915,1,2.27,1,1,1,0
user_9759,449.42,debit_card,False,False,20,3,UK,gas,0,2107,1,8.99,2,1,1,0
user_8277,9638.55,cryptocurrency,True,True,9,0,AU,wire_transfer,1,988,13,19.28,3,13,1,1
user_9904,868.04,debit_card,False,False,17,3,CA,retail,0,1528,3,5.79,1,3,1,0
user_3129,1544.69,debit_card,False,False,13,5,CA,retail,0,480,3,10.3,1,3,1,0
user_8803,383.86,ach,False,False,8,0,AU,restaurant,0,3527,1,9.6,3,1,1,0
user_7304,356.95,credit_card,False,True,7,1,US,restaurant,0,845,3,8.92,3,3,1,0
user_6846,211.99,credit_card,False,False,17,5,AU,groceries,0,3597,2,2.12,1,2,1,0
user_6544,48.12,debit_card,False,True,9,4,UK,gas,0,2670,2,0.96,3,2,1,0
user_9221,896.67,credit_card,False,False,22,1,CA,retail,0,3151,3,5.98,2,3,1,0
user_1117,96.29,debit_card,False,False,19,6,US,restaurant,0,967,1,2.41,2,1,1,0
user_5334,1759.81,credit_card,False,False,21,3,CA,restaurant,0,1771,1,44.0,2,1,1,0
user_1975,93.78,ach,False,False,10,1,CA,utilities,0,3201,3,1.17,1,3,1,0
user_9691,768.46,credit_card,False,False,18,5,US,utilities,0,499,1,9.61,2,1,1,0
user_6188,349.23,debit_card,False,True,6,0,US,restaurant,0,51,2,8.73,3,2,5,0
user_5222,1864.25,credit_card,False,False,19,1,UK,retail,0,2873,3,12.43,2,3,1,0
user_2290,93.44,debit_card,False,False,18,1,AU,utilities,0,3372,3,1.17,2,3,1,0
user_2679,923.05,debit_card,False,False,22,6,CA,retail,0,3070,1,6.15,2,1,1,0
user_9710,340.19,ach,True,False,8,2,CA,restaurant,0,2185,1,8.5,3,1,1,0
user_2832,113.53,debit_card,False,False,14,6,CA,restaurant,0,267,3,2.84,1,3,1,0
user_8066,9593.84,cryptocurrency,True,True,20,1,AU,cryptocurrency,1,673,10,9.59,2,10,1,1
user_8028,144.02,ach,False,True,15,1,AU,restaurant,0,1465,3,3.6,1,3,1,0
user_8269,167.81,credit_card,False,False,19,2,UK,retail,0,148,2,1.12,2,2,5,0
user_8736,110.88,debit_card,False,False,12,5,CA,gas,0,1601,3,2.22,1,3,1,0
user_2169,9854.96,cryptocurrency,True,True,0,5,CA,cryptocurrency,3,2217,18,9.85,10,18,1,1
user_5162,9707.16,wire_transfer,True,True,10,0,AU,wire_transfer,2,1656,8,19.41,1,8,1,1
user_1251,157.9,debit_card,False,True,16,4,CA,retail,0,336,2,1.05,1,2,1,0
user_6600,160.93,ach,False,False,14,6,CA,groceries,0,3028,1,1.61,1,1,1,0
user_6617,350.94,ach,False,False,16,3,CA,groceries,0,595,1,3.51,1,1,1,0
user_3492,84.17,ach,False,False,21,0,US,retail,0,791,1,0.56,2,1,1,0
user_8025,352.02,credit_card,True,False,19,2,US,retail,0,2527,2,2.35,2,2,1,0
user_5913,730.42,ach,False,False,6,4,AU,groceries,0,1017,3,7.3,3,3,1,0
user_8207,61.92,debit_card,False,False,9,5,US,retail,0,2137,1,0.41,3,1,1,0
user_8973,130.03,credit_card,False,False,8,6,UK,groceries,0,921,3,1.3,3,3,1,0
user_1352,55.99,ach,False,False,8,5,UK,utilities,0,1396,3,0.7,3,3,1,0
user_7179,1939.43,credit_card,False,False,18,3,US,retail,0,3608,1,12.93,2,1,1,0
user_2832,59.34,credit_card,False,False,21,6,CA,groceries,0,2264,1,0.59,2,1,1,0
user_1514,206.3,credit_card,False,True,6,4,CA,gas,0,1170,1,4.13,3,1,1,0
user_3693,815.68,debit_card,False,False,13,5,UK,groceries,0,1695,1,8.16,1,1,1,0
user_8354,538.07,debit_card,False,False,22,3,UK,restaurant,0,3569,1,13.45,2,1,1,0
user_6345,107.39,ach,False,False,14,6,UK,utilities,0,986,3,1.34,1,3,1,0
user_4879,260.59,ach,True,False,14,5,UK,groceries,0,3310,2,2.61,1,2,1,0
user_4694,130.66,debit_card,False,False,19,5,UK,groceries,0,3494,1,1.31,2,1,1,0
user_8286,353.93,ach,False,False,13,6,US,utilities,0,572,1,4.42,1,1,1,0
user_1653,796.72,debit_card,False,True,21,4,UK,retail,0,2502,1,5.31,2,1,1,0
user_8611,73.47,debit_card,False,False,19,1,CA,groceries,0,3504,2,0.73,2,2,1,0
user_8846,160.24,debit_card,False,False,21,2,CA,restaurant,0,1654,2,4.01,2,2,1,0
user_7865,1802.97,credit_card,False,True,19,3,CA,groceries,0,2029,3,18.03,2,3,1,0
user_9709,64.8,debit_card,False,True,8,5,CA,gas,0,2080,1,1.3,3,1,1,0
user_8183,201.86,credit_card,False,False,20,6,US,groceries,0,3384,3,2.02,2,3,1,0
user_5006,90.84,debit_card,False,False,12,4,UK,retail,0,1598,1,0.61,1,1,1,0
user_7843,161.75,debit_card,False,False,6,2,AU,gas,0,115,2,3.23,3,2,5,0
user_9450,92.15,debit_card,False,False,15,0,US,utilities,0,3622,1,1.15,1,1,1,0
user_5336,165.39,credit_card,False,False,20,6,AU,retail,0,2561,2,1.1,2,2,1,0
user_9307,8202.08,debit_card,True,True,3,6,PH,jewelry,6,1872,24,8.2,10,20,1,1
user_9266,144.79,debit_card,False,False,6,6,CA,gas,0,2928,1,2.9,3,1,1,0
user_4706,363.76,credit_card,True,False,22,5,US,utilities,0,649,2,4.55,2,2,1,0
user_3451,187.66,debit_card,True,False,22,2,US,gas,0,462,3,3.75,2,3,1,0
user_1781,334.41,ach,False,False,7,5,CA,groceries,0,275,1,3.34,3,1,1,0
user_4337,285.62,debit_card,False,False,22,1,AU,groceries,0,762,3,2.86,2,3,1,0
user_5336,174.86,credit_card,True,False,18,3,AU,restaurant,0,2561,2,4.37,2,2,1,0
user_7563,7484.45,wire_transfer,True,True,3,0,NG,wire_transfer,5,2415,7,14.97,10,7,1,1
user_2514,827.97,credit_card,False,False,21,3,CA,groceries,0,241,3,8.28,2,3,1,0
user_6400,185.51,credit_card,False,False,21,6,US,groceries,0,1101,1,1.86,2,1,1,0
user_3250,69.67,ach,False,False,12,2,AU,restaurant,0,2362,1,1.74,1,1,1,0
user_6253,60.13,debit_card,False,False,14,6,CA,restaurant,0,2734,2,1.5,1,2,1,0
user_4658,1632.14,debit_card,False,False,22,3,UK,retail,0,578,2,10.88,2,2,1,0
user_2524,47.39,debit_card,True,True,6,1,AU,gas,0,2900,3,0.95,3,3,1,0
user_3869,586.27,debit_card,False,False,18,3,AU,retail,0,222,1,3.91,2,1,1,0
user_3395,674.42,debit_card,False,False,14,2,US,gas,0,926,1,13.49,1,1,1,0
user_7943,850.08,debit_card,False,False,14,4,AU,restaurant,0,1062,1,21.25,1,1,1,0
user_8489,61.59,credit_card,False,False,8,5,AU,retail,0,2474,1,0.41,3,1,1,0
user_5581,966.41,debit_card,False,False,10,3,CA,groceries,0,2388,2,9.66,1,2,1,0
user_5930,507.83,debit_card,False,False,19,1,US,gas,0,1274,2,10.16,2,2,1,0
user_4450,207.53,ach,False,False,7,1,UK,retail,0,2100,1,1.38,3,1,1,0
user_8933,234.28,debit_card,False,False,22,0,UK,utilities,0,441,2,2.93,2,2,1,0
user_1749,917.75,ach,False,False,11,5,CA,groceries,0,96,1,9.18,1,1,5,0
user_6864,731.25,debit_card,False,False,19,3,AU,utilities,0,3646,3,9.14,2,3,1,0
user_9261,562.31,ach,False,False,18,4,UK,gas,0,3410,1,11.25,2,1,1,0
user_5082,523.8,debit_card,False,False,9,3,AU,retail,0,3232,1,3.49,3,1,1,0
user_9450,36.63,ach,False,True,16,1,US,restaurant,0,3622,3,0.92,1,3,1,0
user_3399,160.11,credit_card,False,False,8,1,CA,groceries,0,2497,2,1.6,3,2,1,0
user_5498,39.22,debit_card,False,True,7,0,AU,gas,0,1518,1,0.78,3,1,1,0
user_1807,1741.02,ach,False,False,16,5,UK,retail,0,378,2,11.61,1,2,1,0
user_8916,308.89,debit_card,False,False,7,1,US,utilities,0,2209,1,3.86,3,1,1,0
user_3519,41.34,ach,False,False,12,5,UK,retail,0,185,2,0.28,1,2,1,0
user_6262,83.52,debit_card,False,False,10,1,UK,groceries,0,2737,1,0.84,1,1,1,0
user_5342,1974.1,debit_card,False,False,21,4,AU,utilities,0,897,3,24.68,2,3,1,0
user_8199,37976.79,wire_transfer,True,True,4,3,NG,wire_transfer,5,1520,7,75.95,10,7,1,1
user_3286,83.52,debit_card,False,True,21,1,US,restaurant,0,2448,1,2.09,2,1,1,0
user_8939,119.74,debit_card,False,False,15,4,AU,gas,0,347,1,2.39,1,1,1,0
user_7108,34.35,ach,False,False,19,5,US,retail,0,764,3,0.23,2,3,1,0
user_8149,612.37,debit_card,False,True,18,6,US,gas,0,1607,3,12.25,2,3,1,0
user_6400,317.62,debit_card,False,False,19,1,US,restaurant,0,1101,2,7.94,2,2,1,0
user_7484,198.35,credit_card,False,True,20,6,UK,groceries,0,937,3,1.98,2,3,1,0
user_8976,912.73,debit_card,False,False,18,0,US,gas,0,2085,1,18.25,2,1,1,0
user_4519,93.0,credit_card,False,False,15,6,US,restaurant,0,2394,2,2.33,1,2,1,0
user_2827,104.1,ach,False,False,16,3,CA,retail,0,1888,3,0.69,1,3,1,0
user_6916,391.37,credit_card,True,True,9,6,AU,utilities,0,3555,3,4.89,3,3,1,0
user_5349,73.6,ach,False,True,11,6,AU,groceries,0,1445,2,0.74,1,2,1,0
user_1434,1345.17,debit_card,False,False,11,5,AU,gas,0,932,3,26.9,1,3,1,0
user_1996,574.64,debit_card,False,False,17,4,AU,gas,0,2840,2,11.49,1,2,1,0
user_4463,462.18,debit_card,False,False,18,3,AU,groceries,0,3140,1,4.62,2,1,1,0
user_4263,899.77,ach,False,False,15,5,US,gas,0,1001,1,18.0,1,1,1,0
user_3230,182.16,debit_card,True,False,14,3,CA,utilities,0,1992,2,2.28,1,2,1,0
user_3346,267.0,debit_card,False,True,18,2,CA,utilities,0,3220,3,3.34,2,3,1,0
user_1434,1279.25,credit_card,True,False,11,4,AU,gas,0,932,1,25.59,1,1,1,0
user_7025,928.71,credit_card,True,False,18,3,CA,restaurant,0,3209,3,23.22,2,3,1,0
user_7408,853.85,debit_card,False,False,20,2,CA,retail,0,1442,1,5.69,2,1,1,0
user_9004,1498.21,debit_card,False,False,10,1,AU,utilities,0,2675,3,18.73,1,3,1,0
user_9798,899.65,ach,True,False,10,6,UK,restaurant,0,936,1,22.49,1,1,1,0
user_8489,37.23,debit_card,False,False,8,4,AU,utilities,0,2474,3,0.47,3,3,1,0
user_6416,72.39,ach,False,False,7,5,US,groceries,0,2781,1,0.72,3,1,1,0
user_4304,1932.97,debit_card,False,False,17,0,CA,utilities,0,167,3,24.16,1,3,5,0
user_4871,26.29,credit_card,False,False,21,3,US,gas,0,1936,3,0.53,2,3,1,0
user_4302,73.22,credit_card,False,False,9,3,US,groceries,0,1322,1,0.73,3,1,1,0
user_9032,9769.86,wire_transfer,True,True,23,3,US,cryptocurrency,2,1349,10,9.77,7,10,1,1
user_9444,595.64,debit_card,True,False,19,5,AU,gas,0,1067,2,11.91,2,2,1,0
user_7643,941.54,debit_card,False,False,22,5,UK,utilities,0,385,3,11.77,2,3,1,0
user_1833,774.09,ach,False,False,21,6,UK,gas,0,2039,1,15.48,2,1,1,0
user_7334,277.14,debit_card,False,False,7,0,AU,retail,0,2864,3,1.85,3,3,1,0
user_7363,199.06,credit_card,False,False,7,1,CA,gas,0,998,3,3.98,3,3,1,0
user_8933,172.04,credit_card,False,False,18,4,UK,gas,0,441,2,3.44,2,2,1,0
user_7865,923.52,ach,True,False,19,3,CA,utilities,0,2029,1,11.54,2,1,1,0
user_8035,326.24,ach,False,False,13,1,AU,utilities,0,1600,3,4.08,1,3,1,0
user_1962,814.61,credit_card,False,False,6,1,US,retail,0,3380,2,5.43,3,2,1,0
user_9534,72.57,debit_card,False,False,12,6,AU,retail,0,2645,3,0.48,1,3,1,0
user_7985,781.5,debit_card,False,False,8,0,AU,utilities,0,2609,3,9.77,3,3,1,0
user_6120,309.02,debit_card,True,True,16,3,CA,gas,0,2843,1,6.18,1,1,1,0
user_9163,564.67,debit_card,False,True,13,2,AU,retail,0,3630,3,3.76,1,3,1,0
user_4944,92.44,debit_card,False,False,22,4,UK,restaurant,0,229,2,2.31,2,2,1,0
user_1685,397.25,credit_card,False,False,12,4,US,groceries,0,1495,3,3.97,1,3,1,0
user_7296,479.38,credit_card,False,False,21,6,UK,retail,0,2944,1,3.2,2,1,1,0
user_7985,280.28,debit_card,False,False,10,5,AU,groceries,0,2609,1,2.8,1,1,1,0
user_2373,325.24,credit_card,False,True,22,5,AU,utilities,0,1085,1,4.07,2,1,1,0
user_3900,720.33,debit_card,False,False,20,2,AU,groceries,0,2614,2,7.2,2,2,1,0
user_8126,1125.01,debit_card,False,True,21,5,UK,retail,0,1452,2,7.5,2,2,1,0
user_2809,1069.95,debit_card,False,False,22,0,AU,utilities,0,640,1,13.37,2,1,1,0
user_6658,445.78,debit_card,False,False,8,6,UK,utilities,0,2139,2,5.57,3,2,1,0
user_1996,793.18,debit_card,True,False,14,6,AU,groceries,0,2840,1,7.93,1,1,1,0
user_9488,83.88,debit_card,True,False,15,4,CA,retail,0,693,2,0.56,1,2,1,0
user_7895,323.93,credit_card,False,False,21,5,CA,groceries,0,3154,2,3.24,2,2,1,0
user_3455,164.07,debit_card,False,True,14,1,AU,gas,0,506,1,3.28,1,1,1,0
user_8430,274.1,ach,False,False,13,2,US,restaurant,0,1310,3,6.85,1,3,1,0
user_5846,942.33,debit_card,True,True,0,4,BR,electronics,3,2741,25,1.88,10,20,1,1
user_1474,85.82,debit_card,False,False,17,0,UK,restaurant,0,1421,1,2.15,1,1,1,0
user_1212,249.77,debit_card,False,False,11,1,AU,retail,0,3429,2,1.67,1,2,1,0
user_2746,3025.23,wire_transfer,True,True,3,3,RO,wire_transfer,5,1100,8,6.05,10,8,1,1
user_9261,4644.63,wire_transfer,True,True,0,0,VN,electronics,3,3410,24,9.29,10,20,1,1
user_9571,197.83,debit_card,False,False,15,2,AU,gas,0,1239,3,3.96,1,3,1,0
user_8987,602.97,debit_card,False,False,7,3,AU,utilities,0,2543,2,7.54,3,2,1,0
user_9004,22609.94,wire_transfer,True,True,0,1,NG,wire_transfer,5,2675,9,45.22,10,9,1,1
user_8414,82.6,credit_card,False,False,8,1,CA,retail,0,38,2,0.55,3,2,5,0
user_4878,148.44,ach,False,False,6,2,AU,restaurant,0,131,2,3.71,3,2,5,0
user_7251,707.53,credit_card,False,True,12,6,UK,restaurant,0,2291,1,17.69,1,1,1,0
user_8035,9839.05,cryptocurrency,True,True,12,6,AU,wire_transfer,1,1600,16,19.68,1,16,1,1
user_8714,1493.22,debit_card,False,False,21,0,CA,gas,0,3150,1,29.86,2,1,1,0
user_5442,1556.16,ach,False,True,20,6,UK,retail,0,592,1,10.37,2,1,1,0
user_5097,529.61,ach,False,False,9,2,US,restaurant,0,3176,1,13.24,3,1,1,0
user_8412,365.38,debit_card,False,False,6,5,UK,utilities,0,213,3,4.57,3,3,1,0
user_6890,9694.27,wire_transfer,True,True,0,1,US,wire_transfer,2,477,18,19.39,10,18,1,1
user_2827,129.47,debit_card,False,True,12,2,CA,gas,0,1888,2,2.59,1,2,1,0
user_4366,66.43,debit_card,False,True,13,0,AU,restaurant,0,2740,1,1.66,1,1,1,0
user_5951,994.25,debit_card,False,False,8,6,CA,utilities,0,215,2,12.43,3,2,1,0
user_1797,146.6,ach,False,False,22,5,US,gas,0,1677,3,2.93,2,3,1,0
user_8786,887.31,debit_card,False,False,11,6,UK,gas,0,3187,2,17.75,1,2,1,0
user_8225,2154.15,debit_card,True,True,1,2,PH,jewelry,4,1721,23,2.15,10,20,1,1
user_2166,293.15,ach,False,False,9,5,US,groceries,0,3583,2,2.93,3,2,1,0
user_7334,134.84,debit_card,True,False,11,0,AU,groceries,0,2864,2,1.35,1,2,1,0
user_5082,735.34,credit_card,True,True,6,3,AU,groceries,0,3232,3,7.35,3,3,1,0
user_4089,337.33,debit_card,False,False,18,2,AU,retail,0,1646,2,2.25,2,2,1,0
user_9625,275.14,debit_card,False,False,12,6,UK,retail,0,3286,3,1.83,1,3,1,0
user_5835,107.67,debit_card,False,False,21,0,US,gas,0,1499,1,2.15,2,1,1,0
user_3589,327.17,debit_card,True,False,15,6,AU,restaurant,0,1932,1,8.18,1,1,1,0
user_6053,258.98,ach,True,False,14,1,AU,utilities,0,1938,3,3.24,1,3,1,0
user_3146,235.13,credit_card,True,False,14,2,AU,groceries,0,527,1,2.35,1,1,1,0
user_8301,115.85,credit_card,False,False,19,0,CA,gas,0,193,2,2.32,2,2,1,0
user_3525,1282.07,debit_card,False,False,13,4,UK,utilities,0,1708,2,16.03,1,2,1,0
user_1136,1727.19,wire_transfer,True,True,2,4,NG,wire_transfer,4,2745,5,3.45,10,5,1,1
user_1173,89.0,debit_card,False,False,20,1,CA,utilities,0,3131,1,1.11,2,1,1,0
user_7022,342.24,debit_card,False,True,6,1,AU,utilities,0,3198,2,4.28,3,2,1,0
user_9814,183.4,credit_card,False,False,10,5,UK,retail,0,2277,2,1.22,1,2,1,0
user_3425,126.18,debit_card,False,True,17,3,US,gas,0,1979,1,2.52,1,1,1,0
user_9534,52.36,ach,False,False,14,0,AU,restaurant,0,2645,2,1.31,1,2,1,0
user_3947,1855.5,debit_card,False,False,10,1,AU,retail,0,2931,3,12.37,1,3,1,0
user_6544,67.94,debit_card,False,False,11,2,UK,utilities,0,2670,2,0.85,1,2,1,0
user_1852,176.07,debit_card,False,False,16,5,US,restaurant,0,3324,1,4.4,1,1,1,0
user_5978,1661.21,wire_transfer,True,True,1,4,CN,wire_transfer,2,2315,13,3.32,10,13,1,1
user_4584,66.27,debit_card,False,False,18,4,AU,gas,0,32,2,1.33,2,2,5,0
user_2404,335.32,credit_card,False,True,20,6,AU,utilities,0,3128,1,4.19,2,1,1,0
user_6315,737.36,credit_card,False,False,10,6,UK,retail,0,1724,1,4.92,1,1,1,0
user_7437,149.02,debit_card,False,True,15,1,CA,gas,0,2965,2,2.98,1,2,1,0
user_7824,1081.14,debit_card,False,False,19,5,CA,retail,0,1620,2,7.21,2,2,1,0
user_9531,1188.67,ach,False,True,21,4,CA,gas,0,1739,1,23.77,2,1,1,0
user_5006,61.0,ach,False,False,13,2,UK,groceries,0,1598,2,0.61,1,2,1,0
user_8834,68.38,debit_card,False,False,12,3,UK,groceries,0,1733,2,0.68,1,2,1,0
user_5911,621.78,credit_card,False,False,6,5,UK,utilities,0,1060,2,7.77,3,2,1,0
user_5839,126.69,debit_card,True,False,18,3,US,retail,0,366,1,0.84,2,1,1,0
user_1842,248.02,ach,False,False,19,1,UK,retail,0,1470,3,1.65,2,3,1,0
user_1417,535.31,debit_card,False,True,16,6,UK,gas,0,1744,3,10.71,1,3,1,0
user_6846,163.66,debit_card,True,False,19,4,CA,restaurant,0,1579,1,4.09,2,1,1,0
user_2169,44.66,credit_card,False,False,10,5,UK,restaurant,0,2467,2,1.12,1,2,1,0
user_1919,85.79,debit_card,False,True,20,4,CA,gas,0,368,2,1.72,2,2,1,0
user_8863,955.23,ach,False,False,12,4,UK,gas,0,3203,2,19.1,1,2,1,0
user_2889,111.98,credit_card,False,False,22,1,US,restaurant,0,210,2,2.8,2,2,1,0
user_9837,86.73,debit_card,False,True,17,0,CA,gas,0,2692,3,1.73,1,3,1,0
user_9154,55.97,credit_card,False,False,19,0,CA,utilities,0,3216,2,0.7,2,2,1,0
user_4185,518.61,ach,False,False,14,1,AU,utilities,0,1029,1,6.48,1,1,1,0
user_1396,279.85,debit_card,False,True,6,0,UK,gas,0,2554,2,5.6,3,2,1,0
user_4189,292.68,debit_card,False,False,19,4,UK,gas,0,331,2,5.85,2,2,1,0
user_8973,188.31,credit_card,True,False,7,6,UK,restaurant,0,921,1,4.71,3,1,1,0
user_2796,168.45,debit_card,False,False,21,2,CA,restaurant,0,3274,3,4.21,2,3,1,0
user_8483,222.06,ach,False,True,15,6,AU,restaurant,0,235,1,5.55,1,1,1,0
user_8859,1768.81,credit_card,True,True,12,5,UK,gas,0,2346,1,35.38,1,1,1,0
user_3161,316.13,ach,False,False,10,5,UK,retail,0,412,1,2.11,1,1,1,0
user_7178,1160.07,debit_card,False,False,13,0,CA,utilities,0,3132,3,14.5,1,3,1,0
user_7557,334.79,credit_card,False,True,13,5,AU,gas,0,2855,1,6.7,1,1,1,0
user_9837,1091.93,debit_card,True,False,7,6,UK,retail,0,2031,1,7.28,3,1,1,0
user_7858,1085.91,credit_card,False,False,19,1,AU,utilities,0,2375,1,13.57,2,1,1,0
user_5819,526.29,debit_card,False,True,9,1,US,groceries,0,795,2,5.26,3,2,1,0
user_7841,158.16,debit_card,False,False,10,6,CA,groceries,0,1381,1,1.58,1,1,1,0
user_4519,126.01,credit_card,False,False,13,6,US,gas,0,2394,2,2.52,1,2,1,0
user_7615,27.59,debit_card,False,False,22,6,CA,restaurant,0,2401,1,0.69,2,1,1,0
user_9148,43.47,debit_card,False,True,7,0,AU,retail,0,2100,3,0.29,3,3,1,0
user_4705,252.85,debit_card,False,False,21,1,US,utilities,0,2524,3,3.16,2,3,1,0
user_7889,396.9,debit_card,False,False,16,1,UK,gas,0,2428,2,7.94,1,2,1,0
user_2293,454.52,ach,True,False,21,2,CA,retail,0,2264,3,3.03,2,3,1,0
user_6600,154.73,credit_card,True,False,17,5,CA,restaurant,0,3028,2,3.87,1,2,1,0
user_9123,58.78,debit_card,False,False,9,3,AU,groceries,0,1343,1,0.59,3,1,1,0
user_7071,71.95,debit_card,False,False,22,4,UK,retail,0,81,3,0.48,2,3,5,0
user_5634,485.81,debit_card,False,True,14,2,UK,retail,0,2810,3,3.24,1,3,1,0
user_1891,633.97,ach,False,False,16,1,US,gas,0,1220,2,12.68,1,2,1,0
user_9996,94.72,credit_card,False,False,11,5,UK,retail,0,2112,1,0.63,1,1,1,0
user_6113,164.78,ach,False,False,6,2,US,groceries,0,3080,3,1.65,3,3,1,0
user_3338,774.33,ach,False,False,9,4,UK,utilities,0,716,3,9.68,3,3,1,0
user_9165,195.71,ach,True,False,21,5,UK,retail,0,1731,2,1.3,2,2,1,0
user_4389,791.16,debit_card,False,True,15,6,UK,restaurant,0,3410,3,19.78,1,3,1,0
user_1852,69.52,debit_card,False,True,12,1,US,retail,0,3324,3,0.46,1,3,1,0
user_1352,42.04,ach,False,False,6,2,UK,utilities,0,1396,1,0.53,3,1,1,0
user_5329,151.53,credit_card,False,False,8,3,UK,gas,0,53,2,3.03,3,2,5,0
user_1807,1880.06,ach,False,True,13,5,UK,retail,0,378,1,12.53,1,1,1,0
user_4212,9658.44,cryptocurrency,True,True,22,5,CA,cryptocurrency,1,1022,12,9.66,2,12,1,1
user_9153,1849.95,ach,False,True,11,4,CA,groceries,0,1918,2,18.5,1,2,1,0
user_8286,121.96,credit_card,False,False,13,3,US,groceries,0,572,3,1.22,1,3,1,0
user_2387,1892.24,debit_card,False,False,11,2,CA,restaurant,0,2837,2,47.31,1,2,1,0
user_5476,79.59,debit_card,False,False,15,3,AU,restaurant,0,1668,3,1.99,1,3,1,0
user_1133,66.62,debit_card,False,False,16,6,CA,gas,0,3644,2,1.33,1,2,1,0
user_7126,156.33,credit_card,False,False,15,2,US,restaurant,0,1565,1,3.91,1,1,1,0
user_4114,315.68,credit_card,False,False,10,1,AU,utilities,0,36,2,3.95,1,2,5,0
user_8722,1348.69,ach,False,False,15,0,UK,utilities,0,783,3,16.86,1,3,1,0
user_8354,1755.05,ach,False,True,18,4,UK,retail,0,3569,3,11.7,2,3,1,0
user_9798,482.03,debit_card,False,False,11,2,UK,utilities,0,936,3,6.03,1,3,1,0
user_5720,147.94,ach,False,False,19,0,AU,utilities,0,321,3,1.85,2,3,1,0
user_2638,35.05,debit_card,False,True,22,1,CA,gas,0,2102,1,0.7,2,1,1,0
user_3616,327.16,ach,False,False,18,1,UK,groceries,0,2857,1,3.27,2,1,1,0
user_8750,82.74,ach,False,False,8,0,UK,restaurant,0,1680,1,2.07,3,1,1,0
user_2262,856.97,debit_card,False,False,12,4,UK,retail,0,257,1,5.71,1,1,1,0
user_3591,1149.8,debit_card,False,True,20,0,AU,restaurant,0,1473,1,28.74,2,1,1,0
user_5658,880.5,ach,True,False,16,1,AU,retail,0,1425,1,5.87,1,1,1,0
user_6931,1399.55,credit_card,False,True,18,0,US,retail,0,1881,2,9.33,2,2,1,0
user_6881,573.9,debit_card,False,False,13,5,UK,restaurant,0,119,3,14.35,1,3,5,0
user_9210,1055.84,debit_card,True,False,6,3,AU,retail,0,1520,1,7.04,3,1,1,0
user_7939,846.2,debit_card,False,False,14,1,UK,groceries,0,2817,1,8.46,1,1,1,0
user_6980,97.22,debit_card,False,True,21,6,CA,utilities,0,2455,2,1.22,2,2,1,0
user_1613,52.69,debit_card,False,False,16,0,US,gas,0,1402,1,1.05,1,1,1,0
user_7086,50.1,ach,False,False,19,1,CA,gas,0,1961,2,1.0,2,2,1,0
user_1136,25.02,ach,False,False,13,1,UK,groceries,0,2745,2,0.25,1,2,1,0
user_1133,29.37,ach,False,False,17,4,CA,retail,0,3644,3,0.2,1,3,1,0
user_2404,314.18,ach,False,False,18,2,AU,gas,0,3128,1,6.28,2,1,1,0
user_8871,57.4,debit_card,False,False,22,3,AU,retail,0,635,1,0.38,2,1,1,0
user_5210,650.02,credit_card,True,True,13,0,UK,utilities,0,3324,3,8.13,1,3,1,0
user_3931,1174.7,credit_card,False,False,20,1,AU,groceries,0,3086,1,11.75,2,1,1,0
user_3135,1309.01,debit_card,True,True,19,0,US,groceries,0,3203,3,13.09,2,3,1,0
user_2108,1890.83,debit_card,True,False,20,2,US,retail,0,1629,3,12.61,2,3,1,0
user_2245,1942.71,ach,True,True,7,1,AU,groceries,0,1315,2,19.43,3,2,1,0
user_8141,528.74,debit_card,False,False,8,6,AU,restaurant,0,1455,1,13.22,3,1,1,0
user_5625,264.79,debit_card,False,False,14,4,US,retail,0,2295,2,1.77,1,2,1,0
user_7461,96.66,debit_card,True,True,22,6,US,gas,0,1811,1,1.93,2,1,1,0
user_5839,77.16,ach,True,False,20,5,US,restaurant,0,366,1,1.93,2,1,1,0
user_8752,1204.57,debit_card,False,True,6,5,US,groceries,0,3187,2,12.05,3,2,1,0
user_6455,339.01,debit_card,False,False,6,4,CA,retail,0,808,3,2.26,3,3,1,0
user_2753,39.76,ach,False,False,20,3,CA,groceries,0,1017,2,0.4,2,2,1,0
user_6455,260.74,debit_card,False,True,9,2,CA,restaurant,0,808,3,6.52,3,3,1,0
user_8723,685.16,ach,False,False,6,5,CA,restaurant,0,3431,2,17.13,3,2,1,0
user_1434,1289.97,debit_card,True,True,8,0,AU,groceries,0,932,1,12.9,3,1,1,0
user_4084,288.74,debit_card,False,True,19,5,AU,restaurant,0,2083,3,7.22,2,3,1,0
user_6136,294.04,debit_card,False,False,19,3,UK,restaurant,0,2939,2,7.35,2,2,1,0
user_9209,516.8,ach,False,False,12,2,AU,utilities,0,367,2,6.46,1,2,1,0
user_7126,57.49,debit_card,False,False,20,2,CA,utilities,0,298,2,0.72,2,2,1,0
user_8207,127.6,ach,False,False,9,2,US,utilities,0,2137,3,1.59,3,3,1,0
user_3526,729.19,debit_card,False,True,18,5,CA,utilities,0,3059,1,9.11,2,1,1,0
user_4057,1124.83,ach,False,False,12,1,UK,retail,0,3029,3,7.5,1,3,1,0
user_9444,908.26,debit_card,False,False,20,6,AU,groceries,0,1067,2,9.08,2,2,1,0
user_5625,384.57,ach,False,False,16,1,US,utilities,0,2295,1,4.81,1,1,1,0
user_8406,168.95,debit_card,False,False,21,5,AU,utilities,0,389,2,2.11,2,2,1,0
user_8863,482.01,credit_card,False,False,14,4,UK,groceries,0,3203,2,4.82,1,2,1,0
user_6439,26.48,ach,False,False,12,2,US,groceries,0,2184,3,0.26,1,3,1,0
user_9163,796.63,credit_card,False,False,15,2,AU,gas,0,3630,1,15.93,1,1,1,0
user_8429,129.24,ach,True,False,22,5,AU,gas,0,1901,3,2.58,2,3,1,0
user_7939,388.91,ach,False,False,12,1,CA,groceries,0,1343,1,3.89,1,1,1,0
user_5082,831.5,ach,False,False,6,6,AU,groceries,0,3232,2,8.31,3,2,1,0
user_9700,120.5,debit_card,False,False,7,4,US,utilities,0,2596,3,1.51,3,3,1,0
user_3048,144.25,debit_card,False,False,22,0,UK,utilities,0,3076,3,1.8,2,3,1,0
user_7018,1347.41,debit_card,False,False,14,6,US,restaurant,0,3008,1,33.69,1,1,1,0
user_2130,453.59,debit_card,False,False,9,6,UK,gas,0,1704,1,9.07,3,1,1,0
user_7814,373.77,debit_card,False,True,21,4,US,retail,0,3403,3,2.49,2,3,1,0
user_6818,367.96,credit_card,False,False,19,6,UK,retail,0,2905,3,2.45,2,3,1,0
user_3381,537.87,debit_card,False,False,18,6,AU,retail,0,391,3,3.59,2,3,1,0
user_1651,1694.16,debit_card,True,False,7,6,AU,restaurant,0,2722,1,42.35,3,1,1,0
user_7643,393.73,ach,False,False,19,4,UK,utilities,0,385,3,4.92,2,3,1,0
user_1355,238.12,credit_card,False,False,21,2,CA,utilities,0,416,3,2.98,2,3,1,0
user_7878,305.16,debit_card,False,True,9,4,CA,retail,0,2944,2,2.03,3,2,1,0
user_1349,85.25,credit_card,False,False,17,6,CA,retail,0,545,1,0.57,1,1,1,0
user_4619,1117.87,debit_card,False,True,9,6,AU,retail,0,606,3,7.45,3,3,1,0
user_8803,344.39,debit_card,True,False,8,4,AU,retail,0,3527,2,2.3,3,2,1,0
user_8354,986.11,debit_card,True,False,19,5,UK,restaurant,0,3569,1,24.65,2,1,1,0
user_6985,736.81,ach,False,False,19,4,US,restaurant,0,2146,1,18.42,2,1,1,0
user_3328,1823.03,debit_card,False,False,9,5,AU,gas,0,2250,3,36.46,3,3,1,0
user_8381,1233.34,debit_card,False,False,15,0,UK,gas,0,163,3,24.67,1,3,5,0
user_5315,1077.26,credit_card,False,False,9,6,US,restaurant,0,3595,2,26.93,3,2,1,0
user_1660,131.92,ach,False,False,15,6,CA,gas,0,403,3,2.64,1,3,1,0
user_2771,547.72,debit_card,False,True,7,2,AU,utilities,0,941,3,6.85,3,3,1,0
user_9504,1937.02,ach,False,False,18,0,US,retail,0,1802,2,12.91,2,2,1,0
user_1434,692.6,ach,False,True,9,0,AU,retail,0,932,3,4.62,3,3,1,0
user_7936,38.98,credit_card,False,False,22,4,AU,groceries,0,857,2,0.39,2,2,1,0
user_9830,610.63,debit_card,False,False,11,1,AU,restaurant,0,3166,1,15.27,1,1,1,0
user_5833,1221.5,debit_card,False,False,20,0,CA,retail,0,748,2,8.14,2,2,1,0
user_3317,143.17,debit_card,False,True,16,1,AU,restaurant,0,558,1,3.58,1,1,1,0
user_5558,725.05,debit_card,False,False,17,1,US,gas,0,1956,3,14.5,1,3,1,0
user_1502,89.77,ach,True,False,19,3,CA,restaurant,0,1570,2,2.24,2,2,1,0
user_1659,65.45,ach,False,False,8,1,CA,groceries,0,3467,3,0.65,3,3,1,0
user_5833,1210.84,credit_card,False,False,20,3,CA,gas,0,748,1,24.22,2,1,1,0
user_9849,316.01,debit_card,False,False,21,2,UK,gas,0,1248,3,6.32,2,3,1,0
user_1750,187.9,credit_card,False,False,12,0,CA,utilities,0,3396,1,2.35,1,1,1,0
user_4705,954.14,ach,False,False,19,6,AU,groceries,0,68,2,9.54,2,2,5,0
user_9163,981.43,debit_card,False,False,13,2,AU,groceries,0,3630,1,9.81,1,1,1,0
user_9787,95.0,debit_card,False,True,6,2,AU,retail,0,983,3,0.63,3,3,1,0
user_2946,93.29,debit_card,False,False,7,6,AU,retail,0,1558,2,0.62,3,2,1,0
user_1117,36.83,debit_card,False,False,22,1,US,restaurant,0,967,3,0.92,2,3,1,0
user_9808,1942.51,ach,False,True,6,4,UK,utilities,0,372,3,24.28,3,3,1,0
user_8846,61.79,ach,False,False,20,3,CA,utilities,0,1654,2,0.77,2,2,1,0
user_9864,68.22,ach,False,True,22,0,US,gas,0,991,1,1.36,2,1,1,0
user_8752,1376.2,ach,False,False,8,4,US,groceries,0,3187,2,13.76,3,2,1,0
user_6400,68.85,debit_card,False,False,12,2,UK,utilities,0,3608,2,0.86,1,2,1,0
user_7521,247.55,credit_card,False,False,19,3,UK,retail,0,1052,3,1.65,2,3,1,0
user_9856,313.94,debit_card,False,False,16,5,CA,utilities,0,3267,3,3.92,1,3,1,0
user_2943,73.94,credit_card,False,True,22,5,AU,utilities,0,2196,2,0.92,2,2,1,0
user_4648,89.04,debit_card,False,False,7,4,UK,retail,0,1926,1,0.59,3,1,1,0
user_1854,772.85,credit_card,False,False,16,3,US,gas,0,2943,2,15.46,1,2,1,0
user_2946,165.11,credit_card,False,False,8,6,AU,restaurant,0,1558,2,4.13,3,2,1,0
user_7144,70.67,debit_card,False,False,21,2,UK,restaurant,0,1704,3,1.77,2,3,1,0
user_2753,73.47,credit_card,False,False,19,1,CA,retail,0,1017,2,0.49,2,2,1,0
user_2260,262.7,ach,True,False,8,6,CA,utilities,0,2351,3,3.28,3,3,1,0
user_4796,82.76,debit_card,False,False,16,6,UK,groceries,0,988,3,0.83,1,3,1,0
user_6730,336.04,debit_card,False,True,9,3,UK,groceries,0,3097,2,3.36,3,2,1,0
user_6911,29.03,debit_card,False,False,17,0,US,restaurant,0,1236,3,0.73,1,3,1,0
user_3024,637.36,ach,False,False,12,5,UK,gas,0,2424,2,12.75,1,2,1,0
user_5558,360.06,debit_card,False,False,12,4,US,gas,0,1956,3,7.2,1,3,1,0
user_7363,9605.46,wire_transfer,True,True,0,1,CA,cryptocurrency,1,998,19,9.61,10,19,1,1
user_1126,279.97,debit_card,False,False,21,2,AU,groceries,0,749,1,2.8,2,1,1,0
user_4450,132.76,credit_card,False,True,17,5,US,groceries,0,421,3,1.33,1,3,1,0
user_9837,53.34,ach,False,False,14,2,CA,utilities,0,2692,1,0.67,1,1,1,0
user_3785,522.36,debit_card,False,False,10,1,UK,restaurant,0,429,1,13.06,1,1,1,0
user_7144,190.39,ach,False,False,18,2,UK,groceries,0,1704,2,1.9,2,2,1,0
user_9204,205.32,credit_card,False,False,9,2,US,utilities,0,1820,3,2.57,3,3,1,0
user_6120,122.1,debit_card,False,False,12,0,CA,utilities,0,2843,2,1.53,1,2,1,0
user_2938,110.89,credit_card,False,False,12,6,UK,restaurant,0,2980,2,2.77,1,2,1,0
user_9553,547.04,credit_card,False,False,16,3,US,restaurant,0,2887,2,13.68,1,2,1,0
user_8207,173.89,credit_card,False,False,7,0,US,gas,0,2137,1,3.48,3,1,1,0
user_6488,616.33,debit_card,False,False,17,1,US,retail,0,1107,3,4.11,1,3,1,0
user_8414,64.42,credit_card,False,False,7,4,CA,utilities,0,38,2,0.81,3,2,5,0
user_7445,170.37,debit_card,False,True,7,0,UK,retail,0,2832,1,1.14,3,1,1,0
user_8598,120.28,debit_card,False,True,11,4,UK,gas,0,1757,2,2.41,1,2,1,0
user_1082,1424.66,ach,False,False,20,5,AU,utilities,0,2230,1,17.81,2,1,1,0
user_2642,198.58,ach,False,False,19,5,AU,gas,0,3249,2,3.97,2,2,1,0
user_5107,68.44,ach,False,True,11,6,AU,restaurant,0,1385,1,1.71,1,1,1,0
user_5846,88.61,debit_card,False,False,20,5,US,utilities,0,2741,2,1.11,2,2,1,0
user_4387,1497.71,credit_card,False,False,14,4,AU,retail,0,1953,3,9.98,1,3,1,0
user_3170,381.71,ach,False,False,11,6,CA,retail,0,1543,1,2.54,1,1,1,0
user_5634,476.87,debit_card,False,True,12,4,UK,groceries,0,2810,2,4.77,1,2,1,0
user_3425,66.36,ach,False,False,15,3,US,retail,0,1979,2,0.44,1,2,1,0
user_4534,54.54,ach,False,False,10,0,AU,utilities,0,2105,3,0.68,1,3,1,0
user_8851,1369.32,credit_card,True,False,17,4,AU,groceries,0,2256,1,13.69,1,1,1,0
user_1472,144.37,ach,False,False,14,5,AU,gas,0,492,2,2.89,1,2,1,0
user_8277,1838.06,credit_card,False,True,16,4,AU,gas,0,988,3,36.76,1,3,1,0
user_6143,65.1,debit_card,False,False,21,2,UK,gas,0,2107,1,1.3,2,1,1,0
user_4288,96.94,credit_card,False,False,8,5,US,groceries,0,1899,1,0.97,3,1,1,0
user_4621,853.9,ach,False,False,14,2,UK,utilities,0,279,1,10.67,1,1,1,0
user_3611,88.3,credit_card,False,False,12,6,AU,restaurant,0,3316,3,2.21,1,3,1,0
user_2290,32.35,debit_card,False,False,19,4,AU,utilities,0,3372,1,0.4,2,1,1,0
user_1713,547.88,debit_card,False,False,15,4,UK,utilities,0,3091,1,6.85,1,1,1,0
user_2312,97.19,credit_card,False,False,8,2,US,retail,0,2795,3,0.65,3,3,1,0
user_5408,574.19,credit_card,False,False,18,5,US,utilities,0,3571,1,7.18,2,1,1,0
user_5573,236.79,ach,False,False,22,2,AU,utilities,0,2813,1,2.96,2,1,1,0
user_2013,3928.39,debit_card,True,True,1,4,BR,cash_withdrawal,3,2955,25,19.64,10,20,1,1
user_4882,123.93,ach,False,True,18,3,UK,utilities,0,3556,3,1.55,2,3,1,0
user_9369,74.91,credit_card,False,False,20,3,US,restaurant,0,1127,1,1.87,2,1,1,0
user_5833,248.61,debit_card,False,False,21,5,CA,retail,0,927,3,1.66,2,3,1,0
user_5558,112.44,credit_card,False,False,12,4,AU,utilities,0,1370,1,1.41,1,1,1,0
user_5625,260.76,credit_card,False,False,13,0,US,groceries,0,2295,3,2.61,1,3,1,0
user_9830,181.18,ach,False,False,18,1,AU,utilities,0,2420,1,2.26,2,1,1,0
user_3254,52.08,debit_card,False,False,12,2,AU,gas,0,2881,3,1.04,1,3,1,0
user_3862,83.77,debit_card,False,False,13,3,UK,gas,0,3313,2,1.68,1,2,1,0
user_4070,364.51,debit_card,False,False,15,3,AU,gas,0,453,2,7.29,1,2,1,0
user_8342,41.86,debit_card,False,False,11,0,UK,restaurant,0,937,3,1.05,1,3,1,0
user_2679,1159.72,credit_card,False,True,18,4,CA,gas,0,3070,2,23.19,2,2,1,0
user_9904,680.66,debit_card,False,False,13,2,CA,utilities,0,1528,1,8.51,1,1,1,0
user_7251,9737.85,cryptocurrency,True,True,21,6,UK,cryptocurrency,1,2291,12,9.74,2,12,1,1
user_6053,9676.32,cryptocurrency,True,True,7,4,AU,wire_transfer,3,1938,11,19.35,3,11,1,1
user_5201,706.11,ach,False,False,11,2,CA,restaurant,0,3421,2,17.65,1,2,1,0
user_3230,362.59,debit_card,False,False,14,5,CA,restaurant,0,1992,1,9.06,1,1,1,0
user_9221,774.52,credit_card,False,False,20,3,CA,groceries,0,3151,3,7.75,2,3,1,0
user_1136,35.88,ach,False,False,15,5,UK,gas,0,2745,1,0.72,1,1,1,0
user_9504,1960.94,credit_card,False,True,22,3,US,restaurant,0,1802,3,49.02,2,3,1,0
user_8354,1010.58,ach,False,False,18,5,UK,groceries,0,3569,3,10.11,2,3,1,0
user_4918,4371.19,wire_transfer,True,True,5,6,RU,wire_transfer,3,1536,6,8.74,10,6,1,1
user_3250,61.83,debit_card,False,False,16,1,AU,gas,0,2362,1,1.24,1,1,1,0
user_5458,1862.05,debit_card,False,False,17,5,CA,restaurant,0,1343,1,46.55,1,1,1,0
user_6460,103.81,ach,False,False,20,6,US,retail,0,3543,2,0.69,2,2,1,0
user_5310,148.02,ach,False,False,12,4,US,retail,0,2524,3,0.99,1,3,1,0
user_3340,9554.0,cryptocurrency,True,True,23,0,CA,cryptocurrency,2,3081,13,9.55,7,13,1,1
user_2260,143.68,debit_card,True,False,6,6,CA,gas,0,2351,2,2.87,3,2,1,0
user_5225,306.01,ach,False,False,18,5,US,restaurant,0,386,1,7.65,2,1,1,0
user_4006,9634.04,wire_transfer,True,True,11,4,CA,wire_transfer,3,3611,13,19.27,1,13,1,1
user_6383,954.44,debit_card,False,False,17,2,UK,restaurant,0,2597,3,23.86,1,3,1,0
user_7581,77.52,debit_card,False,False,14,1,UK,groceries,0,2858,1,0.78,1,1,1,0
user_8269,130.53,credit_card,False,True,22,1,UK,groceries,0,148,1,1.31,2,1,5,0
user_1202,639.38,debit_card,False,True,20,4,AU,groceries,0,490,3,6.39,2,3,1,0
user_6868,87.41,ach,False,False,16,6,US,retail,0,2017,1,0.58,1,1,1,0
user_4519,196.55,credit_card,False,False,15,4,US,utilities,0,2394,2,2.46,1,2,1,0
user_4588,80.51,credit_card,False,False,14,1,US,gas,0,3342,2,1.61,1,2,1,0
user_6364,517.68,debit_card,False,True,18,4,UK,utilities,0,807,2,6.47,2,2,1,0
user_9017,13057.85,wire_transfer,True,True,1,4,ID,electronics,4,164,16,26.12,10,16,5,1
user_6846,189.17,debit_card,False,True,18,5,CA,retail,0,1579,3,1.26,2,3,1,0
user_9173,699.13,debit_card,False,True,18,1,AU,groceries,0,279,3,6.99,2,3,1,0
user_6061,485.52,credit_card,False,True,11,0,UK,gas,0,3029,3,9.71,1,3,1,0
user_8909,61.61,ach,True,False,13,2,AU,groceries,0,381,2,0.62,1,2,1,0
user_5634,819.74,debit_card,False,True,16,2,UK,retail,0,2810,3,5.46,1,3,1,0
user_2391,42.66,debit_card,True,False,8,2,CA,utilities,0,3120,2,0.53,3,2,1,0
user_3419,237.95,ach,False,False,11,4,UK,groceries,0,2871,2,2.38,1,2,1,0
user_5254,133.69,credit_card,False,False,21,1,UK,retail,0,1001,1,0.89,2,1,1,0
user_7415,997.27,debit_card,False,False,11,0,CA,groceries,0,2497,3,9.97,1,3,1,0
user_9615,1844.91,debit_card,True,False,22,4,UK,utilities,0,231,3,23.06,2,3,1,0
user_9154,96.32,ach,False,True,18,4,CA,utilities,0,3216,3,1.2,2,3,1,0
user_7108,626.59,wire_transfer,True,True,1,4,NG,wire_transfer,2,764,11,1.25,10,11,1,1
user_2394,208.08,ach,False,False,8,2,UK,groceries,0,897,3,2.08,3,3,1,0
user_1017,139.27,debit_card,False,False,12,5,US,groceries,0,573,1,1.39,1,1,1,0
user_9849,292.2,ach,False,True,22,3,UK,groceries,0,1248,3,2.92,2,3,1,0
user_2655,263.94,debit_card,False,True,16,0,UK,utilities,0,588,3,3.3,1,3,1,0
user_8640,96.82,ach,False,True,7,4,CA,groceries,0,1351,3,0.97,3,3,1,0
user_1212,300.72,ach,False,True,11,4,AU,utilities,0,3429,1,3.76,1,1,1,0
user_9710,508.75,debit_card,False,False,10,1,CA,restaurant,0,2185,2,12.72,1,2,1,0
user_5088,99.84,debit_card,False,False,17,2,AU,groceries,0,2572,1,1.0,1,1,1,0
user_9710,601.65,debit_card,False,False,7,3,CA,groceries,0,2185,3,6.02,3,3,1,0
user_2809,80.64,debit_card,False,True,18,2,US,utilities,0,209,1,1.01,2,1,1,0
user_9864,35.14,credit_card,False,True,19,4,US,gas,0,991,3,0.7,2,3,1,0
user_9864,76.56,debit_card,False,True,19,3,US,utilities,0,991,1,0.96,2,1,1,0
user_9078,591.71,debit_card,False,False,17,3,AU,restaurant,0,445,2,14.79,1,2,1,0
user_1355,107.5,debit_card,False,False,19,0,CA,utilities,0,416,1,1.34,2,1,1,0
user_7939,380.66,ach,False,True,16,4,CA,groceries,0,1343,3,3.81,1,3,1,0
user_9954,197.86,debit_card,False,False,8,3,US,restaurant,0,1709,2,4.95,3,2,1,0
user_5350,1370.83,debit_card,False,False,21,0,CA,groceries,0,2984,2,13.71,2,2,1,0
user_6085,643.49,credit_card,False,False,13,1,US,gas,0,263,2,12.87,1,2,1,0
user_5510,1723.92,debit_card,False,False,21,6,CA,utilities,0,312,3,21.55,2,3,1,0
user_1941,102.93,debit_card,False,False,20,5,AU,groceries,0,1828,1,1.03,2,1,1,0
user_3223,600.22,debit_card,False,True,9,2,US,retail,0,1095,1,4.0,3,1,1,0
user_2077,274.76,ach,False,False,13,0,AU,groceries,0,2183,3,2.75,1,3,1,0
user_9269,86.61,ach,True,True,7,6,AU,restaurant,0,1216,3,2.17,3,3,1,0
user_7979,65.02,ach,False,False,6,5,US,gas,0,69,1,1.3,3,1,5,0
user_3223,329.81,ach,False,True,6,3,US,groceries,0,1095,2,3.3,3,2,1,0
user_1502,81.94,credit_card,False,False,21,2,CA,restaurant,0,1570,2,2.05,2,2,1,0
user_9263,696.31,debit_card,False,False,11,3,US,groceries,0,756,3,6.96,1,3,1,0
user_5067,304.08,debit_card,False,False,11,1,AU,groceries,0,2789,3,3.04,1,3,1,0
user_7179,1768.33,ach,False,False,20,3,US,restaurant,0,3608,2,44.21,2,2,1,0
user_9615,1833.96,debit_card,False,False,21,2,UK,restaurant,0,231,1,45.85,2,1,1,0
user_4522,809.14,debit_card,False,True,15,1,CA,gas,0,1724,3,16.18,1,3,1,0
user_9962,55.8,debit_card,False,False,17,4,AU,gas,0,2915,2,1.12,1,2,1,0
user_4443,840.73,debit_card,True,False,21,4,UK,groceries,0,1934,3,8.41,2,3,1,0
user_6120,132.8,debit_card,False,False,16,4,CA,utilities,0,2843,1,1.66,1,1,1,0
user_1601,254.29,debit_card,False,False,6,1,UK,groceries,0,1063,3,2.54,3,3,1,0
user_7209,122.21,ach,False,False,11,2,AU,restaurant,0,3515,2,3.06,1,2,1,0
user_1613,60.54,ach,False,True,15,2,US,groceries,0,1402,3,0.61,1,3,1,0
user_1100,59.78,credit_card,False,True,7,4,AU,gas,0,315,1,1.2,3,1,1,0
user_4212,9875.65,cryptocurrency,True,True,12,4,CA,wire_transfer,2,1967,15,19.75,1,15,1,1
user_5573,258.35,ach,True,False,19,6,AU,utilities,0,2813,1,3.23,2,1,1,0
user_5162,119.35,ach,False,False,17,6,AU,utilities,0,1656,2,1.49,1,2,1,0
user_4764,4671.1,wire_transfer,True,True,5,5,CN,wire_transfer,4,1140,8,9.34,10,8,1,1
user_6599,611.8,debit_card,False,False,18,1,CA,retail,0,389,3,4.08,2,3,1,0
user_9899,698.67,debit_card,False,False,16,1,UK,retail,0,3196,2,4.66,1,2,1,0
user_1173,185.45,debit_card,False,False,21,2,CA,restaurant,0,3131,1,4.64,2,1,1,0
user_6210,199.32,debit_card,False,False,19,2,US,groceries,0,2911,1,1.99,2,1,1,0
user_3430,78.32,ach,True,True,10,4,UK,utilities,0,2587,1,0.98,1,1,1,0
user_7948,623.8,ach,False,False,15,2,CA,groceries,0,1043,3,6.24,1,3,1,0
user_4648,60.52,credit_card,False,False,7,0,UK,gas,0,1926,3,1.21,3,3,1,0
user_8429,118.2,credit_card,False,False,19,3,AU,restaurant,0,1901,2,2.96,2,2,1,0
user_6432,405.07,debit_card,False,False,11,6,US,utilities,0,433,1,5.06,1,1,1,0
user_1076,182.24,ach,False,False,8,0,AU,gas,0,2103,1,3.64,3,1,1,0
user_5965,220.56,credit_card,False,False,13,1,AU,retail,0,3545,2,1.47,1,2,1,0
user_1807,409.95,ach,False,False,17,5,UK,retail,0,112,3,2.73,1,3,5,0
user_4751,430.41,debit_card,True,False,7,3,US,retail,0,452,2,2.87,3,2,1,0
user_6172,785.8,debit_card,False,False,17,3,US,gas,0,2900,1,15.72,1,1,1,0
user_5193,140.23,ach,False,False,6,6,AU,restaurant,0,485,1,3.51,3,1,1,0
user_9856,315.93,debit_card,True,False,17,3,CA,retail,0,3267,2,2.11,1,2,1,0
user_3267,121.15,ach,False,True,9,5,AU,groceries,0,2872,1,1.21,3,1,1,0
user_4580,1236.44,debit_card,False,False,14,4,CA,utilities,0,3086,1,15.46,1,1,1,0
user_8444,1259.2,debit_card,False,False,20,6,AU,gas,0,579,2,25.18,2,2,1,0
user_2169,1975.97,debit_card,False,True,21,1,CA,groceries,0,2217,2,19.76,2,2,1,0
user_2832,48.54,credit_card,False,False,18,6,CA,gas,0,2264,3,0.97,2,3,1,0
user_5835,65.21,ach,True,True,21,3,US,retail,0,1499,3,0.43,2,3,1,0
user_2767,77.84,ach,False,False,12,4,AU,restaurant,0,976,1,1.95,1,1,1,0
user_8723,505.85,ach,False,False,10,5,CA,groceries,0,3431,3,5.06,1,3,1,0
user_3135,772.08,credit_card,False,False,19,2,US,retail,0,3203,2,5.15,2,2,1,0
user_6168,802.92,ach,False,True,16,1,US,groceries,0,894,3,8.03,1,3,1,0
user_8921,418.0,credit_card,False,True,15,6,UK,groceries,0,1350,1,4.18,1,1,1,0
user_7745,1116.38,debit_card,False,False,19,1,AU,utilities,0,3552,2,13.95,2,2,1,0
user_5355,1187.68,credit_card,False,False,6,1,US,restaurant,0,3447,1,29.69,3,1,1,0
user_6447,150.04,credit_card,False,False,9,6,UK,retail,0,2266,2,1.0,3,2,1,0
user_5819,369.51,ach,False,False,6,1,US,retail,0,795,3,2.46,3,3,1,0
user_4006,393.4,credit_card,True,False,16,3,CA,gas,0,3611,2,7.87,1,2,1,0
user_7146,255.94,ach,False,False,11,5,US,gas,0,1680,2,5.12,1,2,1,0
user_1760,48.14,ach,False,False,20,3,UK,utilities,0,452,2,0.6,2,2,1,0
user_2037,1686.15,debit_card,False,True,17,3,CA,retail,0,1789,1,11.24,1,1,1,0
user_2169,42.47,ach,False,False,7,2,UK,restaurant,0,2467,3,1.06,3,3,1,0
user_8432,242.48,debit_card,False,False,10,3,UK,retail,0,1306,3,1.62,1,3,1,0
user_2617,53.49,ach,False,False,21,6,AU,utilities,0,2724,2,0.67,2,2,1,0
user_9153,1549.81,debit_card,False,True,9,6,CA,restaurant,0,1918,2,38.75,3,2,1,0
user_7484,317.37,ach,False,False,18,4,UK,retail,0,937,1,2.12,2,1,1,0
user_4882,116.39,debit_card,True,True,19,0,UK,gas,0,3556,3,2.33,2,3,1,0
user_2101,74.41,ach,False,False,18,4,UK,retail,0,1513,3,0.5,2,3,1,0
user_7909,78.6,ach,False,True,7,0,CA,groceries,0,2881,1,0.79,3,1,1,0
user_9317,1799.21,ach,False,False,9,1,CA,retail,0,1561,2,11.99,3,2,1,0
user_3218,497.17,credit_card,False,False,13,3,AU,retail,0,1867,1,3.31,1,1,1,0
user_8273,92.36,credit_card,False,True,21,2,CA,gas,0,2198,2,1.85,2,2,1,0
user_6759,657.02,ach,False,False,15,5,CA,restaurant,0,1044,1,16.43,1,1,1,0
user_7866,889.94,credit_card,False,False,18,0,CA,gas,0,1729,1,17.8,2,1,1,0
user_1750,192.32,debit_card,False,True,12,6,US,utilities,0,3533,3,2.4,1,3,1,0
user_3932,80.0,debit_card,False,False,18,0,AU,gas,0,949,2,1.6,2,2,1,0
user_7461,49.05,debit_card,False,False,19,4,US,gas,0,1811,2,0.98,2,2,1,0
user_8640,145.54,ach,False,False,11,4,CA,retail,0,1351,1,0.97,1,1,1,0
user_8715,606.37,debit_card,False,False,20,5,UK,utilities,0,403,3,7.58,2,3,1,0
user_1613,74.2,debit_card,False,True,15,4,US,groceries,0,1402,2,0.74,1,2,1,0
user_7290,1408.19,debit_card,False,False,20,0,AU,gas,0,1705,1,28.16,2,1,1,0
user_8439,54.73,debit_card,False,True,22,2,AU,restaurant,0,3035,3,1.37,2,3,1,0
user_1984,244.4,credit_card,False,False,6,3,UK,groceries,0,247,1,2.44,3,1,1,0
user_7669,105.15,credit_card,False,False,6,2,US,gas,0,2729,1,2.1,3,1,1,0
user_5678,939.13,credit_card,False,True,9,0,US,utilities,0,585,1,11.74,3,1,1,0
user_8722,862.96,credit_card,False,False,12,5,UK,gas,0,783,3,17.26,1,3,1,0
user_1396,120.04,ach,False,False,9,6,UK,gas,0,2554,2,2.4,3,2,1,0
user_5558,298.32,ach,False,False,17,6,AU,gas,0,1370,3,5.97,1,3,1,0
user_2899,541.65,debit_card,False,False,18,6,US,gas,0,2723,3,10.83,2,3,1,0
user_5310,112.51,ach,False,False,15,6,US,groceries,0,2524,2,1.13,1,2,1,0
user_8381,890.45,debit_card,False,True,16,2,UK,restaurant,0,163,1,22.26,1,1,5,0
user_9148,95.99,debit_card,False,False,7,3,AU,utilities,0,1718,3,1.2,3,3,1,0
user_9751,189.7,debit_card,False,False,12,3,US,groceries,0,253,1,1.9,1,1,1,0
user_1173,136.9,debit_card,False,False,22,5,CA,retail,0,3131,1,0.91,2,1,1,0
user_8886,188.18,debit_card,True,False,16,3,US,retail,0,704,2,1.25,1,2,1,0
user_4706,125.24,debit_card,False,False,18,3,US,groceries,0,649,3,1.25,2,3,1,0
user_5414,325.09,ach,False,False,21,4,US,restaurant,0,799,2,8.13,2,2,1,0
user_9394,99.78,debit_card,False,False,12,3,AU,utilities,0,484,1,1.25,1,1,1,0
user_9565,285.99,debit_card,False,False,17,4,CA,gas,0,2773,2,5.72,1,2,1,0
user_5329,137.55,ach,False,False,9,5,UK,retail,0,53,3,0.92,3,3,5,0
user_2938,76.41,credit_card,False,False,13,0,UK,groceries,0,2980,3,0.76,1,3,1,0
user_3496,113.15,debit_card,False,True,8,2,AU,utilities,0,2772,3,1.41,3,3,1,0
user_7521,215.76,ach,False,True,19,2,UK,retail,0,1052,2,1.44,2,2,1,0
user_1807,1881.92,ach,False,False,14,1,UK,utilities,0,378,1,23.52,1,1,1,0
user_6168,713.99,credit_card,False,True,12,2,US,restaurant,0,894,1,17.85,1,1,1,0
user_9374,150.12,credit_card,False,False,15,2,CA,restaurant,0,3102,2,3.75,1,2,1,0
user_3165,1748.6,credit_card,False,False,15,6,UK,gas,0,3431,1,34.97,1,1,1,0
user_8491,264.81,debit_card,False,True,7,3,US,gas,0,1907,1,5.3,3,1,1,0
user_5216,749.11,debit_card,False,False,20,1,AU,groceries,0,1917,3,7.49,2,3,1,0
user_6383,40998.56,wire_transfer,True,True,4,3,RU,wire_transfer,5,2597,8,82.0,10,8,1,1
user_1713,692.19,ach,False,False,15,0,UK,retail,0,3091,2,4.61,1,2,1,0
user_2166,951.1,credit_card,False,False,8,5,US,groceries,0,3583,1,9.51,3,1,1,0
user_3675,450.83,credit_card,False,False,17,6,CA,restaurant,0,1107,3,11.27,1,3,1,0
user_3430,88.17,credit_card,False,False,10,2,UK,retail,0,2587,1,0.59,1,1,1,0
user_7637,989.05,credit_card,False,False,7,0,US,utilities,0,2289,1,12.36,3,1,1,0
user_9827,179.38,credit_card,False,False,16,1,UK,restaurant,0,1215,2,4.48,1,2,1,0
user_2195,41.79,debit_card,False,True,21,4,US,gas,0,86,2,0.84,2,2,5,0
user_8207,82.31,ach,False,False,7,4,US,utilities,0,2137,1,1.03,3,1,1,0
user_5201,617.21,debit_card,False,False,11,6,CA,restaurant,0,3421,1,15.43,1,1,1,0
user_2388,116.82,ach,True,False,15,2,US,utilities,0,1007,1,1.46,1,1,1,0
user_6714,1812.93,debit_card,False,False,18,1,UK,utilities,0,1208,3,22.66,2,3,1,0
user_7018,852.16,credit_card,False,False,14,4,US,utilities,0,3008,2,10.65,1,2,1,0
user_1423,58.96,debit_card,True,False,11,2,US,groceries,0,3162,3,0.59,1,3,1,0
user_1752,71.23,credit_card,False,False,20,1,AU,restaurant,0,96,2,1.78,2,2,5,0
user_6727,65.6,debit_card,False,False,17,6,US,groceries,0,1653,2,0.66,1,2,1,0
user_4727,1327.52,debit_card,False,False,8,3,AU,retail,0,3382,3,8.85,3,3,1,0
user_5500,1921.03,ach,False,False,11,1,UK,retail,0,2108,1,12.81,1,1,1,0
user_5631,125.58,debit_card,False,True,21,0,US,restaurant,0,2003,1,3.14,2,1,1,0
user_8490,58.98,debit_card,False,False,18,4,AU,groceries,0,1322,1,0.59,2,1,1,0
user_6172,803.7,ach,False,False,14,4,US,restaurant,0,2900,1,20.09,1,1,1,0
user_5404,487.77,debit_card,False,False,9,1,US,groceries,0,777,2,4.88,3,2,1,0
user_5408,273.18,ach,False,False,22,5,US,utilities,0,3571,2,3.41,2,2,1,0
user_9022,294.89,credit_card,False,False,10,0,CA,utilities,0,1318,2,3.69,1,2,1,0
user_2946,117.86,ach,False,False,10,4,AU,restaurant,0,1558,2,2.95,1,2,1,0
user_5256,258.79,debit_card,False,False,15,5,UK,restaurant,0,1439,1,6.47,1,1,1,0
user_1136,853.22,credit_card,True,False,16,3,UK,retail,0,67,2,5.69,1,2,5,0
user_1111,187.89,credit_card,False,True,16,4,CA,gas,0,1859,3,3.76,1,3,1,0
user_7334,154.19,debit_card,False,False,7,0,AU,retail,0,2864,1,1.03,3,1,1,0
user_5728,392.7,debit_card,False,False,10,5,AU,utilities,0,2850,3,4.91,1,3,1,0
user_9261,579.74,debit_card,False,False,18,1,UK,gas,0,3410,2,11.59,2,2,1,0
user_5067,138.04,ach,True,True,7,1,AU,utilities,0,2789,3,1.73,3,3,1,0
user_3749,1281.16,debit_card,False,False,20,1,US,utilities,0,3215,1,16.01,2,1,1,0
user_6210,146.29,ach,False,True,19,0,US,gas,0,2911,3,2.93,2,3,1,0
user_9814,187.46,ach,False,False,7,2,UK,groceries,0,2277,2,1.87,3,2,1,0
user_5408,631.34,ach,False,False,19,2,US,groceries,0,3571,2,6.31,2,2,1,0
user_2809,1468.36,debit_card,False,True,22,6,AU,retail,0,640,2,9.79,2,2,1,0
user_4666,3980.57,debit_card,True,True,2,0,ID,cash_withdrawal,5,2949,24,19.9,10,20,1,1
user_4560,67.57,debit_card,False,False,7,6,UK,retail,0,2842,3,0.45,3,3,1,0
user_4637,706.27,ach,False,True,18,2,CA,retail,0,1855,1,4.71,2,1,1,0
user_2771,46.06,debit_card,False,True,10,6,US,utilities,0,1737,2,0.58,1,2,1,0
user_9904,818.84,ach,True,False,16,2,CA,retail,0,1528,2,5.46,1,2,1,0
user_8529,206.06,debit_card,True,False,21,5,US,retail,0,3325,3,1.37,2,3,1,0
user_1352,48.61,ach,False,False,10,4,UK,groceries,0,1396,3,0.49,1,3,1,0
user_6828,837.37,debit_card,False,False,21,1,US,utilities,0,2803,1,10.47,2,1,1,0
user_9307,660.58,debit_card,True,False,14,2,US,groceries,0,1872,2,6.61,1,2,1,0
user_8863,421.86,debit_card,False,False,16,0,UK,restaurant,0,3203,3,10.55,1,3,1,0
user_4658,686.09,debit_card,False,False,22,5,UK,restaurant,0,578,1,17.15,2,1,1,0
user_4879,304.01,debit_card,False,False,13,0,UK,restaurant,0,3310,3,7.6,1,3,1,0
user_2832,192.11,credit_card,False,False,16,3,CA,groceries,0,267,3,1.92,1,3,1,0
user_1485,295.5,credit_card,False,True,14,4,AU,retail,0,964,2,1.97,1,2,1,0
user_8869,182.91,debit_card,False,False,9,6,US,restaurant,0,877,1,4.57,3,1,1,0
user_5350,1374.78,debit_card,False,False,22,4,CA,utilities,0,2984,3,17.18,2,3,1,0
user_5471,524.69,debit_card,False,False,13,3,US,retail,0,1622,3,3.5,1,3,1,0
user_8025,158.5,credit_card,False,False,22,0,US,groceries,0,2527,1,1.58,2,1,1,0
user_2381,266.51,credit_card,False,False,17,5,CA,gas,0,1043,1,5.33,1,1,1,0
user_5856,157.36,ach,False,False,15,4,US,groceries,0,423,3,1.57,1,3,1,0
user_8517,774.88,debit_card,False,False,18,5,US,retail,0,2004,1,5.17,2,1,1,0
user_9313,155.23,debit_card,False,False,8,6,AU,retail,0,948,1,1.03,3,1,1,0
user_2417,198.91,ach,False,True,17,5,AU,gas,0,1648,2,3.98,1,2,1,0
user_4700,298.14,debit_card,True,False,19,6,US,gas,0,2707,2,5.96,2,2,1,0
user_5093,82.36,debit_card,False,False,13,6,UK,groceries,0,406,1,0.82,1,1,1,0
user_3589,764.54,ach,False,False,17,1,AU,gas,0,1932,1,15.29,1,1,1,0
user_6167,9613.45,wire_transfer,True,True,2,3,UK,cryptocurrency,1,2040,9,9.61,10,9,1,1
user_2943,157.27,debit_card,False,False,21,4,AU,gas,0,2196,1,3.15,2,1,1,0
user_3389,839.99,debit_card,True,False,6,4,CA,restaurant,0,847,2,21.0,3,2,1,0
user_5951,686.07,ach,False,False,7,1,CA,groceries,0,215,2,6.86,3,2,1,0
user_4304,1744.44,debit_card,False,False,13,5,CA,retail,0,167,3,11.63,1,3,5,0
user_7334,284.26,debit_card,False,False,7,5,AU,gas,0,2864,1,5.69,3,1,1,0
user_3042,253.38,ach,False,False,9,6,CA,gas,0,1147,3,5.07,3,3,1,0
user_4648,79.12,credit_card,False,True,9,0,UK,restaurant,0,1926,1,1.98,3,1,1,0
user_3346,7276.27,wire_transfer,True,True,4,2,RO,wire_transfer,5,3220,5,14.55,10,5,1,1
user_5930,801.87,credit_card,False,False,20,6,US,groceries,0,1274,2,8.02,2,2,1,0
user_1745,45.79,debit_card,False,False,17,5,US,retail,0,1217,2,0.31,1,2,1,0
user_3595,966.93,debit_card,False,False,6,3,CA,groceries,0,2546,2,9.67,3,2,1,0
user_6218,79.07,credit_card,False,False,12,4,UK,utilities,0,2461,1,0.99,1,1,1,0
user_2734,172.69,credit_card,False,False,16,4,AU,retail,0,2176,3,1.15,1,3,1,0
user_8199,1957.0,debit_card,False,False,19,1,CA,utilities,0,1520,1,24.46,2,1,1,0
user_7487,243.9,ach,False,False,9,2,CA,restaurant,0,2398,3,6.1,3,3,1,0
user_3024,594.61,ach,False,False,17,0,UK,retail,0,2424,1,3.96,1,1,1,0
user_1752,65.41,debit_card,False,True,20,5,AU,utilities,0,96,2,0.82,2,2,5,0
user_7304,795.2,credit_card,False,False,7,5,US,restaurant,0,845,2,19.88,3,2,1,0
user_7401,1496.07,ach,False,True,19,3,US,restaurant,0,1300,2,37.4,2,2,1,0
user_6930,101.07,ach,True,False,11,4,AU,restaurant,0,402,2,2.53,1,2,1,0
user_4114,207.67,debit_card,False,False,10,2,AU,groceries,0,36,1,2.08,1,1,5,0
user_5965,385.59,ach,False,False,16,0,AU,groceries,0,3545,2,3.86,1,2,1,0
user_3525,385.45,ach,False,False,13,0,US,groceries,0,1869,3,3.85,1,3,1,0
user_5901,432.79,debit_card,False,False,19,1,UK,gas,0,1901,1,8.66,2,1,1,0
user_2110,288.59,debit_card,False,False,12,0,US,groceries,0,2980,3,2.89,1,3,1,0
user_1945,818.84,ach,True,True,14,1,UK,restaurant,0,2992,1,20.47,1,1,1,0
user_2234,168.01,debit_card,False,False,18,0,AU,restaurant,0,1930,3,4.2,2,3,1,0
user_2983,949.43,debit_card,False,False,7,0,UK,restaurant,0,2212,1,23.74,3,1,1,0
user_2185,1885.11,ach,True,False,12,4,UK,gas,0,509,3,37.7,1,3,1,0
user_4637,779.72,debit_card,False,False,21,0,CA,gas,0,1855,1,15.59,2,1,1,0
user_9899,690.25,debit_card,False,False,14,1,UK,groceries,0,3196,3,6.9,1,3,1,0
user_5329,155.3,credit_card,True,False,10,3,UK,retail,0,53,3,1.04,1,3,5,0
user_9680,6362.46,wire_transfer,True,True,3,2,CN,wire_transfer,5,3596,11,12.72,10,11,1,1
user_5362,540.95,credit_card,False,False,17,0,US,retail,0,490,3,3.61,1,3,1,0
user_5006,31.27,credit_card,False,False,16,6,UK,gas,0,1598,1,0.63,1,1,1,0
user_7843,357.11,ach,False,False,8,1,AU,retail,0,115,2,2.38,3,2,5,0
user_1090,65.3,debit_card,False,False,14,3,CA,utilities,0,750,3,0.82,1,3,1,0
user_8886,82.17,debit_card,False,False,15,0,US,retail,0,704,3,0.55,1,3,1,0
user_7945,89.92,credit_card,True,True,16,5,UK,restaurant,0,1525,2,2.25,1,2,1,0
user_2867,381.66,ach,False,False,21,6,AU,retail,0,2191,1,2.54,2,1,1,0
user_8987,458.01,debit_card,False,False,10,5,AU,utilities,0,2543,3,5.73,1,3,1,0
user_7361,42.55,ach,False,False,20,6,CA,retail,0,1435,1,0.28,2,1,1,0
user_8803,246.77,debit_card,False,False,6,0,AU,retail,0,3527,2,1.65,3,2,1,0
user_2916,173.23,debit_card,False,False,12,3,CA,gas,0,2122,1,3.46,1,1,1,0
user_1713,467.09,credit_card,False,False,16,5,UK,groceries,0,3091,2,4.67,1,2,1,0
user_2341,529.8,ach,False,False,12,2,UK,groceries,0,349,3,5.3,1,3,1,0
user_8017,75.93,ach,False,False,10,2,UK,gas,0,1038,3,1.52,1,3,1,0
user_7939,301.13,debit_card,False,False,17,4,CA,restaurant,0,1343,3,7.53,1,3,1,0
user_4619,855.07,credit_card,False,False,8,3,AU,groceries,0,606,1,8.55,3,1,1,0
user_4212,132.42,ach,False,True,18,2,CA,restaurant,0,1967,2,3.31,2,2,1,0
user_5073,105.98,credit_card,False,False,9,6,AU,gas,0,604,3,2.12,3,3,1,0
user_4082,37394.04,wire_transfer,True,True,4,0,CN,wire_transfer,4,1993,11,74.79,10,11,1,1
user_8048,72.85,credit_card,False,False,19,6,US,gas,0,3523,3,1.46,2,3,1,0
user_5093,72.11,debit_card,False,False,15,4,US,gas,0,3322,1,1.44,1,1,1,0
user_6911,61.98,credit_card,False,False,14,2,US,groceries,0,1236,2,0.62,1,2,1,0
user_2110,195.29,ach,False,False,16,1,US,retail,0,2980,2,1.3,1,2,1,0
user_3275,121.73,ach,False,False,17,1,US,utilities,0,1508,1,1.52,1,1,1,0
user_6846,109.16,credit_card,True,False,19,4,CA,groceries,0,1579,2,1.09,2,2,1,0
user_6400,56.59,credit_card,False,False,12,5,UK,retail,0,3608,3,0.38,1,3,1,0
user_9904,724.65,debit_card,False,False,16,2,CA,restaurant,0,1528,3,18.12,1,3,1,0
user_9175,114.12,debit_card,False,False,10,5,CA,retail,0,3604,1,0.76,1,1,1,0
user_1130,320.65,debit_card,False,False,9,2,UK,restaurant,0,2339,3,8.02,3,3,1,0
user_5224,51.56,debit_card,False,True,13,6,CA,retail,0,2802,1,0.34,1,1,1,0
user_7248,48.28,credit_card,False,True,12,1,UK,utilities,0,2242,1,0.6,1,1,1,0
user_7154,99.51,ach,False,False,21,1,CA,groceries,0,2706,2,1.0,2,2,1,0
user_5901,373.76,ach,False,False,20,6,UK,gas,0,1901,2,7.48,2,2,1,0
user_9534,89.55,credit_card,False,False,14,3,AU,utilities,0,2645,2,1.12,1,2,1,0
user_1651,1527.83,debit_card,True,True,10,2,AU,utilities,0,2722,2,19.1,1,2,1,0
user_6850,84.16,debit_card,False,False,16,3,CA,retail,0,3032,2,0.56,1,2,1,0
user_3315,76.9,debit_card,False,False,16,2,US,utilities,0,1076,3,0.96,1,3,1,0
user_6802,62.95,credit_card,False,False,15,0,US,groceries,0,1816,1,0.63,1,1,1,0
user_9622,182.24,debit_card,False,False,7,5,UK,retail,0,2915,2,1.21,3,2,1,0
user_6053,237.91,credit_card,False,True,15,3,AU,restaurant,0,1938,1,5.95,1,1,1,0
user_1108,1222.17,credit_card,False,False,6,4,AU,restaurant,0,1550,3,30.55,3,3,1,0
user_8183,269.2,debit_card,False,False,19,5,US,groceries,0,3384,1,2.69,2,1,1,0
user_9317,879.83,debit_card,False,False,6,2,CA,retail,0,1561,2,5.87,3,2,1,0
user_5256,258.94,debit_card,False,True,16,1,UK,groceries,0,1439,3,2.59,1,3,1,0
user_3100,175.37,debit_card,False,False,11,5,UK,utilities,0,2567,2,2.19,1,2,1,0
user_5106,105.83,debit_card,False,False,20,0,US,utilities,0,2600,2,1.32,2,2,1,0
user_1090,92.25,credit_card,False,False,12,3,CA,restaurant,0,750,2,2.31,1,2,1,0
user_9565,9569.17,cryptocurrency,True,True,14,1,CA,cryptocurrency,2,2773,9,9.57,1,9,1,1
user_8428,871.36,debit_card,False,False,21,0,US,gas,0,1296,3,17.43,2,3,1,0
user_9418,80.53,debit_card,False,False,13,6,US,restaurant,0,1785,1,2.01,1,1,1,0
user_2571,87.24,debit_card,False,False,12,3,AU,retail,0,659,2,0.58,1,2,1,0
user_9307,551.51,credit_card,False,False,13,4,US,retail,0,1872,1,3.68,1,1,1,0
user_7361,87.25,credit_card,False,False,20,1,CA,retail,0,1435,2,0.58,2,2,1,0
user_9180,194.54,debit_card,False,False,19,3,UK,groceries,0,1021,2,1.95,2,2,1,0
user_7475,1425.46,debit_card,False,False,9,4,US,gas,0,867,1,28.51,3,1,1,0
user_1749,1231.95,ach,False,False,11,2,CA,groceries,0,96,3,12.32,1,3,5,0
user_5735,161.69,ach,True,False,18,3,AU,groceries,0,1328,1,1.62,2,1,1,0
user_6364,651.23,credit_card,False,False,18,0,UK,utilities,0,807,2,8.14,2,2,1,0
user_5329,190.91,debit_card,False,False,11,0,UK,utilities,0,53,3,2.39,1,3,5,0
user_4974,994.61,debit_card,False,False,14,2,AU,restaurant,0,3194,1,24.87,1,1,1,0
user_1659,91.86,ach,False,False,6,4,CA,utilities,0,3467,1,1.15,3,1,1,0
user_2659,269.39,debit_card,False,False,7,1,CA,retail,0,1706,2,1.8,3,2,1,0
user_3209,401.64,debit_card,True,True,1,4,VN,cash_withdrawal,7,181,15,2.01,10,15,1,1
user_3346,295.17,ach,False,False,19,4,CA,utilities,0,3220,2,3.69,2,2,1,0
user_2200,61.99,ach,False,False,10,4,UK,utilities,0,2315,3,0.77,1,3,1,0
user_5210,793.14,ach,True,False,15,1,UK,groceries,0,3324,1,7.93,1,1,1,0
user_1760,1051.3,wire_transfer,True,True,3,5,CN,wire_transfer,5,452,15,2.1,10,15,1,1
user_6828,396.79,debit_card,False,False,21,2,US,groceries,0,2803,3,3.97,2,3,1,0
user_5166,570.93,credit_card,False,True,21,2,US,retail,0,1872,1,3.81,2,1,1,0
user_8429,172.81,debit_card,False,False,19,0,AU,utilities,0,1901,3,2.16,2,3,1,0
user_9022,4472.19,wire_transfer,True,True,3,1,CN,wire_transfer,4,1443,10,8.94,10,10,1,1
user_9022,106.54,ach,False,False,17,2,AU,retail,0,1443,3,0.71,1,3,1,0
user_4751,873.83,debit_card,False,False,8,5,US,restaurant,0,452,2,21.85,3,2,1,0
user_1076,181.41,credit_card,False,False,7,5,AU,restaurant,0,2103,1,4.54,3,1,1,0
user_1601,535.49,credit_card,True,False,7,5,UK,restaurant,0,1063,3,13.39,3,3,1,0
user_8714,1749.18,credit_card,False,True,22,3,CA,gas,0,3150,1,34.98,2,1,1,0
user_7824,1100.07,credit_card,False,True,15,1,US,gas,0,2474,1,22.0,1,1,1,0
user_6916,309.32,credit_card,False,False,6,1,AU,retail,0,3555,3,2.06,3,3,1,0
user_1256,154.62,credit_card,True,False,19,3,CA,gas,0,3111,3,3.09,2,3,1,0
user_1120,1797.33,ach,False,False,20,2,UK,groceries,0,2329,1,17.97,2,1,1,0
user_9221,890.39,ach,False,True,20,3,CA,retail,0,3151,3,5.94,2,3,1,0
user_1533,1892.45,ach,False,True,14,2,AU,gas,0,3554,3,37.85,1,3,1,0
user_8987,837.41,ach,False,False,8,0,AU,gas,0,2543,1,16.75,3,1,1,0
user_8501,1923.71,debit_card,False,True,9,6,UK,groceries,0,2546,3,19.24,3,3,1,0
user_3785,1625.94,debit_card,False,False,10,3,UK,utilities,0,429,3,20.32,1,3,1,0
user_1742,950.18,credit_card,False,True,14,2,US,groceries,0,2246,2,9.5,1,2,1,0
user_8354,1120.38,ach,False,False,20,4,UK,restaurant,0,3569,2,28.01,2,2,1,0
user_6383,1525.03,ach,False,False,15,5,UK,groceries,0,2597,3,15.25,1,3,1,0
user_9808,109.62,ach,False,False,7,1,AU,groceries,0,2346,2,1.1,3,2,1,0
user_4621,506.16,debit_card,False,False,16,1,UK,restaurant,0,279,2,12.65,1,2,1,0
user_4652,833.23,ach,False,False,16,5,AU,gas,0,2965,3,16.66,1,3,1,0
user_8478,112.36,ach,False,False,17,0,UK,gas,0,3123,3,2.25,1,3,1,0
user_5803,1315.52,debit_card,False,False,16,3,CA,retail,0,2915,2,8.77,1,2,1,0
user_7361,89.33,ach,False,False,21,5,CA,restaurant,0,1435,2,2.23,2,2,1,0
user_7859,61.73,debit_card,False,False,7,6,CA,retail,0,3605,2,0.41,3,2,1,0
user_3159,93.65,debit_card,False,True,13,5,CA,gas,0,2441,1,1.87,1,1,1,0
user_4387,805.97,debit_card,False,False,16,1,AU,retail,0,1953,3,5.37,1,3,1,0
user_1520,68.03,debit_card,False,False,11,1,CA,restaurant,0,982,3,1.7,1,3,1,0
user_4505,47.44,debit_card,False,True,16,3,AU,restaurant,0,1385,1,1.19,1,1,1,0
user_4519,1830.2,wire_transfer,True,True,2,0,NG,wire_transfer,5,2394,8,3.66,10,8,1,1
user_5102,82.45,debit_card,False,True,12,1,CA,restaurant,0,242,1,2.06,1,1,1,0
user_3675,398.1,credit_card,False,False,17,1,CA,gas,0,1107,3,7.96,1,3,1,0
user_1136,575.91,debit_card,False,False,12,4,UK,groceries,0,67,1,5.76,1,1,5,0
user_9148,40.67,ach,False,False,8,1,AU,gas,0,1718,2,0.81,3,2,1,0
user_2312,131.08,debit_card,False,False,11,2,US,groceries,0,2795,1,1.31,1,1,1,0
user_1417,959.05,debit_card,False,False,12,3,UK,gas,0,1744,1,19.18,1,1,1,0
user_8767,127.58,ach,False,False,20,6,CA,utilities,0,2492,3,1.59,2,3,1,0
user_8640,88.18,debit_card,False,False,7,2,CA,gas,0,1351,1,1.76,3,1,1,0
user_4909,36.54,credit_card,False,False,6,0,US,gas,0,1809,1,0.73,3,1,1,0
user_7843,350.14,ach,False,False,8,2,AU,retail,0,115,2,2.33,3,2,5,0
user_2077,388.53,debit_card,False,False,15,1,AU,groceries,0,2183,2,3.89,1,2,1,0
user_3079,255.03,credit_card,True,False,20,0,US,retail,0,3189,3,1.7,2,3,1,0
user_9163,1722.75,ach,True,False,13,0,AU,retail,0,3630,2,11.48,1,2,1,0
user_7209,354.52,debit_card,False,False,7,4,AU,retail,0,3515,1,2.36,3,1,1,0
user_9123,1141.74,debit_card,False,True,21,3,CA,utilities,0,1905,1,14.27,2,1,1,0
user_7049,769.4,ach,False,False,19,2,CA,utilities,0,1790,1,9.62,2,1,1,0
user_6143,34.29,ach,False,False,19,6,UK,retail,0,2107,2,0.23,2,2,1,0
user_2824,98.79,debit_card,False,False,20,1,UK,utilities,0,1033,1,1.23,2,1,1,0
user_1854,563.97,debit_card,False,False,13,0,US,restaurant,0,2943,1,14.1,1,1,1,0
user_4944,157.22,debit_card,False,False,19,2,UK,restaurant,0,229,1,3.93,2,1,1,0
user_5846,67.34,ach,True,True,18,0,US,retail,0,2741,2,0.45,2,2,1,0
user_6509,238.99,ach,False,False,20,1,UK,utilities,0,3558,2,2.99,2,2,1,0
user_9051,39.19,debit_card,False,True,15,5,US,restaurant,0,1508,3,0.98,1,3,1,0
user_4996,1099.45,credit_card,True,True,6,5,CA,restaurant,0,1385,2,27.49,3,2,1,0
user_5622,249.11,credit_card,False,False,9,6,AU,retail,0,3008,3,1.66,3,3,1,0
user_5631,2116.45,wire_transfer,True,True,1,3,PH,cash_withdrawal,3,2003,22,10.58,10,20,1,1
user_4621,378.2,debit_card,False,True,15,5,UK,retail,0,279,2,2.52,1,2,1,0
user_7939,154.13,debit_card,False,False,17,6,CA,gas,0,1343,3,3.08,1,3,1,0
user_9814,795.73,debit_card,False,False,8,2,US,gas,0,893,1,15.91,3,1,1,0
user_8432,391.61,credit_card,True,False,8,0,UK,restaurant,0,1306,1,9.79,3,1,1,0
user_5256,374.15,debit_card,True,False,14,1,UK,gas,0,1439,1,7.48,1,1,1,0
user_6629,78.05,debit_card,False,False,16,6,CA,gas,0,1986,2,1.56,1,2,1,0
user_2571,63.75,ach,False,True,15,0,AU,utilities,0,659,3,0.8,1,3,1,0
user_4658,609.39,ach,False,False,20,5,UK,retail,0,578,2,4.06,2,2,1,0
user_5471,482.95,debit_card,False,False,17,0,US,retail,0,1622,3,3.22,1,3,1,0
user_6218,1111.96,debit_card,True,True,0,1,PH,jewelry,6,2461,14,1.11,10,14,1,1
user_6403,664.64,ach,False,False,21,4,AU,utilities,0,1210,2,8.31,2,2,1,0
user_8569,494.53,ach,False,False,11,4,CA,retail,0,2153,2,3.3,1,2,1,0
user_5480,195.39,debit_card,False,False,20,4,CA,groceries,0,1572,1,1.95,2,1,1,0
user_5497,45.16,credit_card,False,False,22,4,US,utilities,0,2513,1,0.56,2,1,1,0
user_5839,72.35,ach,False,False,18,2,US,utilities,0,366,1,0.9,2,1,1,0
user_4637,803.28,debit_card,False,False,18,0,CA,groceries,0,1855,2,8.03,2,2,1,0
user_7244,1468.95,debit_card,False,False,15,2,AU,groceries,0,1702,2,14.69,1,2,1,0
user_2696,452.59,debit_card,False,False,22,1,UK,retail,0,2094,3,3.02,2,3,1,0
user_2294,1456.1,credit_card,False,True,11,4,CA,groceries,0,2227,1,14.56,1,1,1,0
user_2476,184.24,credit_card,False,True,13,0,AU,gas,0,749,3,3.68,1,3,1,0
user_5225,371.61,debit_card,False,False,20,1,US,groceries,0,386,2,3.72,2,2,1,0
user_3852,349.54,ach,False,False,18,2,CA,utilities,0,527,1,4.37,2,1,1,0
user_7979,43.55,debit_card,False,False,9,1,US,gas,0,69,3,0.87,3,3,5,0
user_5625,190.95,debit_card,False,True,13,3,US,utilities,0,2295,3,2.39,1,3,1,0
user_1742,572.69,credit_card,False,False,15,5,US,utilities,0,2246,2,7.16,1,2,1,0
user_8428,1699.17,debit_card,False,False,21,0,US,retail,0,1296,2,11.33,2,2,1,0
user_6167,17876.89,wire_transfer,True,True,0,5,CN,wire_transfer,3,2040,10,35.75,10,10,1,1
user_9625,162.94,debit_card,False,False,17,5,UK,restaurant,0,3286,2,4.07,1,2,1,0
user_6425,45.34,credit_card,False,False,9,2,UK,groceries,0,761,3,0.45,3,3,1,0
user_4619,1426.58,credit_card,True,False,9,1,AU,retail,0,606,2,9.51,3,2,1,0
user_7653,9954.24,cryptocurrency,True,True,12,1,US,wire_transfer,1,2850,19,19.91,1,19,1,1
user_4300,161.86,debit_card,False,False,16,0,CA,gas,0,3316,2,3.24,1,2,1,0
user_4443,367.49,debit_card,False,False,21,1,UK,restaurant,0,1934,2,9.19,2,2,1,0
user_9922,70.78,debit_card,False,False,21,4,CA,gas,0,1118,1,1.42,2,1,1,0
user_9700,181.3,ach,False,False,11,2,US,restaurant,0,2596,2,4.53,1,2,1,0
user_5853,71.86,credit_card,False,False,17,0,CA,retail,0,1268,3,0.48,1,3,1,0
user_2294,236.86,debit_card,False,True,15,0,AU,retail,0,2344,2,1.58,1,2,1,0
user_8149,1990.86,debit_card,False,True,22,1,US,gas,0,1607,2,39.82,2,2,1,0
user_4389,995.19,credit_card,False,False,12,6,UK,utilities,0,3410,3,12.44,1,3,1,0
user_2916,151.07,ach,True,False,12,4,CA,groceries,0,2122,1,1.51,1,1,1,0
user_1269,1430.66,ach,False,False,22,1,CA,groceries,0,2973,2,14.31,2,2,1,0
user_6771,1290.9,debit_card,False,False,15,3,AU,retail,0,2791,2,8.61,1,2,1,0
user_8432,287.5,credit_card,False,False,7,2,UK,restaurant,0,1306,3,7.19,3,3,1,0
user_8199,1046.24,ach,False,False,22,2,CA,gas,0,1520,3,20.92,2,3,1,0
user_6881,1382.57,credit_card,False,False,17,3,UK,restaurant,0,119,1,34.56,1,1,5,0
user_5114,59.29,debit_card,False,False,8,1,AU,utilities,0,3427,1,0.74,3,1,1,0
user_6818,219.18,debit_card,False,False,22,1,UK,restaurant,0,2905,2,5.48,2,2,1,0
user_9537,713.4,credit_card,False,False,17,0,AU,restaurant,0,429,2,17.84,1,2,1,0
user_8933,196.47,debit_card,False,True,20,4,UK,retail,0,441,2,1.31,2,2,1,0
user_3395,993.09,debit_card,False,True,14,5,US,retail,0,926,2,6.62,1,2,1,0
user_1842,137.78,credit_card,False,False,18,5,UK,restaurant,0,1470,2,3.44,2,2,1,0
user_4263,923.01,debit_card,False,False,13,4,US,utilities,0,1001,1,11.54,1,1,1,0
user_9051,1302.16,wire_transfer,True,True,5,0,RO,wire_transfer,2,1508,14,2.6,10,14,1,1
user_4949,442.93,ach,False,False,18,1,US,retail,0,2193,3,2.95,2,3,1,0
user_8430,968.53,debit_card,False,False,15,2,US,retail,0,1310,1,6.46,1,1,1,0
user_2389,294.66,ach,False,True,22,4,UK,groceries,0,412,3,2.95,2,3,1,0
user_8015,172.28,credit_card,False,False,18,6,CA,retail,0,3244,1,1.15,2,1,1,0
user_2765,738.92,ach,False,False,7,4,US,retail,0,3192,2,4.93,3,2,1,0
user_6770,110.64,debit_card,False,False,9,3,AU,utilities,0,783,2,1.38,3,2,1,0
user_9524,356.98,credit_card,False,False,20,3,CA,restaurant,0,1745,2,8.92,2,2,1,0
user_8260,1447.35,ach,False,False,9,1,US,gas,0,2701,1,28.95,3,1,1,0
user_5166,273.39,ach,False,False,22,3,US,retail,0,1872,2,1.82,2,2,1,0
user_7475,1208.64,debit_card,False,True,8,5,US,restaurant,0,867,1,30.22,3,1,1,0
user_5951,763.86,debit_card,False,False,6,1,CA,retail,0,215,1,5.09,3,1,1,0
user_8210,317.11,ach,True,False,20,2,CA,groceries,0,2602,3,3.17,2,3,1,0
user_4879,385.07,debit_card,False,False,13,6,UK,utilities,0,3310,2,4.81,1,2,1,0
user_8220,80.74,debit_card,False,False,11,0,UK,groceries,0,2712,2,0.81,1,2,1,0
user_6629,98.0,debit_card,False,False,12,0,CA,groceries,0,1986,3,0.98,1,3,1,0
user_9148,28.98,ach,False,False,7,5,AU,gas,0,1718,2,0.58,3,2,1,0
user_8478,94.98,debit_card,False,False,12,4,UK,gas,0,3123,1,1.9,1,1,1,0
user_1355,315.54,credit_card,False,False,18,0,CA,groceries,0,416,1,3.16,2,1,1,0
user_9691,408.03,ach,False,False,18,6,US,restaurant,0,499,3,10.2,2,3,1,0
user_1040,70.29,ach,True,True,19,2,AU,restaurant,0,2630,3,1.76,2,3,1,0
user_9444,751.69,debit_card,False,False,22,5,AU,retail,0,1067,1,5.01,2,1,1,0
user_1894,43.03,debit_card,True,True,22,0,CA,groceries,0,2100,1,0.43,2,1,1,0
user_1472,184.58,debit_card,False,False,14,0,AU,retail,0,492,2,1.23,1,2,1,0
user_4882,192.42,debit_card,False,False,21,4,UK,utilities,0,3556,2,2.41,2,2,1,0
user_1612,1061.98,debit_card,False,False,12,3,US,retail,0,3225,3,7.08,1,3,1,0
user_8909,65.15,credit_card,False,False,16,4,AU,gas,0,381,2,1.3,1,2,1,0
user_6374,1684.56,debit_card,False,False,11,3,US,utilities,0,2632,3,21.06,1,3,1,0
user_2417,216.43,debit_card,False,False,12,2,AU,restaurant,0,1648,3,5.41,1,3,1,0
user_7232,464.85,ach,False,False,10,2,UK,retail,0,1253,2,3.1,1,2,1,0
user_7594,181.73,debit_card,False,False,21,4,AU,retail,0,1823,2,1.21,2,2,1,0
user_8633,990.79,credit_card,True,False,11,2,CA,groceries,0,3441,2,9.91,1,2,1,0
user_9226,509.06,debit_card,False,True,19,1,CA,gas,0,522,1,10.18,2,1,1,0
user_4814,40.66,credit_card,False,False,9,1,US,restaurant,0,2051,1,1.02,3,1,1,0
user_4571,702.84,ach,False,True,20,5,UK,retail,0,3171,2,4.69,2,2,1,0
user_5342,385.91,debit_card,True,False,19,6,AU,groceries,0,2691,2,3.86,2,2,1,0
user_1945,9970.2,cryptocurrency,True,True,18,3,UK,cryptocurrency,2,2992,19,9.97,2,19,1,1
user_7859,178.47,debit_card,False,False,8,3,CA,gas,0,3605,3,3.57,3,3,1,0
user_6818,172.96,ach,False,False,21,3,UK,groceries,0,2905,3,1.73,2,3,1,0
user_2108,967.65,ach,False,False,18,5,US,restaurant,0,1629,1,24.19,2,1,1,0
user_1202,889.53,debit_card,False,False,20,1,CA,utilities,0,2773,2,11.12,2,2,1,0
user_5581,617.86,credit_card,False,False,7,3,CA,retail,0,2388,2,4.12,3,2,1,0
user_4871,45.55,ach,False,False,21,4,US,utilities,0,1936,1,0.57,2,1,1,0
user_4978,55.82,credit_card,False,False,21,4,UK,utilities,0,3512,1,0.7,2,1,1,0
user_6736,1072.66,ach,False,False,12,0,US,gas,0,3153,3,21.45,1,3,1,0
user_9307,526.58,debit_card,False,False,17,5,US,utilities,0,1872,2,6.58,1,2,1,0
user_5349,66.01,credit_card,True,False,11,1,AU,retail,0,1445,3,0.44,1,3,1,0
user_6478,254.06,credit_card,False,False,15,3,AU,groceries,0,3584,2,2.54,1,2,1,0
user_2642,193.78,debit_card,False,False,18,6,AU,gas,0,3249,1,3.88,2,1,1,0
user_4522,842.3,debit_card,False,False,16,3,CA,retail,0,1724,3,5.62,1,3,1,0
user_3555,28.79,credit_card,True,True,6,5,US,restaurant,0,1025,2,0.72,3,2,1,0
user_1111,307.01,debit_card,False,False,12,6,CA,groceries,0,1859,2,3.07,1,2,1,0
user_1752,81.93,credit_card,False,False,18,2,AU,groceries,0,96,2,0.82,2,2,5,0
user_2809,57.64,debit_card,False,False,21,5,US,retail,0,209,3,0.38,2,3,1,0
user_2099,28.01,debit_card,False,False,6,0,US,retail,0,1798,3,0.19,3,3,1,0
user_4814,66.94,ach,False,False,7,3,US,groceries,0,2051,2,0.67,3,2,1,0
user_2013,602.89,debit_card,False,False,11,3,UK,restaurant,0,2955,3,15.07,1,3,1,0
user_8429,1905.19,debit_card,False,False,22,5,US,groceries,0,971,3,19.05,2,3,1,0
user_1256,143.58,credit_card,False,False,18,0,CA,utilities,0,3111,2,1.79,2,2,1,0
user_2389,119.24,debit_card,False,False,18,0,UK,restaurant,0,412,3,2.98,2,3,1,0
user_5262,171.53,ach,False,False,6,0,AU,retail,0,3530,1,1.14,3,1,1,0
user_9105,262.55,credit_card,False,False,16,4,UK,groceries,0,1413,3,2.63,1,3,1,0
user_5744,55.14,debit_card,True,True,22,6,AU,groceries,0,2560,2,0.55,2,2,1,0
user_9751,167.55,ach,False,False,17,3,US,gas,0,253,1,3.35,1,1,1,0
user_4963,182.78,debit_card,False,False,15,0,AU,groceries,0,757,3,1.83,1,3,1,0
user_7244,1154.74,debit_card,False,True,12,0,AU,restaurant,0,1702,2,28.87,1,2,1,0
user_2696,829.02,credit_card,True,False,22,3,UK,groceries,0,2094,1,8.29,2,1,1,0
user_6601,825.4,credit_card,False,False,15,5,AU,groceries,0,1551,3,8.25,1,3,1,0
user_6374,1690.86,ach,False,False,10,0,US,gas,0,2632,1,33.82,1,1,1,0
user_1017,105.33,credit_card,False,False,13,1,US,gas,0,573,1,2.11,1,1,1,0
user_4082,629.4,ach,False,False,19,6,CA,groceries,0,1993,2,6.29,2,2,1,0
user_1251,192.92,debit_card,False,False,17,0,CA,gas,0,336,3,3.86,1,3,1,0
user_1659,98.48,debit_card,False,True,9,2,CA,utilities,0,3467,1,1.23,3,1,1,0
user_9796,68.41,debit_card,True,False,12,2,UK,restaurant,0,837,3,1.71,1,3,1,0
user_8406,55.24,debit_card,False,False,18,3,AU,restaurant,0,389,1,1.38,2,1,1,0
user_4131,254.72,credit_card,False,False,17,1,US,retail,0,3576,3,1.7,1,3,1,0
user_5201,912.08,ach,False,False,9,3,CA,groceries,0,3421,1,9.12,3,1,1,0
user_5329,175.21,credit_card,False,False,7,0,UK,gas,0,53,2,3.5,3,2,5,0
user_4288,65.05,ach,True,False,9,6,US,retail,0,1899,1,0.43,3,1,1,0
user_8342,28.86,credit_card,False,True,6,5,UK,retail,0,937,2,0.19,3,2,1,0
user_2531,475.58,debit_card,False,False,15,5,AU,gas,0,2293,1,9.51,1,1,1,0
user_2245,5511.99,debit_card,True,True,0,0,BR,jewelry,5,1315,17,5.51,10,17,1,1
user_7108,89.88,ach,False,False,21,6,US,groceries,0,764,1,0.9,2,1,1,0
user_3390,96.25,debit_card,False,False,7,4,AU,utilities,0,1160,1,1.2,3,1,1,0
user_5689,177.44,debit_card,False,True,18,5,UK,retail,0,927,2,1.18,2,2,1,0
user_6690,452.09,ach,False,False,19,2,CA,retail,0,117,3,3.01,2,3,5,0
user_2200,72.95,debit_card,False,False,8,1,UK,groceries,0,2315,1,0.73,3,1,1,0
user_3147,1498.91,credit_card,False,False,13,6,CA,utilities,0,694,1,18.74,1,1,1,0
user_6416,172.85,debit_card,False,True,10,3,US,retail,0,2781,2,1.15,1,2,1,0
user_2417,126.3,credit_card,False,False,12,2,AU,utilities,0,1648,3,1.58,1,3,1,0
user_2394,323.59,credit_card,False,True,8,6,UK,utilities,0,897,3,4.04,3,3,1,0
user_7049,1708.22,credit_card,False,False,20,6,CA,gas,0,1790,2,34.16,2,2,1,0
user_9313,142.43,credit_card,True,False,7,5,AU,groceries,0,948,1,1.42,3,1,1,0
user_5438,267.87,debit_card,False,True,17,1,CA,gas,0,524,3,5.36,1,3,1,0
user_4304,1754.36,ach,False,False,12,1,CA,restaurant,0,167,1,43.86,1,1,5,0
user_5739,138.05,credit_card,False,True,18,4,UK,retail,0,2395,2,0.92,2,2,1,0
user_6400,308.92,debit_card,False,True,19,3,US,restaurant,0,1101,2,7.72,2,2,1,0
user_4700,370.76,ach,False,False,18,2,US,gas,0,2707,2,7.42,2,2,1,0
user_1996,848.57,credit_card,False,False,12,1,AU,gas,0,2840,1,16.97,1,1,1,0
user_6061,313.82,ach,False,False,8,4,UK,gas,0,3029,2,6.28,3,2,1,0
user_2539,1622.49,ach,True,False,22,2,CA,retail,0,1966,1,10.82,2,1,1,0
user_9450,76.97,credit_card,False,False,13,6,US,utilities,0,3622,1,0.96,1,1,1,0
user_3042,145.11,debit_card,True,False,6,5,CA,retail,0,1147,2,0.97,3,2,1,0
user_7146,319.87,debit_card,False,True,6,4,US,gas,0,1680,2,6.4,3,2,1,0
user_4996,15968.24,debit_card,True,True,3,3,ID,cash_withdrawal,8,1385,13,79.84,10,13,1,1
user_9759,494.61,ach,False,False,22,0,UK,gas,0,2107,1,9.89,2,1,1,0
user_9740,31.59,debit_card,False,False,18,4,CA,utilities,0,2454,1,0.39,2,1,1,0
user_3338,590.53,credit_card,False,False,8,6,UK,utilities,0,716,3,7.38,3,3,1,0
user_6315,353.64,debit_card,False,True,11,2,UK,utilities,0,1724,2,4.42,1,2,1,0
user_2245,624.97,debit_card,False,False,8,0,AU,restaurant,0,1315,2,15.62,3,2,1,0
user_2524,40.97,credit_card,False,False,6,2,AU,retail,0,2900,3,0.27,3,3,1,0
user_8273,94.69,debit_card,False,False,18,3,CA,retail,0,2198,3,0.63,2,3,1,0
user_8640,187.48,credit_card,False,False,8,4,CA,retail,0,1351,3,1.25,3,3,1,0
user_1182,778.06,debit_card,False,False,21,4,CA,utilities,0,534,3,9.73,2,3,1,0
user_3910,436.81,credit_card,False,False,15,6,UK,restaurant,0,3040,3,10.92,1,3,1,0
user_8846,178.21,debit_card,False,False,22,2,CA,retail,0,1654,3,1.19,2,3,1,0
user_9327,54.44,ach,False,False,7,2,UK,groceries,0,3194,1,0.54,3,1,1,0
user_7105,145.47,debit_card,False,False,22,0,US,groceries,0,2432,2,1.45,2,2,1,0
user_8429,979.5,debit_card,False,False,19,5,US,utilities,0,971,3,12.24,2,3,1,0
user_6802,69.57,debit_card,False,True,12,2,US,groceries,0,1816,1,0.7,1,1,1,0
user_4321,52.24,credit_card,False,False,19,5,US,groceries,0,666,1,0.52,2,1,1,0
user_6061,399.45,credit_card,True,False,6,4,UK,gas,0,3029,1,7.99,3,1,1,0
user_6911,81.74,debit_card,False,False,16,3,US,utilities,0,1236,3,1.02,1,3,1,0
user_4450,124.28,debit_card,False,False,9,0,UK,retail,0,2100,3,0.83,3,3,1,0
user_2654,100.83,ach,False,False,18,5,UK,utilities,0,3625,3,1.26,2,3,1,0
user_5327,819.9,credit_card,False,False,18,1,AU,groceries,0,2373,1,8.2,2,1,1,0
user_5913,3321.78,debit_card,True,True,1,0,PH,jewelry,6,1017,14,3.32,10,14,1,1
user_4387,1032.56,debit_card,True,False,14,5,AU,retail,0,1953,3,6.88,1,3,1,0
user_3048,78.34,debit_card,False,False,18,5,UK,gas,0,3076,2,1.57,2,2,1,0
user_3926,9792.64,wire_transfer,True,True,1,4,US,cryptocurrency,3,2018,19,9.79,10,19,1,1
user_8260,676.26,credit_card,False,True,6,2,US,utilities,0,2701,1,8.45,3,1,1,0
user_7367,1099.52,ach,False,True,16,0,US,retail,0,1455,3,7.33,1,3,1,0
user_9267,139.87,debit_card,False,False,6,3,UK,retail,0,2942,1,0.93,3,1,1,0
user_9904,743.56,ach,False,False,13,2,CA,utilities,0,1528,2,9.29,1,2,1,0
user_1104,346.2,debit_card,False,True,6,3,CA,restaurant,0,308,2,8.65,3,2,1,0
user_5557,48.32,debit_card,False,False,6,0,AU,utilities,0,1423,3,0.6,3,3,1,0
user_6568,1644.55,debit_card,False,False,16,2,US,restaurant,0,1188,2,41.11,1,2,1,0
user_9535,780.13,credit_card,False,False,16,2,CA,restaurant,0,783,3,19.5,1,3,1,0
user_8786,9784.25,wire_transfer,True,True,8,5,UK,wire_transfer,2,3187,20,19.57,3,20,1,1
user_6916,131.85,ach,False,True,8,2,AU,utilities,0,3555,2,1.65,3,2,1,0
user_2571,66.06,debit_card,True,False,14,0,AU,utilities,0,659,3,0.83,1,3,1,0
user_8518,287.44,ach,False,False,21,5,CA,restaurant,0,87,3,7.19,2,3,5,0
user_9787,26.46,debit_card,False,False,6,0,AU,groceries,0,983,1,0.26,3,1,1,0
user_6818,220.23,credit_card,False,False,21,5,UK,retail,0,2905,2,1.47,2,2,1,0
user_1514,367.99,credit_card,False,False,10,4,CA,restaurant,0,1170,2,9.2,1,2,1,0
user_3147,907.53,debit_card,False,False,13,1,CA,utilities,0,694,2,11.34,1,2,1,0
user_1788,878.28,credit_card,False,False,13,6,AU,retail,0,711,1,5.86,1,1,1,0
user_7565,477.59,debit_card,False,False,9,6,US,groceries,0,651,2,4.78,3,2,1,0
user_9830,459.63,debit_card,False,False,9,5,AU,utilities,0,3166,3,5.75,3,3,1,0
user_2522,309.19,ach,False,False,13,4,CA,retail,0,496,2,2.06,1,2,1,0
user_9266,137.29,ach,True,False,7,4,CA,retail,0,2928,1,0.92,3,1,1,0
user_5075,189.68,ach,False,False,16,4,US,utilities,0,2839,3,2.37,1,3,1,0
user_9263,307.51,ach,False,False,11,1,US,gas,0,756,1,6.15,1,1,1,0
user_3299,352.48,debit_card,False,False,6,2,CA,groceries,0,2349,2,3.52,3,2,1,0
user_6460,338.1,debit_card,False,True,21,6,US,gas,0,3543,2,6.76,2,2,1,0
user_9841,80.48,debit_card,False,False,9,3,AU,gas,0,1291,3,1.61,3,3,1,0
user_4337,792.85,ach,False,False,22,4,AU,utilities,0,762,2,9.91,2,2,1,0
user_5438,315.74,debit_card,False,True,14,5,CA,retail,0,524,1,2.1,1,1,1,0
user_8646,397.89,credit_card,False,False,21,0,AU,retail,0,2424,3,2.65,2,3,1,0
user_1517,700.22,debit_card,False,True,19,4,US,utilities,0,811,1,8.75,2,1,1,0
user_3399,255.33,ach,False,True,8,1,CA,gas,0,2497,2,5.11,3,2,1,0
user_5408,324.86,debit_card,False,False,19,4,US,gas,0,3571,2,6.5,2,2,1,0
user_8269,64.23,debit_card,False,False,19,5,UK,restaurant,0,148,3,1.61,2,3,5,0
user_2276,81.33,debit_card,False,False,21,1,US,utilities,0,444,2,1.02,2,2,1,0
user_1256,117.35,debit_card,False,False,19,4,CA,restaurant,0,3111,2,2.93,2,2,1,0
user_1878,264.24,ach,True,False,10,4,AU,restaurant,0,589,2,6.61,1,2,1,0
user_2380,108.28,credit_card,False,False,21,4,UK,utilities,0,3220,1,1.35,2,1,1,0
user_5476,82.11,debit_card,False,False,16,4,AU,utilities,0,1668,1,1.03,1,1,1,0
user_6770,135.63,credit_card,True,False,10,3,AU,restaurant,0,783,2,3.39,1,2,1,0
user_4362,83.63,credit_card,False,False,20,3,CA,groceries,0,2431,2,0.84,2,2,1,0
user_3135,710.75,credit_card,False,True,22,4,US,restaurant,0,3203,1,17.77,2,1,1,0
user_1807,1725.27,ach,False,False,17,3,UK,utilities,0,378,1,21.57,1,1,1,0
user_4450,75.7,credit_card,False,False,13,4,US,utilities,0,421,1,0.95,1,1,1,0
user_5581,859.85,debit_card,False,False,10,2,CA,groceries,0,2388,2,8.6,1,2,1,0
user_2654,971.3,debit_card,False,False,17,3,AU,utilities,0,2633,1,12.14,1,1,1,0
user_2099,26.13,debit_card,False,True,7,3,US,restaurant,0,1798,2,0.65,3,2,1,0
user_6008,1261.27,debit_card,False,False,9,5,UK,retail,0,3338,3,8.41,3,3,1,0
user_6315,771.91,debit_card,False,False,7,0,UK,restaurant,0,1724,3,19.3,3,3,1,0
user_2827,135.38,credit_card,False,False,13,4,CA,gas,0,1888,3,2.71,1,3,1,0
user_9808,188.98,debit_card,False,False,7,3,AU,restaurant,0,2346,1,4.72,3,1,1,0
user_6319,270.39,ach,False,True,12,3,AU,utilities,0,3413,1,3.38,1,1,1,0
user_9798,803.3,debit_card,True,False,6,0,UK,utilities,0,936,1,10.04,3,1,1,0
user_1527,529.08,ach,False,False,19,3,US,groceries,0,1015,3,5.29,2,3,1,0
user_4082,1984.54,credit_card,False,False,22,1,CA,utilities,0,1993,3,24.81,2,3,1,0
user_9796,138.6,ach,False,True,16,5,UK,utilities,0,837,2,1.73,1,2,1,0
user_6136,145.09,credit_card,True,False,21,2,UK,gas,0,2939,2,2.9,2,2,1,0
user_8633,832.39,credit_card,False,False,8,0,CA,gas,0,3441,3,16.65,3,3,1,0
user_1519,363.58,debit_card,False,False,7,5,CA,utilities,0,259,2,4.54,3,2,1,0
user_2343,343.66,debit_card,False,False,9,5,CA,groceries,0,1108,1,3.44,3,1,1,0
user_9267,57.36,debit_card,False,False,10,3,UK,retail,0,2942,2,0.38,1,2,1,0
user_3526,71.37,ach,False,False,21,5,UK,groceries,0,3481,2,0.71,2,2,1,0
user_5945,95.95,debit_card,False,False,17,2,CA,utilities,0,909,1,1.2,1,1,1,0
user_2746,88.13,debit_card,True,False,16,3,UK,retail,0,1100,3,0.59,1,3,1,0
user_5201,260.46,debit_card,False,True,11,3,CA,gas,0,3421,2,5.21,1,2,1,0
user_9311,1224.64,debit_card,False,False,22,1,AU,retail,0,2932,2,8.16,2,2,1,0
user_9508,328.44,ach,False,False,6,4,CA,utilities,0,1373,1,4.11,3,1,1,0
user_8851,696.11,ach,False,False,17,4,AU,utilities,0,2256,2,8.7,1,2,1,0
user_8750,64.85,credit_card,False,False,8,5,UK,utilities,0,1680,3,0.81,3,3,1,0
user_3381,690.71,debit_card,False,False,21,4,AU,groceries,0,391,1,6.91,2,1,1,0
user_4910,298.12,debit_card,False,False,16,2,CA,restaurant,0,2781,3,7.45,1,3,1,0
user_7739,78.21,ach,False,False,11,3,UK,gas,0,2224,2,1.56,1,2,1,0
user_8141,983.75,ach,False,False,8,3,AU,utilities,0,1455,3,12.3,3,3,1,0
user_1111,258.76,ach,False,False,15,0,CA,retail,0,1859,3,1.73,1,3,1,0
user_8199,1440.48,debit_card,False,False,18,0,CA,retail,0,1520,2,9.6,2,2,1,0
user_7475,711.14,credit_card,False,False,11,4,US,utilities,0,867,2,8.89,1,2,1,0
user_8157,696.48,credit_card,False,False,21,4,UK,retail,0,743,2,4.64,2,2,1,0
user_5684,251.26,debit_card,False,False,6,2,US,restaurant,0,133,3,6.28,3,3,5,0
user_6364,1988.06,ach,False,False,22,6,UK,retail,0,807,3,13.25,2,3,1,0
user_1173,194.24,ach,True,True,22,0,CA,retail,0,3131,1,1.29,2,1,1,0
user_7723,939.01,debit_card,False,True,21,0,AU,groceries,0,3605,2,9.39,2,2,1,0
user_5342,725.06,debit_card,False,False,18,2,AU,retail,0,897,1,4.83,2,1,1,0
user_3455,172.47,debit_card,False,False,15,3,AU,groceries,0,506,2,1.72,1,2,1,0
user_5177,128.48,debit_card,False,False,16,4,US,retail,0,1872,2,0.86,1,2,1,0
user_3024,253.8,ach,False,False,14,0,UK,restaurant,0,2424,3,6.35,1,3,1,0
user_6576,3226.79,debit_card,True,True,5,3,BR,jewelry,4,2306,12,3.23,10,12,1,1
user_3754,42.44,ach,False,False,18,6,US,gas,0,2203,2,0.85,2,2,1,0
user_3042,328.26,ach,False,True,10,2,CA,restaurant,0,1147,2,8.21,1,2,1,0
user_9226,909.27,debit_card,False,False,19,2,CA,restaurant,0,522,1,22.73,2,1,1,0
user_1485,120.28,debit_card,False,False,16,2,AU,restaurant,0,964,3,3.01,1,3,1,0
user_2753,84.63,ach,True,False,20,1,CA,groceries,0,1017,1,0.85,2,1,1,0
user_4949,503.53,debit_card,False,False,22,4,US,retail,0,2193,1,3.36,2,1,1,0
user_1975,62.4,credit_card,True,True,7,6,CA,gas,0,3201,2,1.25,3,2,1,0
user_4006,123.34,credit_card,False,True,12,2,CA,gas,0,3611,3,2.47,1,3,1,0
user_9565,290.64,debit_card,True,False,17,1,CA,retail,0,2773,3,1.94,1,3,1,0
user_3636,134.06,ach,False,False,20,6,UK,gas,0,629,3,2.68,2,3,1,0
user_4878,131.23,credit_card,False,False,8,0,AU,retail,0,131,2,0.87,3,2,5,0
user_3785,1457.9,ach,False,False,9,0,UK,restaurant,0,429,1,36.45,3,1,1,0
user_4281,1661.6,ach,False,False,8,6,US,restaurant,0,399,3,41.54,3,3,1,0
user_2391,48.81,debit_card,False,False,11,4,CA,gas,0,3120,1,0.98,1,1,1,0
user_1533,836.38,debit_card,False,False,13,2,AU,gas,0,3554,1,16.73,1,1,1,0
user_9984,277.53,ach,True,False,13,3,UK,gas,0,1888,2,5.55,1,2,1,0
user_4909,1343.06,wire_transfer,True,True,5,2,CN,wire_transfer,3,1809,13,2.69,10,13,1,1
user_2938,189.79,debit_card,False,False,13,1,UK,retail,0,2980,1,1.27,1,1,1,0
user_7607,164.38,credit_card,False,False,11,5,AU,retail,0,1849,2,1.1,1,2,1,0
user_9710,658.66,debit_card,False,False,11,5,CA,retail,0,2185,1,4.39,1,1,1,0
user_3173,121.88,ach,False,True,19,2,UK,gas,0,2939,1,2.44,2,1,1,0
user_8397,43.97,debit_card,False,True,11,6,CA,retail,0,292,1,0.29,1,1,1,0
user_7550,1185.43,ach,False,True,6,2,US,restaurant,0,2993,1,29.64,3,1,1,0
user_6818,365.82,debit_card,False,False,19,3,UK,restaurant,0,2905,2,9.15,2,2,1,0
user_2195,29.39,debit_card,True,False,19,4,US,utilities,0,86,2,0.37,2,2,5,0
user_8491,396.24,debit_card,False,False,7,6,US,utilities,0,1907,3,4.95,3,3,1,0
user_5380,1423.46,credit_card,False,True,19,6,US,retail,0,585,1,9.49,2,1,1,0
user_2539,1970.17,debit_card,False,False,20,5,CA,restaurant,0,1966,1,49.25,2,1,1,0
user_4817,7419.1,wire_transfer,True,True,1,3,CN,wire_transfer,3,1165,6,14.84,10,6,1,1
user_1829,166.82,credit_card,False,False,19,1,AU,groceries,0,3395,3,1.67,2,3,1,0
user_5256,248.63,credit_card,False,False,16,3,UK,gas,0,1439,2,4.97,1,2,1,0
user_2476,300.36,credit_card,False,False,17,2,AU,utilities,0,749,2,3.75,1,2,1,0
user_6169,49.85,ach,False,False,19,4,CA,retail,0,814,2,0.33,2,2,1,0
user_1601,966.07,debit_card,False,False,11,3,UK,gas,0,1063,2,19.32,1,2,1,0
user_5380,539.26,debit_card,False,False,20,2,US,retail,0,585,1,3.6,2,1,1,0
user_4510,1345.46,ach,False,False,6,3,AU,gas,0,1025,3,26.91,3,3,1,0
user_5911,429.95,ach,False,False,6,4,UK,restaurant,0,1386,3,10.75,3,3,1,0
user_7126,91.76,debit_card,True,False,19,0,CA,retail,0,298,3,0.61,2,3,1,0
user_8381,798.09,ach,False,False,14,0,UK,retail,0,163,1,5.32,1,1,5,0
user_9394,82.18,credit_card,False,False,15,2,AU,utilities,0,484,2,1.03,1,2,1,0
user_5661,950.22,ach,False,False,19,5,UK,restaurant,0,1453,1,23.76,2,1,1,0
user_2235,53.26,ach,False,False,22,3,US,restaurant,0,3358,3,1.33,2,3,1,0
user_1474,136.2,debit_card,True,False,12,6,UK,utilities,0,1421,3,1.7,1,3,1,0
user_5583,431.9,debit_card,False,False,7,3,AU,gas,0,846,2,8.64,3,2,1,0
user_8803,394.51,ach,False,True,10,1,AU,groceries,0,3527,2,3.95,1,2,1,0
user_4978,64.15,debit_card,False,False,20,0,UK,retail,0,3512,3,0.43,2,3,1,0
user_8489,26.25,debit_card,True,False,8,2,AU,restaurant,0,2474,3,0.66,3,3,1,0
user_1423,27.11,credit_card,False,False,11,6,US,groceries,0,3162,3,0.27,1,3,1,0
user_5799,1498.39,debit_card,False,False,11,6,US,restaurant,0,2275,2,37.46,1,2,1,0
user_6374,779.92,credit_card,False,False,6,6,US,gas,0,2632,2,15.6,3,2,1,0
user_6363,65.6,debit_card,False,False,16,5,UK,restaurant,0,1412,2,1.64,1,2,1,0
user_4362,75.41,debit_card,False,False,22,1,CA,utilities,0,2431,3,0.94,2,3,1,0
user_7025,1571.1,debit_card,False,False,20,6,CA,gas,0,3209,2,31.42,2,2,1,0
user_4944,159.93,credit_card,False,True,20,4,UK,groceries,0,229,1,1.6,2,1,1,0
user_1130,209.6,ach,False,False,9,4,UK,restaurant,0,2339,1,5.24,3,1,1,0
user_9374,188.26,debit_card,False,False,16,2,CA,groceries,0,3102,2,1.88,1,2,1,0
user_3880,96.42,debit_card,False,False,12,0,AU,restaurant,0,793,2,2.41,1,2,1,0
user_4871,96.26,ach,False,False,21,1,US,utilities,0,1936,2,1.2,2,2,1,0
user_5930,963.77,credit_card,False,False,22,3,US,restaurant,0,1274,2,24.09,2,2,1,0
user_8273,98.79,credit_card,False,False,21,6,CA,utilities,0,2198,3,1.23,2,3,1,0
user_8025,273.29,credit_card,False,False,22,3,US,groceries,0,2527,3,2.73,2,3,1,0
user_1520,70.47,ach,False,False,7,3,CA,retail,0,982,1,0.47,3,1,1,0
user_2753,95.58,debit_card,False,True,19,5,CA,restaurant,0,1017,2,2.39,2,2,1,0
user_9311,1286.27,ach,False,True,19,1,AU,retail,0,2932,1,8.58,2,1,1,0
user_1502,90.11,ach,False,False,22,6,CA,gas,0,1570,2,1.8,2,2,1,0
user_7615,85.44,debit_card,True,False,20,5,CA,gas,0,2401,3,1.71,2,3,1,0
user_2394,253.16,ach,False,False,6,5,UK,utilities,0,897,2,3.16,3,2,1,0
user_5622,213.96,debit_card,False,False,11,2,AU,utilities,0,3008,3,2.67,1,3,1,0
user_1854,297.26,debit_card,False,False,14,2,US,retail,0,2943,2,1.98,1,2,1,0
user_9154,166.39,debit_card,False,False,20,2,CA,utilities,0,3216,2,2.08,2,2,1,0
user_7147,393.99,debit_card,False,False,19,2,US,utilities,0,2462,1,4.92,2,1,1,0
user_1971,269.01,credit_card,False,False,21,6,CA,gas,0,2903,2,5.38,2,2,1,0
user_9762,68.05,credit_card,False,False,19,5,US,groceries,0,3126,2,0.68,2,2,1,0
user_5090,61.83,debit_card,False,False,22,6,UK,restaurant,0,3423,3,1.55,2,3,1,0
user_8028,89.27,debit_card,False,False,13,4,AU,restaurant,0,1465,1,2.23,1,1,1,0
user_2294,272.65,credit_card,False,True,12,2,AU,retail,0,2344,2,1.82,1,2,1,0
user_7248,87.45,debit_card,True,False,13,2,UK,restaurant,0,2242,2,2.19,1,2,1,0
user_6864,953.29,ach,False,True,22,6,AU,gas,0,3646,2,19.07,2,2,1,0
user_6864,751.25,debit_card,False,False,19,4,AU,retail,0,3646,1,5.01,2,1,1,0
user_2013,882.03,debit_card,False,False,11,0,UK,restaurant,0,2955,1,22.05,1,1,1,0
user_7461,49.74,debit_card,False,True,19,6,US,groceries,0,1811,2,0.5,2,2,1,0
user_7434,722.0,debit_card,False,False,8,3,UK,utilities,0,2601,3,9.03,3,3,1,0
user_5581,502.29,ach,True,False,9,5,CA,gas,0,2388,3,10.05,3,3,1,0
user_4949,294.79,debit_card,False,False,19,1,US,retail,0,2193,2,1.97,2,2,1,0
user_3328,621.01,debit_card,False,False,9,3,AU,restaurant,0,2250,1,15.53,3,1,1,0
user_3876,312.41,debit_card,False,False,7,6,US,restaurant,0,260,1,7.81,3,1,1,0
user_9821,52.13,credit_card,False,False,13,3,UK,groceries,0,1361,2,0.52,1,2,1,0
user_9787,33.59,debit_card,False,False,7,6,AU,gas,0,983,3,0.67,3,3,1,0
user_8397,83.65,credit_card,True,False,8,3,CA,gas,0,292,2,1.67,3,2,1,0
user_9698,127.83,ach,False,True,15,4,UK,groceries,0,1471,3,1.28,1,3,1,0
user_8490,55.87,debit_card,False,False,22,1,AU,utilities,0,1322,2,0.7,2,2,1,0
user_1760,45.17,debit_card,False,True,20,0,UK,utilities,0,452,3,0.56,2,3,1,0
user_4164,613.7,debit_card,False,False,14,4,UK,gas,0,3570,1,12.27,1,1,1,0
user_5720,210.84,debit_card,False,False,21,4,AU,retail,0,321,2,1.41,2,2,1,0
user_6085,79.21,ach,False,False,7,3,CA,utilities,0,130,1,0.99,3,1,5,0
user_1618,9845.56,cryptocurrency,True,True,23,1,UK,wire_transfer,3,87,14,19.69,7,14,5,1
user_8714,1866.87,debit_card,False,False,21,0,CA,groceries,0,3150,1,18.67,2,1,1,0
user_6447,191.62,debit_card,False,False,7,2,UK,groceries,0,2266,3,1.92,3,3,1,0
user_9180,161.39,credit_card,False,True,21,4,UK,restaurant,0,1021,2,4.03,2,2,1,0
user_1514,168.62,ach,False,False,6,3,CA,gas,0,1170,1,3.37,3,1,1,0
user_2796,74.1,debit_card,False,False,18,6,CA,retail,0,3274,2,0.49,2,2,1,0
user_7866,652.71,debit_card,False,False,18,4,CA,groceries,0,1729,1,6.53,2,1,1,0
user_7889,346.1,debit_card,True,False,14,3,UK,retail,0,2428,1,2.31,1,1,1,0
user_8978,1082.18,debit_card,False,False,7,5,CA,gas,0,2674,3,21.64,3,3,1,0
user_7248,57.18,credit_card,False,False,12,6,UK,restaurant,0,2242,3,1.43,1,3,1,0
user_3555,36.03,debit_card,True,True,7,2,US,utilities,0,1025,2,0.45,3,2,1,0
user_4695,144.05,ach,True,False,13,4,US,utilities,0,3303,3,1.8,1,3,1,0
user_9727,1244.28,wire_transfer,True,True,0,3,ID,jewelry,5,2281,12,1.24,10,12,1,1
user_2796,130.88,credit_card,False,False,21,2,CA,groceries,0,3274,2,1.31,2,2,1,0
user_9123,728.04,debit_card,False,False,21,2,CA,gas,0,1905,3,14.56,2,3,1,0
user_1567,212.39,credit_card,False,False,20,6,US,retail,0,2150,3,1.42,2,3,1,0
user_7487,224.07,ach,False,False,9,1,CA,retail,0,2398,1,1.49,3,1,1,0
user_2612,53.59,ach,False,True,16,2,UK,utilities,0,3309,2,0.67,1,2,1,0
user_2889,177.51,debit_card,False,False,22,5,US,utilities,0,210,1,2.22,2,1,1,0
user_4505,93.23,debit_card,False,False,14,4,AU,utilities,0,1385,2,1.17,1,2,1,0
user_5288,195.68,credit_card,False,False,22,1,AU,utilities,0,908,3,2.45,2,3,1,0
user_7563,232.42,debit_card,False,False,18,2,US,groceries,0,2415,2,2.32,2,2,1,0
user_6363,199.17,ach,False,True,16,4,UK,retail,0,1412,3,1.33,1,3,1,0
user_4878,67.03,debit_card,False,False,6,1,AU,retail,0,131,3,0.45,3,3,5,0
user_9849,159.89,credit_card,False,False,21,1,UK,restaurant,0,1248,2,4.0,2,2,1,0
user_4707,769.21,credit_card,False,False,7,6,AU,gas,0,1684,3,15.38,3,3,1,0
user_3777,130.71,ach,False,False,15,5,UK,gas,0,1129,1,2.61,1,1,1,0
user_4387,1276.8,debit_card,False,False,12,1,AU,retail,0,1953,2,8.51,1,2,1,0
user_2417,101.84,credit_card,False,False,12,4,AU,restaurant,0,1648,2,2.55,1,2,1,0
user_8879,1346.56,debit_card,False,False,7,3,AU,retail,0,1649,3,8.98,3,3,1,0
user_6629,30.98,debit_card,False,True,12,4,CA,utilities,0,1986,3,0.39,1,3,1,0
user_3093,1865.49,ach,False,False,8,1,AU,groceries,0,2112,3,18.65,3,3,1,0
user_5342,138.96,debit_card,False,False,20,6,AU,groceries,0,2691,2,1.39,2,2,1,0
user_5942,4416.1,wire_transfer,True,True,2,0,RO,wire_transfer,3,3093,14,8.83,10,14,1,1
user_2524,73.57,ach,False,False,10,0,AU,restaurant,0,2900,2,1.84,1,2,1,0
user_9163,1849.14,ach,False,False,17,4,AU,gas,0,3630,1,36.98,1,1,1,0
user_1852,783.64,debit_card,True,True,3,4,BR,electronics,5,3324,21,1.57,10,20,1,1
user_3526,485.92,debit_card,True,False,21,6,CA,restaurant,0,3059,3,12.15,2,3,1,0
user_6500,406.73,debit_card,False,False,6,3,UK,utilities,0,888,1,5.08,3,1,1,0
user_4714,1543.08,ach,False,True,7,3,AU,groceries,0,251,1,15.43,3,1,1,0
user_5404,872.78,debit_card,False,False,11,4,US,groceries,0,777,2,8.73,1,2,1,0
user_6816,57.37,ach,False,False,21,4,US,restaurant,0,2336,1,1.43,2,1,1,0
user_9625,335.88,ach,False,False,16,3,UK,gas,0,3286,1,6.72,1,1,1,0
user_3734,107.49,ach,False,True,8,4,UK,restaurant,0,3197,2,2.69,3,2,1,0
user_7315,99.97,debit_card,False,False,11,6,US,retail,0,858,3,0.67,1,3,1,0
user_4839,952.97,credit_card,False,False,8,3,US,utilities,0,603,1,11.91,3,1,1,0
user_4387,81.33,debit_card,False,False,7,1,CA,utilities,0,3455,1,1.02,3,1,1,0
user_3869,521.57,ach,False,False,18,3,AU,utilities,0,222,1,6.52,2,1,1,0
user_2809,561.71,ach,False,False,22,3,AU,restaurant,0,640,3,14.04,2,3,1,0
user_1126,665.58,credit_card,False,True,21,3,AU,groceries,0,749,3,6.66,2,3,1,0
user_1645,1204.72,debit_card,False,False,12,2,CA,utilities,0,2848,2,15.06,1,2,1,0
user_7461,90.35,debit_card,False,True,19,2,US,restaurant,0,1811,3,2.26,2,3,1,0
user_6253,61.4,ach,False,False,13,1,CA,groceries,0,2734,1,0.61,1,1,1,0
user_4729,348.24,debit_card,False,False,13,6,AU,restaurant,0,1877,3,8.71,1,3,1,0
user_7149,969.12,ach,False,False,22,2,CA,utilities,0,341,1,12.11,2,1,1,0
user_2827,351.36,credit_card,False,True,15,6,CA,restaurant,0,1888,1,8.78,1,1,1,0
user_1857,360.93,debit_card,False,True,7,3,UK,restaurant,0,417,1,9.02,3,1,1,0
user_1527,686.31,debit_card,False,False,19,5,US,restaurant,0,1015,2,17.16,2,2,1,0
user_1090,48.99,credit_card,False,True,17,3,CA,gas,0,750,1,0.98,1,1,1,0
user_8598,182.95,debit_card,False,False,11,4,UK,gas,0,1757,1,3.66,1,1,1,0
user_5558,198.79,credit_card,False,False,13,0,AU,utilities,0,1370,3,2.48,1,3,1,0
user_1722,36.69,credit_card,False,False,16,3,CA,utilities,0,2639,3,0.46,1,3,1,0
user_1258,85.47,ach,False,True,17,0,US,restaurant,0,549,2,2.14,1,2,1,0
user_3947,1909.9,debit_card,False,False,10,5,AU,groceries,0,2931,3,19.1,1,3,1,0
user_3496,140.97,credit_card,False,True,8,6,AU,restaurant,0,2772,3,3.52,3,3,1,0
user_7909,167.64,debit_card,False,True,6,4,CA,retail,0,2881,3,1.12,3,3,1,0
user_3451,156.5,debit_card,False,True,19,1,US,groceries,0,462,2,1.56,2,2,1,0
user_9317,1433.94,ach,False,True,11,3,CA,restaurant,0,1561,3,35.85,1,3,1,0
user_1461,272.95,debit_card,False,False,8,3,UK,restaurant,0,3271,2,6.82,3,2,1,0
user_6802,34.94,credit_card,False,False,12,5,US,utilities,0,1816,2,0.44,1,2,1,0
user_9689,29.66,debit_card,True,False,21,4,AU,groceries,0,3465,1,0.3,2,1,1,0
user_1417,881.15,debit_card,False,False,16,5,UK,gas,0,1744,1,17.62,1,1,1,0
user_3110,68.46,ach,False,True,12,3,US,restaurant,0,204,2,1.71,1,2,1,0
user_4714,1275.17,ach,True,False,10,0,AU,utilities,0,251,3,15.94,1,3,1,0
user_8939,171.56,credit_card,False,True,15,2,AU,groceries,0,347,1,1.72,1,1,1,0
user_9904,1713.94,debit_card,False,False,13,2,CA,restaurant,0,1528,2,42.85,1,2,1,0
user_7154,55.54,debit_card,False,False,21,6,CA,gas,0,2706,3,1.11,2,3,1,0
user_2638,38.07,credit_card,False,False,21,2,CA,gas,0,2102,3,0.76,2,3,1,0
user_5458,1404.17,debit_card,False,False,12,5,CA,utilities,0,1343,3,17.55,1,3,1,0
user_1722,95.61,debit_card,False,False,13,6,CA,retail,0,2639,1,0.64,1,1,1,0
user_3684,525.31,debit_card,False,False,15,6,UK,restaurant,0,713,1,13.13,1,1,1,0
user_9004,1924.62,ach,False,False,11,4,AU,restaurant,0,2675,1,48.12,1,1,1,0
user_3862,71.7,credit_card,True,False,16,5,UK,restaurant,0,3313,3,1.79,1,3,1,0
user_7126,111.16,credit_card,True,False,14,1,US,gas,0,1565,2,2.22,1,2,1,0
user_9246,555.71,credit_card,False,False,15,5,CA,restaurant,0,297,3,13.89,1,3,1,0
user_8542,105.66,credit_card,False,True,6,5,CA,utilities,0,1115,2,1.32,3,2,1,0
user_5819,741.82,ach,False,False,7,6,US,groceries,0,795,2,7.42,3,2,1,0
user_7232,587.34,debit_card,False,False,8,2,UK,retail,0,1253,3,3.92,3,3,1,0
user_4534,89.93,credit_card,False,False,10,0,AU,restaurant,0,2105,1,2.25,1,1,1,0
user_2767,46.27,ach,False,False,15,4,AU,gas,0,976,2,0.93,1,2,1,0
user_4560,89.53,debit_card,False,False,9,6,UK,groceries,0,2842,3,0.9,3,3,1,0
user_6113,9810.7,cryptocurrency,True,True,18,3,US,cryptocurrency,2,3080,16,9.81,2,16,1,1
user_5803,1828.22,credit_card,False,False,13,4,CA,retail,0,2915,2,12.19,1,2,1,0
user_7086,67.46,debit_card,False,False,19,2,CA,utilities,0,1961,1,0.84,2,1,1,0
user_9364,1771.91,debit_card,False,True,21,2,CA,utilities,0,2549,2,22.15,2,2,1,0
user_7429,1166.3,wire_transfer,True,True,5,4,NG,wire_transfer,5,773,6,2.33,10,6,1,1
user_5225,2047.87,wire_transfer,True,True,3,5,CN,wire_transfer,3,386,11,4.1,10,11,1,1
user_4176,253.67,debit_card,False,False,15,5,CA,restaurant,0,997,1,6.34,1,1,1,0
user_4389,402.09,debit_card,False,False,16,3,UK,restaurant,0,3410,2,10.05,1,2,1,0
user_8366,189.74,debit_card,False,False,9,0,US,restaurant,0,237,3,4.74,3,3,1,0
user_5476,67.93,debit_card,False,False,15,2,AU,retail,0,1668,3,0.45,1,3,1,0
user_4362,38.01,debit_card,False,False,21,6,CA,groceries,0,2431,1,0.38,2,1,1,0
user_2463,135.33,ach,False,False,13,3,CA,restaurant,0,3078,1,3.38,1,1,1,0
user_4212,1150.25,ach,False,False,21,3,CA,utilities,0,1022,3,14.38,2,3,1,0
user_4648,34.98,debit_card,False,False,10,6,UK,utilities,0,1926,2,0.44,1,2,1,0
user_3519,33.96,ach,False,False,12,0,UK,retail,0,185,2,0.23,1,2,1,0
user_2617,91.79,debit_card,False,False,19,0,AU,restaurant,0,2724,2,2.29,2,2,1,0
user_8066,196.28,debit_card,False,False,22,2,AU,retail,0,673,2,1.31,2,2,1,0
user_8145,346.96,credit_card,False,True,14,2,CA,utilities,0,2813,2,4.34,1,2,1,0
user_3315,84.39,debit_card,False,False,15,1,US,retail,0,1076,2,0.56,1,2,1,0
user_9167,878.61,credit_card,False,False,9,2,CA,retail,0,1123,1,5.86,3,1,1,0
user_7939,1648.09,credit_card,False,False,12,6,UK,gas,0,2817,3,32.96,1,3,1,0
user_3852,211.44,debit_card,False,False,22,5,CA,groceries,0,527,1,2.11,2,1,1,0
user_3847,1965.68,credit_card,False,False,11,2,CA,gas,0,40,1,39.31,1,1,5,0
user_8244,161.48,debit_card,False,False,20,5,AU,restaurant,0,3281,2,4.04,2,2,1,0
user_2983,769.56,ach,False,False,10,0,UK,retail,0,2212,3,5.13,1,3,1,0
user_6816,130.45,debit_card,False,False,21,5,US,restaurant,0,2336,1,3.26,2,1,1,0
user_6568,1344.79,debit_card,False,False,17,1,US,restaurant,0,1188,1,33.62,1,1,1,0
user_8483,382.15,debit_card,False,True,13,2,AU,utilities,0,235,2,4.78,1,2,1,0
user_9418,54.56,debit_card,False,False,14,1,US,gas,0,1785,3,1.09,1,3,1,0
user_5463,1093.45,debit_card,False,False,13,5,CA,retail,0,2887,2,7.29,1,2,1,0
user_4255,312.99,credit_card,False,False,7,3,CA,restaurant,0,492,2,7.82,3,2,1,0
user_1108,1936.21,credit_card,True,False,6,2,AU,gas,0,1550,3,38.72,3,3,1,0
user_1128,9561.18,cryptocurrency,True,True,15,4,US,cryptocurrency,2,3626,14,9.56,1,14,1,1
user_4560,155.91,debit_card,False,False,6,6,UK,restaurant,0,2842,3,3.9,3,3,1,0
user_5222,1137.24,credit_card,False,False,20,5,UK,gas,0,2873,3,22.74,2,3,1,0
user_1945,948.65,ach,False,False,13,2,UK,retail,0,2992,2,6.32,1,2,1,0
user_1919,96.25,credit_card,False,True,20,3,CA,gas,0,368,3,1.93,2,3,1,0
user_4697,1579.01,debit_card,False,False,15,0,AU,restaurant,0,1843,2,39.48,1,2,1,0
user_7824,1147.66,debit_card,False,False,16,5,US,groceries,0,2474,2,11.48,1,2,1,0
user_3675,793.66,ach,False,False,15,4,CA,restaurant,0,1107,3,19.84,1,3,1,0
user_4450,2236.76,debit_card,True,True,2,0,PH,electronics,6,2100,25,4.47,10,20,1,1
user_9796,134.19,ach,False,True,14,6,UK,gas,0,837,1,2.68,1,1,1,0
user_5342,1847.73,debit_card,True,False,22,2,AU,gas,0,897,3,36.95,2,3,1,0
user_6629,95.27,debit_card,False,False,16,4,CA,restaurant,0,1986,2,2.38,1,2,1,0
user_9904,1279.82,credit_card,False,False,12,6,CA,retail,0,1528,3,8.53,1,3,1,0
user_5911,551.5,credit_card,False,True,6,4,UK,restaurant,0,1060,2,13.79,3,2,1,0
user_7563,328.88,debit_card,False,False,22,0,US,groceries,0,2415,2,3.29,2,2,1,0
user_6005,52.54,credit_card,False,False,13,0,US,restaurant,0,2912,2,1.31,1,2,1,0
user_7824,1313.96,debit_card,False,False,15,5,US,restaurant,0,2474,1,32.85,1,1,1,0
user_7144,107.76,debit_card,False,False,20,4,UK,restaurant,0,1704,2,2.69,2,2,1,0
user_9700,86.14,ach,False,True,11,0,US,restaurant,0,2596,3,2.15,1,3,1,0
user_1202,524.64,debit_card,False,False,20,0,AU,retail,0,490,1,3.5,2,1,1,0
user_5162,159.51,credit_card,False,False,15,3,AU,utilities,0,1656,1,1.99,1,1,1,0
user_1567,224.71,ach,False,False,18,5,US,gas,0,2150,3,4.49,2,3,1,0
user_7607,162.57,ach,False,True,9,2,AU,retail,0,1849,2,1.08,3,2,1,0
user_5744,55.08,credit_card,False,True,21,2,AU,gas,0,2560,2,1.1,2,2,1,0
user_4281,1429.37,credit_card,False,False,9,2,US,groceries,0,399,1,14.29,3,1,1,0
user_8973,55.45,debit_card,True,True,7,3,UK,gas,0,921,1,1.11,3,1,1,0
user_4389,608.94,ach,False,False,14,2,UK,utilities,0,3410,2,7.61,1,2,1,0
user_2696,430.03,debit_card,True,False,22,3,UK,groceries,0,2094,2,4.3,2,2,1,0
user_4519,117.5,debit_card,False,False,16,0,US,utilities,0,2394,3,1.47,1,3,1,0
user_7179,855.93,credit_card,False,False,22,1,US,utilities,0,3608,3,10.7,2,3,1,0
user_6364,1926.6,ach,False,False,20,0,UK,gas,0,807,1,38.53,2,1,1,0
user_3754,31.45,debit_card,False,False,21,2,US,restaurant,0,2203,1,0.79,2,1,1,0
user_9837,1946.03,debit_card,False,False,7,3,UK,groceries,0,2031,2,19.46,3,2,1,0
user_5349,49.34,debit_card,False,False,11,4,AU,groceries,0,1445,2,0.49,1,2,1,0
user_4751,930.89,ach,False,False,9,1,US,gas,0,452,1,18.62,3,1,1,0
user_7557,544.0,credit_card,True,False,17,1,AU,groceries,0,2855,3,5.44,1,3,1,0
user_9508,840.4,debit_card,False,False,10,2,CA,utilities,0,1373,1,10.5,1,1,1,0
user_9163,1176.86,credit_card,False,False,17,1,AU,gas,0,3630,2,23.54,1,2,1,0
user_7859,1903.68,debit_card,True,False,20,4,CA,retail,0,1150,2,12.69,2,2,1,0
user_2463,80.45,debit_card,False,True,15,5,CA,retail,0,3078,1,0.54,1,1,1,0
user_5414,399.73,credit_card,False,False,22,1,US,groceries,0,799,3,4.0,2,3,1,0
user_5254,103.95,debit_card,False,True,21,0,UK,retail,0,1001,2,0.69,2,2,1,0
user_1674,40.71,ach,False,False,10,0,US,utilities,0,2657,3,0.51,1,3,1,0
user_2294,258.23,ach,False,False,16,1,AU,restaurant,0,2344,2,6.46,1,2,1,0
user_4751,644.71,debit_card,False,True,10,1,US,restaurant,0,452,3,16.12,1,3,1,0
user_9031,42.47,debit_card,False,False,13,0,UK,groceries,0,2633,1,0.42,1,1,1,0
user_8199,1799.26,debit_card,False,True,18,1,CA,restaurant,0,1520,2,44.98,2,2,1,0
user_5107,95.71,debit_card,False,False,11,2,AU,gas,0,1385,1,1.91,1,1,1,0
user_9153,1899.79,credit_card,False,True,6,2,CA,restaurant,0,1918,1,47.49,3,1,1,0
user_2767,93.41,ach,False,True,13,4,AU,utilities,0,976,2,1.17,1,2,1,0
user_6442,731.73,debit_card,False,False,21,3,CA,groceries,0,1122,1,7.32,2,1,1,0
user_8368,115.48,ach,False,True,17,1,US,utilities,0,1828,1,1.44,1,1,1,0
user_6136,147.35,debit_card,False,False,21,5,UK,retail,0,2939,3,0.98,2,3,1,0
user_5825,172.01,ach,False,False,10,6,US,restaurant,0,2905,1,4.3,1,1,1,0
user_2734,113.57,credit_card,False,True,15,5,AU,gas,0,2176,1,2.27,1,1,1,0
user_3931,1568.57,ach,False,False,22,4,AU,groceries,0,3086,3,15.69,2,3,1,0
user_4920,158.25,debit_card,False,False,6,2,CA,utilities,0,2643,2,1.98,3,2,1,0
user_5414,469.25,ach,False,False,18,1,US,utilities,0,799,3,5.87,2,3,1,0
user_5744,96.65,debit_card,False,False,21,5,AU,groceries,0,2560,1,0.97,2,1,1,0
user_7244,950.48,credit_card,False,False,15,3,AU,restaurant,0,1702,3,23.76,1,3,1,0
user_5720,370.63,ach,False,False,19,3,AU,groceries,0,321,1,3.71,2,1,1,0
user_3340,56.03,debit_card,False,False,19,5,US,utilities,0,2529,1,0.7,2,1,1,0
user_3777,170.32,credit_card,False,False,16,5,UK,restaurant,0,1129,2,4.26,1,2,1,0
user_9022,95.13,debit_card,False,False,15,4,AU,utilities,0,1443,2,1.19,1,2,1,0
user_6804,271.97,debit_card,False,False,15,2,AU,groceries,0,3568,3,2.72,1,3,1,0
user_3880,93.49,credit_card,False,True,14,3,AU,groceries,0,793,3,0.93,1,3,1,0
user_5911,280.48,debit_card,False,False,8,6,UK,groceries,0,1060,2,2.8,3,2,1,0
user_4652,974.27,credit_card,False,False,15,1,AU,gas,0,2965,1,19.49,1,1,1,0
user_3209,31.43,credit_card,True,False,18,3,AU,groceries,0,181,1,0.31,2,1,1,0
user_5105,1154.53,wire_transfer,True,True,3,3,VN,jewelry,4,542,22,1.15,10,20,1,1
user_4637,1963.42,debit_card,False,False,20,2,CA,groceries,0,1855,1,19.63,2,1,1,0
user_2388,267.02,ach,False,True,20,2,AU,utilities,0,2665,1,3.34,2,1,1,0
user_2612,27.34,credit_card,False,False,17,3,UK,groceries,0,3309,1,0.27,1,1,1,0
user_3754,55.4,ach,False,True,18,0,US,retail,0,2203,2,0.37,2,2,1,0
user_8909,54.85,credit_card,False,False,17,1,AU,gas,0,381,3,1.1,1,3,1,0
user_1742,276.83,debit_card,False,False,16,3,US,retail,0,2246,2,1.85,1,2,1,0
user_3862,51.3,debit_card,False,False,12,5,UK,utilities,0,3313,2,0.64,1,2,1,0
user_5240,69.49,credit_card,False,False,11,5,US,groceries,0,839,2,0.69,1,2,1,0
user_4584,90.88,ach,False,False,20,5,AU,utilities,0,32,3,1.14,2,3,5,0
user_3399,132.78,debit_card,False,False,7,6,CA,gas,0,2497,1,2.66,3,1,1,0
user_5803,761.1,ach,False,False,12,6,CA,groceries,0,2915,3,7.61,1,3,1,0
user_4617,57.93,credit_card,False,False,7,1,AU,utilities,0,1855,1,0.72,3,1,1,0
user_8611,60.54,debit_card,False,False,20,4,CA,groceries,0,3504,1,0.61,2,1,1,0
user_8886,68.16,debit_card,False,False,15,2,US,utilities,0,704,2,0.85,1,2,1,0
user_9464,141.85,debit_card,False,False,6,2,CA,gas,0,2979,3,2.84,3,3,1,0
user_9565,129.32,debit_card,True,False,14,5,CA,retail,0,2773,3,0.86,1,3,1,0
user_9698,319.14,debit_card,False,True,12,2,UK,restaurant,0,1471,3,7.98,1,3,1,0
user_7126,90.82,ach,False,False,14,5,US,gas,0,1565,3,1.82,1,3,1,0
user_5819,708.41,debit_card,False,False,7,5,US,groceries,0,795,3,7.08,3,3,1,0
user_5828,1672.91,ach,False,False,20,5,AU,retail,0,807,3,11.15,2,3,1,0
user_7010,1324.74,credit_card,False,False,8,5,AU,utilities,0,2267,1,16.56,3,1,1,0
user_4164,660.37,ach,False,False,15,6,UK,retail,0,3570,1,4.4,1,1,1,0
user_7415,592.69,debit_card,False,False,6,3,CA,groceries,0,2497,2,5.93,3,2,1,0
user_8141,290.78,debit_card,False,False,9,2,AU,restaurant,0,1455,3,7.27,3,3,1,0
user_8722,29144.27,wire_transfer,True,True,4,3,RU,wire_transfer,2,783,6,58.29,10,6,1,1
user_8909,34.71,debit_card,False,True,14,4,AU,utilities,0,381,1,0.43,1,1,1,0
user_5581,530.64,credit_card,True,False,11,2,CA,gas,0,2388,3,10.61,1,3,1,0
user_7624,61.14,debit_card,False,False,16,5,CA,gas,0,2578,1,1.22,1,1,1,0
user_5355,1194.51,debit_card,False,False,6,0,US,gas,0,3447,1,23.89,3,1,1,0
user_2200,98.95,debit_card,False,False,10,0,UK,restaurant,0,2315,1,2.47,1,1,1,0
user_3621,45.5,debit_card,False,False,11,4,AU,utilities,0,172,1,0.57,1,1,5,0
user_6120,308.87,credit_card,False,True,13,2,CA,restaurant,0,2843,3,7.72,1,3,1,0
user_4707,373.31,debit_card,False,False,17,3,CA,utilities,0,450,1,4.67,1,1,1,0
user_9748,118.89,debit_card,False,False,13,2,UK,groceries,0,1057,3,1.19,1,3,1,0
user_9984,344.67,debit_card,False,False,17,1,UK,retail,0,1888,2,2.3,1,2,1,0
user_5853,92.19,credit_card,False,False,13,0,CA,restaurant,0,1268,2,2.3,1,2,1,0
user_7936,81.51,debit_card,False,False,20,1,AU,utilities,0,857,1,1.02,2,1,1,0
user_5414,764.18,credit_card,False,False,19,2,US,groceries,0,799,1,7.64,2,1,1,0
user_3847,839.49,debit_card,False,False,8,6,CA,restaurant,0,40,2,20.99,3,2,5,0
user_9210,1160.37,debit_card,False,False,9,5,AU,retail,0,1520,3,7.74,3,3,1,0
user_1136,767.05,debit_card,False,False,15,6,UK,utilities,0,67,1,9.59,1,1,5,0
user_9700,114.26,ach,True,False,9,6,US,groceries,0,2596,1,1.14,3,1,1,0
user_5703,38.78,debit_card,False,False,19,2,US,groceries,0,2549,1,0.39,2,1,1,0
user_9584,53.86,debit_card,False,False,9,2,UK,utilities,0,2561,3,0.67,3,3,1,0
user_9394,82.75,ach,False,False,16,3,AU,gas,0,484,1,1.66,1,1,1,0
user_2077,345.43,ach,True,False,16,1,AU,groceries,0,2183,2,3.45,1,2,1,0
user_4963,383.55,credit_card,False,True,14,5,AU,groceries,0,757,1,3.84,1,1,1,0
user_6085,649.31,credit_card,False,False,15,0,US,gas,0,263,1,12.99,1,1,1,0
user_2077,230.23,debit_card,False,False,17,4,AU,groceries,0,2183,1,2.3,1,1,1,0
user_8429,78.48,debit_card,False,True,20,1,AU,gas,0,1901,2,1.57,2,2,1,0
user_3595,614.31,debit_card,False,False,10,4,CA,utilities,0,2546,3,7.68,1,3,1,0
user_6460,145.69,credit_card,False,True,20,4,US,utilities,0,3543,1,1.82,2,1,1,0
user_5093,110.69,ach,False,False,14,3,UK,retail,0,406,3,0.74,1,3,1,0
user_3315,42.32,ach,False,False,14,6,US,retail,0,1076,1,0.28,1,1,1,0
user_3981,87.14,ach,False,False,16,2,US,utilities,0,3435,2,1.09,1,2,1,0
user_4619,680.54,credit_card,False,False,11,5,AU,groceries,0,606,2,6.81,1,2,1,0
user_7165,188.97,credit_card,False,True,21,0,AU,gas,0,1475,2,3.78,2,2,1,0
user_4006,277.93,ach,False,True,12,4,CA,retail,0,3611,3,1.85,1,3,1,0
user_8430,633.28,debit_card,False,False,12,3,US,groceries,0,1310,3,6.33,1,3,1,0
user_8973,655.8,debit_card,False,False,20,6,CA,gas,0,2302,2,13.12,2,2,1,0
user_7615,78.66,debit_card,False,False,20,6,CA,restaurant,0,2401,1,1.97,2,1,1,0
user_9381,592.32,debit_card,False,False,8,0,UK,utilities,0,496,2,7.4,3,2,1,0
user_4727,68.56,credit_card,False,False,17,6,US,gas,0,3144,2,1.37,1,2,1,0
user_9762,66.63,credit_card,False,False,18,4,US,retail,0,3126,2,0.44,2,2,1,0
user_7814,186.79,debit_card,False,False,20,5,US,gas,0,3403,2,3.74,2,2,1,0
user_4695,83.52,credit_card,False,False,12,1,US,retail,0,3303,2,0.56,1,2,1,0
user_5758,58.84,ach,True,False,16,5,US,utilities,0,1448,3,0.74,1,3,1,0
user_3425,73.75,debit_card,False,False,14,5,US,utilities,0,1979,3,0.92,1,3,1,0
user_7363,366.58,debit_card,False,False,10,3,CA,restaurant,0,998,1,9.16,1,1,1,0
user_6846,176.07,ach,True,False,18,3,CA,utilities,0,1579,3,2.2,2,3,1,0
user_8640,119.64,debit_card,False,False,9,3,CA,restaurant,0,1351,1,2.99,3,1,1,0
user_8178,192.14,ach,False,False,18,1,AU,groceries,0,3221,2,1.92,2,2,1,0
user_7825,146.54,credit_card,False,True,22,2,US,restaurant,0,2174,2,3.66,2,2,1,0
user_5786,103.76,debit_card,False,False,18,5,AU,retail,0,450,3,0.69,2,3,1,0
user_4729,103.36,credit_card,False,False,13,5,AU,utilities,0,1877,1,1.29,1,1,1,0
user_7723,1545.57,debit_card,False,False,20,4,AU,retail,0,3605,1,10.3,2,1,1,0
user_6509,309.89,ach,False,False,18,5,UK,restaurant,0,3558,1,7.75,2,1,1,0
user_1857,366.45,debit_card,True,True,6,3,UK,utilities,0,417,3,4.58,3,3,1,0
user_8863,891.21,ach,False,False,17,0,UK,restaurant,0,3203,1,22.28,1,1,1,0
user_5739,57.33,credit_card,False,False,19,6,UK,retail,0,2395,2,0.38,2,2,1,0
user_4189,348.19,debit_card,False,False,21,0,UK,groceries,0,331,1,3.48,2,1,1,0
user_5520,80.69,ach,True,False,7,1,AU,utilities,0,405,3,1.01,3,3,1,0
user_5333,73.79,credit_card,False,False,9,5,CA,groceries,0,1145,2,0.74,3,2,1,0
user_9313,54.2,ach,False,False,7,2,AU,utilities,0,948,1,0.68,3,1,1,0
user_3147,25969.69,wire_transfer,True,True,0,4,RU,wire_transfer,2,694,8,51.94,10,8,1,1
user_4621,669.45,ach,False,False,16,0,UK,retail,0,279,2,4.46,1,2,1,0
user_7232,571.76,ach,False,False,9,5,UK,gas,0,1253,3,11.44,3,3,1,0
user_5349,32.35,debit_card,False,True,11,4,AU,gas,0,1445,3,0.65,1,3,1,0
user_9680,370.41,debit_card,False,False,14,5,US,gas,0,3596,3,7.41,1,3,1,0
user_8750,27.96,credit_card,False,False,7,4,UK,retail,0,1680,1,0.19,3,1,1,0
user_8373,4499.52,wire_transfer,True,True,0,4,NG,wire_transfer,3,3166,7,9.0,10,7,1,1
user_2765,456.7,ach,False,False,9,6,US,groceries,0,3192,1,4.57,3,1,1,0
user_4232,744.51,credit_card,False,False,21,5,AU,retail,0,1622,1,4.96,2,1,1,0
user_8973,627.09,ach,False,False,20,1,CA,groceries,0,2302,3,6.27,2,3,1,0
user_6021,862.76,ach,False,False,19,3,AU,restaurant,0,712,3,21.57,2,3,1,0
user_4658,1343.27,credit_card,False,True,22,2,UK,restaurant,0,578,2,33.58,2,2,1,0
user_6053,332.56,debit_card,False,False,15,5,AU,retail,0,1938,3,2.22,1,3,1,0
user_5102,63.25,debit_card,False,True,14,6,CA,restaurant,0,242,1,1.58,1,1,1,0
user_5140,161.46,debit_card,False,False,11,5,CA,restaurant,0,2778,3,4.04,1,3,1,0
user_9780,170.21,debit_card,False,False,10,4,AU,utilities,0,1292,2,2.13,1,2,1,0
user_1745,69.22,debit_card,False,False,12,5,US,retail,0,1217,2,0.46,1,2,1,0
user_5225,213.63,debit_card,False,False,19,2,US,retail,0,386,1,1.42,2,1,1,0
user_1212,232.01,ach,False,False,9,0,AU,restaurant,0,3429,1,5.8,3,1,1,0
user_7841,208.24,debit_card,False,True,10,2,CA,utilities,0,1381,3,2.6,1,3,1,0
user_5625,133.98,ach,True,False,14,0,US,retail,0,2295,1,0.89,1,1,1,0
user_6169,49.23,credit_card,True,True,18,3,CA,restaurant,0,814,2,1.23,2,2,1,0
user_5720,397.05,debit_card,True,False,20,4,AU,groceries,0,321,1,3.97,2,1,1,0
user_3321,4494.11,wire_transfer,True,True,5,3,RU,wire_transfer,5,1895,5,8.99,10,5,1,1
user_7437,193.47,ach,False,False,14,2,CA,utilities,0,2965,2,2.42,1,2,1,0
user_3734,341.92,credit_card,False,False,8,3,UK,utilities,0,3197,1,4.27,3,1,1,0
user_7071,71.91,credit_card,True,False,19,5,UK,groceries,0,81,2,0.72,2,2,5,0
user_3299,786.11,credit_card,False,False,7,6,CA,retail,0,2349,1,5.24,3,1,1,0
user_7144,165.55,debit_card,False,True,18,1,UK,groceries,0,1704,3,1.66,2,3,1,0
user_3161,304.09,debit_card,False,False,9,6,UK,gas,0,412,2,6.08,3,2,1,0
user_4621,567.57,debit_card,False,True,12,1,UK,groceries,0,279,1,5.68,1,1,1,0
user_3869,316.29,credit_card,False,True,18,6,AU,gas,0,222,1,6.33,2,1,1,0
user_1133,45.33,debit_card,False,False,12,3,CA,gas,0,3644,3,0.91,1,3,1,0
user_3170,348.84,debit_card,False,False,9,3,CA,gas,0,1543,3,6.98,3,3,1,0
user_2381,809.07,debit_card,False,False,12,2,CA,groceries,0,1043,1,8.09,1,1,1,0
user_6169,45.11,debit_card,False,False,22,4,CA,utilities,0,814,2,0.56,2,2,1,0
user_7643,623.36,debit_card,False,True,19,2,UK,gas,0,385,3,12.47,2,3,1,0
user_9078,679.2,ach,False,False,13,6,AU,utilities,0,445,3,8.49,1,3,1,0
user_2943,114.83,credit_card,False,True,22,2,AU,gas,0,2196,3,2.3,2,3,1,0
user_1423,45.38,credit_card,False,False,9,4,US,gas,0,3162,2,0.91,3,2,1,0
user_9709,26.35,debit_card,False,True,10,0,CA,utilities,0,2080,1,0.33,1,1,1,0
user_6727,2334.0,wire_transfer,True,True,1,0,RO,wire_transfer,4,1653,12,4.67,10,12,1,1
user_4751,768.92,debit_card,False,False,11,6,US,gas,0,452,2,15.38,1,2,1,0
user_5497,83.32,credit_card,False,False,20,0,US,restaurant,0,2513,3,2.08,2,3,1,0
user_6727,60.24,debit_card,False,False,13,1,US,retail,0,1653,2,0.4,1,2,1,0
user_5744,73.91,ach,False,False,19,0,AU,groceries,0,2560,3,0.74,2,3,1,0
user_2938,101.92,debit_card,False,False,13,1,UK,restaurant,0,2980,2,2.55,1,2,1,0
user_7290,1021.2,ach,False,False,20,0,AU,restaurant,0,1705,1,25.53,2,1,1,0
user_8342,65.7,debit_card,False,True,10,0,UK,groceries,0,937,1,0.66,1,1,1,0
user_9762,67.0,ach,False,True,19,0,US,utilities,0,3126,2,0.84,2,2,1,0
user_7814,9696.6,cryptocurrency,True,True,3,5,US,cryptocurrency,3,3403,9,9.7,10,9,1,1
user_8444,1073.07,ach,True,False,21,5,AU,utilities,0,579,3,13.41,2,3,1,0
user_3346,153.01,debit_card,True,False,19,5,CA,retail,0,3220,3,1.02,2,3,1,0
user_5362,668.48,ach,False,False,12,6,US,restaurant,0,490,3,16.71,1,3,1,0
user_5342,596.78,ach,True,True,21,5,AU,groceries,0,897,1,5.97,2,1,1,0
user_4281,524.02,credit_card,False,False,7,2,US,groceries,0,399,2,5.24,3,2,1,0
user_5225,387.19,credit_card,True,False,18,2,US,retail,0,386,2,2.58,2,2,1,0
user_5327,688.64,credit_card,False,False,21,5,AU,retail,0,2373,3,4.59,2,3,1,0
user_2169,67.05,ach,False,False,11,5,UK,utilities,0,2467,3,0.84,1,3,1,0
user_7631,77.59,debit_card,False,False,6,5,CA,gas,0,1437,1,1.55,3,1,1,0
user_2600,637.21,ach,False,False,6,5,UK,restaurant,0,1984,1,15.93,3,1,1,0
user_3754,71.31,credit_card,False,False,20,2,US,gas,0,2203,3,1.43,2,3,1,0
user_5835,123.47,credit_card,False,False,19,4,US,retail,0,1499,2,0.82,2,2,1,0
user_1841,374.44,debit_card,False,False,14,6,US,retail,0,3397,3,2.5,1,3,1,0
user_7361,318.56,wire_transfer,True,True,2,1,BR,electronics,6,1435,14,0.64,10,14,1,1
user_9394,61.2,debit_card,False,False,17,5,AU,groceries,0,484,1,0.61,1,1,1,0
user_1715,264.15,ach,False,False,18,0,AU,gas,0,2918,1,5.28,2,1,1,0
user_7858,8716.06,debit_card,True,True,0,0,BR,electronics,4,2375,18,17.43,10,18,1,1
user_5558,798.6,ach,False,False,14,1,US,retail,0,1956,1,5.32,1,1,1,0
user_5254,98.6,ach,False,False,19,0,UK,restaurant,0,1001,2,2.46,2,2,1,0
user_8341,55.34,credit_card,False,True,12,1,AU,restaurant,0,1324,3,1.38,1,3,1,0
user_1417,606.07,debit_card,False,False,13,4,UK,groceries,0,1744,1,6.06,1,1,1,0
user_6432,732.0,ach,False,False,8,3,US,utilities,0,433,1,9.15,3,1,1,0
user_9204,386.96,debit_card,False,False,6,4,US,utilities,0,1820,3,4.84,3,3,1,0
user_8017,199.35,debit_card,False,False,7,3,UK,retail,0,1038,1,1.33,3,1,1,0
user_4598,181.12,ach,False,False,6,2,CA,groceries,0,3396,3,1.81,3,3,1,0
user_9153,1709.28,credit_card,False,False,7,1,CA,gas,0,1918,3,34.19,3,3,1,0
user_7594,359.84,credit_card,False,False,18,2,AU,restaurant,0,1823,1,9.0,2,1,1,0
user_9531,1827.26,ach,False,False,21,2,CA,gas,0,1739,2,36.55,2,2,1,0
user_2746,53.48,credit_card,False,False,12,0,UK,utilities,0,1100,3,0.67,1,3,1,0
user_6439,37.24,ach,False,True,12,3,US,groceries,0,2184,3,0.37,1,3,1,0
user_7209,334.16,credit_card,True,False,10,5,AU,retail,0,3515,3,2.23,1,3,1,0
user_4943,1574.68,debit_card,False,False,18,6,CA,retail,0,1566,3,10.5,2,3,1,0
user_7948,1213.53,debit_card,False,False,15,0,CA,utilities,0,1043,3,15.17,1,3,1,0
user_7843,386.06,credit_card,False,False,7,3,AU,utilities,0,115,1,4.83,3,1,5,0
user_1742,931.04,debit_card,False,False,13,1,US,utilities,0,2246,1,11.64,1,1,1,0
user_3926,36.39,debit_card,False,False,6,5,US,groceries,0,2018,3,0.36,3,3,1,0
user_1916,144.53,ach,False,False,15,3,CA,groceries,0,2146,1,1.45,1,1,1,0
user_2420,52.2,debit_card,False,False,7,1,US,utilities,0,2444,2,0.65,3,2,1,0
user_1404,1243.19,ach,False,False,16,6,AU,utilities,0,2023,3,15.54,1,3,1,0
user_9167,358.95,ach,True,True,7,1,CA,groceries,0,1123,1,3.59,3,1,1,0
user_1424,55.26,ach,False,True,12,3,AU,utilities,0,2330,2,0.69,1,2,1,0
user_1502,46.84,debit_card,True,False,19,2,CA,restaurant,0,1570,2,1.17,2,2,1,0
user_5106,175.84,debit_card,False,False,19,4,US,utilities,0,2600,1,2.2,2,1,1,0
user_7939,266.17,debit_card,False,False,12,1,CA,groceries,0,1343,1,2.66,1,1,1,0
user_1396,372.43,credit_card,False,False,6,0,UK,gas,0,2554,2,7.45,3,2,1,0
user_1441,425.95,credit_card,False,False,21,1,US,gas,0,373,3,8.52,2,3,1,0
user_9619,88.71,debit_card,False,False,18,1,US,gas,0,1980,3,1.77,2,3,1,0
user_5720,289.9,ach,False,False,22,6,AU,gas,0,321,1,5.8,2,1,1,0
user_2654,271.78,debit_card,False,False,20,2,UK,groceries,0,3625,1,2.72,2,1,1,0
user_9615,1992.67,ach,False,False,19,5,UK,restaurant,0,231,3,49.82,2,3,1,0
user_3547,145.53,credit_card,False,False,14,4,US,retail,0,409,1,0.97,1,1,1,0
user_7563,159.7,debit_card,False,False,22,2,US,restaurant,0,2415,2,3.99,2,2,1,0
user_9148,54.5,debit_card,False,False,8,4,AU,utilities,0,1718,2,0.68,3,2,1,0
user_6629,434.89,wire_transfer,True,True,2,5,VN,electronics,6,1986,17,0.87,10,17,1,1
user_6167,789.71,credit_card,False,False,22,5,UK,utilities,0,2040,3,9.87,2,3,1,0
user_8869,108.06,debit_card,False,False,7,0,US,retail,0,877,2,0.72,3,2,1,0
user_2943,71.79,ach,False,False,18,6,AU,retail,0,2196,1,0.48,2,1,1,0
user_8752,1001.54,debit_card,False,False,9,1,US,utilities,0,3187,2,12.52,3,2,1,0
user_6005,165.12,credit_card,False,False,14,4,US,groceries,0,2912,3,1.65,1,3,1,0
user_7223,1679.08,debit_card,False,False,7,0,AU,utilities,0,2285,3,20.99,3,3,1,0
user_1659,196.69,debit_card,False,True,14,2,AU,gas,0,1169,2,3.93,1,2,1,0
user_2522,308.93,credit_card,False,False,13,2,CA,restaurant,0,496,1,7.72,1,1,1,0
user_3100,115.53,credit_card,False,False,10,1,UK,retail,0,2567,2,0.77,1,2,1,0
user_2276,112.79,debit_card,False,False,22,0,US,groceries,0,444,1,1.13,2,1,1,0
user_2290,84.08,ach,False,False,18,5,AU,groceries,0,3372,3,0.84,2,3,1,0
user_5631,301.95,ach,False,False,19,4,US,retail,0,2003,2,2.01,2,2,1,0
user_5102,34.49,credit_card,False,True,13,2,CA,gas,0,242,3,0.69,1,3,1,0
user_4814,42.6,debit_card,False,False,8,0,US,groceries,0,2051,3,0.43,3,3,1,0
user_9303,440.32,ach,False,False,8,3,US,utilities,0,741,2,5.5,3,2,1,0
user_8218,763.1,credit_card,False,False,13,1,AU,retail,0,2089,3,5.09,1,3,1,0
user_9591,80.68,ach,False,False,14,5,CA,utilities,0,1368,2,1.01,1,2,1,0
user_3286,76.91,ach,False,True,21,1,US,groceries,0,2448,2,0.77,2,2,1,0
user_7484,247.68,debit_card,False,False,18,0,UK,restaurant,0,937,2,6.19,2,2,1,0
user_2234,116.69,debit_card,False,False,18,5,AU,utilities,0,1930,3,1.46,2,3,1,0
user_2827,333.68,credit_card,False,True,16,1,CA,retail,0,1888,2,2.22,1,2,1,0
user_3110,30.7,debit_card,False,False,13,2,US,retail,0,204,3,0.2,1,3,1,0
user_8028,91.0,debit_card,True,True,12,2,AU,utilities,0,1465,1,1.14,1,1,1,0
user_8859,1749.67,debit_card,False,False,16,2,UK,gas,0,2346,2,34.99,1,2,1,0
user_5073,185.37,debit_card,False,False,8,6,AU,retail,0,604,1,1.24,3,1,1,0
user_9008,34.07,debit_card,False,True,21,5,AU,utilities,0,3342,1,0.43,2,1,1,0
user_1076,370.26,ach,False,False,10,5,AU,gas,0,2103,2,7.41,1,2,1,0
user_5288,188.63,debit_card,False,True,20,3,AU,utilities,0,908,3,2.36,2,3,1,0
user_8598,32.32,credit_card,False,False,16,4,US,gas,0,3578,3,0.65,1,3,1,0
user_4882,149.11,debit_card,False,False,22,3,UK,groceries,0,3556,3,1.49,2,3,1,0
user_8921,733.65,ach,False,True,16,0,UK,groceries,0,1350,3,7.34,1,3,1,0
user_8640,121.85,credit_card,False,False,9,1,CA,gas,0,1351,2,2.44,3,2,1,0
user_2394,213.22,debit_card,False,True,7,0,UK,groceries,0,897,2,2.13,3,2,1,0
user_1674,32.57,credit_card,False,False,11,2,US,groceries,0,2657,3,0.33,1,3,1,0
user_7594,9662.61,wire_transfer,True,True,22,6,AU,cryptocurrency,3,1823,14,9.66,2,14,1,1
user_4879,113.7,ach,False,False,15,4,UK,restaurant,0,3310,2,2.84,1,2,1,0
user_9275,737.63,ach,True,False,22,3,US,utilities,0,2820,3,9.22,2,3,1,0
user_3262,13224.64,debit_card,True,True,5,5,PH,electronics,4,2742,18,26.45,10,18,1,1
user_1722,46.89,ach,False,False,17,0,CA,restaurant,0,2639,1,1.17,1,1,1,0
user_8145,198.46,ach,True,False,16,5,CA,gas,0,2813,2,3.97,1,2,1,0
user_4629,660.33,debit_card,False,False,6,2,UK,gas,0,1906,3,13.21,3,3,1,0
user_3868,615.43,credit_card,False,False,20,0,AU,retail,0,2617,1,4.1,2,1,1,0
user_9153,729.08,credit_card,False,False,7,4,CA,groceries,0,1918,3,7.29,3,3,1,0
user_1133,45.29,ach,False,False,16,5,CA,groceries,0,3644,2,0.45,1,2,1,0
user_8444,738.12,debit_card,False,False,22,1,AU,utilities,0,579,3,9.23,2,3,1,0
user_5609,317.08,debit_card,False,False,18,6,AU,retail,0,1200,3,2.11,2,3,1,0
user_7232,720.94,debit_card,False,False,8,3,UK,restaurant,0,1253,1,18.02,3,1,1,0
user_8714,1059.25,credit_card,False,False,20,0,CA,gas,0,3150,3,21.18,2,3,1,0
user_8368,132.71,ach,False,False,12,3,US,restaurant,0,1828,2,3.32,1,2,1,0
user_4366,77.78,debit_card,False,True,15,2,AU,restaurant,0,2740,1,1.94,1,1,1,0
user_7244,1786.74,debit_card,False,False,16,0,AU,groceries,0,1702,3,17.87,1,3,1,0
user_4727,1199.79,credit_card,False,True,10,5,AU,utilities,0,3382,3,15.0,1,3,1,0
user_3390,37.16,debit_card,False,False,7,2,AU,groceries,0,1160,3,0.37,3,3,1,0
user_1781,798.46,credit_card,False,False,9,3,CA,retail,0,275,3,5.32,3,3,1,0
user_3451,57.5,debit_card,False,False,20,6,US,groceries,0,462,3,0.57,2,3,1,0
user_1130,122.56,debit_card,False,False,8,1,UK,groceries,0,2339,1,1.23,3,1,1,0
user_8430,382.4,debit_card,False,False,12,0,US,restaurant,0,1310,1,9.56,1,1,1,0
user_3979,450.83,debit_card,False,True,7,6,UK,groceries,0,3297,3,4.51,3,3,1,0
user_3425,184.35,debit_card,False,False,15,2,US,utilities,0,1979,1,2.3,1,1,1,0
user_7859,1646.49,ach,False,False,20,6,CA,retail,0,1150,2,10.98,2,2,1,0
user_2185,1690.3,debit_card,False,False,17,3,UK,retail,0,509,3,11.27,1,3,1,0
user_9709,89.55,debit_card,False,False,9,2,CA,groceries,0,2080,2,0.9,3,2,1,0
user_7381,1852.04,credit_card,False,False,18,4,US,restaurant,0,3539,2,46.3,2,2,1,0
user_2827,276.06,debit_card,False,True,15,3,CA,retail,0,1888,2,1.84,1,2,1,0
user_2522,244.24,debit_card,False,False,16,4,CA,restaurant,0,496,3,6.11,1,3,1,0
user_2373,355.63,debit_card,False,False,19,2,AU,utilities,0,1085,1,4.45,2,1,1,0
user_6727,68.15,debit_card,False,False,12,0,US,gas,0,1653,2,1.36,1,2,1,0
user_6053,308.13,debit_card,False,False,15,1,AU,restaurant,0,1938,1,7.7,1,1,1,0
user_2420,37.42,debit_card,False,False,6,6,US,retail,0,2444,3,0.25,3,3,1,0
user_6617,184.59,debit_card,False,False,17,1,CA,gas,0,595,3,3.69,1,3,1,0
user_9148,88.57,ach,True,False,8,0,AU,groceries,0,2100,1,0.89,3,1,1,0
user_7631,91.62,ach,False,False,10,3,CA,gas,0,1437,1,1.83,1,1,1,0
user_2388,111.86,debit_card,False,False,13,4,US,groceries,0,1007,1,1.12,1,1,1,0
user_5803,1651.99,debit_card,False,False,16,4,CA,utilities,0,2915,3,20.65,1,3,1,0
user_5835,173.03,credit_card,True,False,21,0,US,groceries,0,1499,1,1.73,2,1,1,0
user_5107,855.53,wire_transfer,True,True,1,2,RU,wire_transfer,4,1385,6,1.71,10,6,1,1
user_2381,253.24,debit_card,False,True,17,4,CA,retail,0,1043,2,1.69,1,2,1,0
user_8025,154.05,debit_card,False,False,19,4,US,retail,0,2527,2,1.03,2,2,1,0
user_9709,39.12,debit_card,False,False,6,5,CA,utilities,0,2080,1,0.49,3,1,1,0
user_8569,349.03,ach,False,False,6,3,CA,groceries,0,2153,2,3.49,3,2,1,0
user_8869,116.16,ach,True,False,9,3,US,restaurant,0,877,1,2.9,3,1,1,0
user_9153,1660.73,debit_card,False,True,8,6,CA,retail,0,1918,2,11.07,3,2,1,0
user_8859,1183.66,debit_card,False,False,13,6,UK,gas,0,2346,1,23.67,1,1,1,0
user_2468,163.92,debit_card,False,False,18,0,US,restaurant,0,2475,3,4.1,2,3,1,0
user_2956,70.88,credit_card,False,False,20,5,CA,gas,0,2903,2,1.42,2,2,1,0
user_2245,311.24,ach,True,True,19,3,AU,restaurant,0,3198,3,7.78,2,3,1,0
user_8048,72.41,credit_card,True,True,19,1,US,gas,0,3523,2,1.45,2,2,1,0
user_5067,292.72,debit_card,False,False,9,3,AU,retail,0,2789,2,1.95,3,2,1,0
user_5930,933.75,debit_card,False,False,20,1,US,utilities,0,1274,3,11.67,2,3,1,0
user_8430,755.88,debit_card,False,True,12,4,US,retail,0,1310,1,5.04,1,1,1,0
user_9504,828.38,ach,False,False,22,1,US,gas,0,1802,1,16.57,2,1,1,0
user_1601,401.0,debit_card,False,True,6,0,UK,retail,0,1063,2,2.67,3,2,1,0
user_7858,1237.5,debit_card,False,False,22,2,AU,utilities,0,2375,1,15.47,2,1,1,0
user_4751,498.33,debit_card,False,False,11,6,US,restaurant,0,452,2,12.46,1,2,1,0
user_8909,51.04,debit_card,True,False,14,0,AU,restaurant,0,381,3,1.28,1,3,1,0
user_3519,81.95,ach,False,False,17,2,UK,groceries,0,185,1,0.82,1,1,1,0
user_3611,42.06,debit_card,False,False,14,3,AU,restaurant,0,3316,1,1.05,1,1,1,0
user_9698,200.72,credit_card,False,False,16,0,UK,utilities,0,1471,1,2.51,1,1,1,0
user_2218,144.79,credit_card,True,False,21,4,US,restaurant,0,764,2,3.62,2,2,1,0
user_9827,179.54,credit_card,False,False,14,1,UK,utilities,0,1215,2,2.24,1,2,1,0
user_7557,915.54,credit_card,False,False,16,4,AU,utilities,0,2855,1,11.44,1,1,1,0
user_3390,94.89,debit_card,False,False,7,4,AU,utilities,0,1160,1,1.19,3,1,1,0
user_3539,798.08,debit_card,False,False,15,1,UK,restaurant,0,2248,3,19.95,1,3,1,0
user_5240,25.92,ach,False,False,10,4,US,restaurant,0,839,3,0.65,1,3,1,0
user_7230,65.33,debit_card,False,True,19,5,UK,groceries,0,1973,1,0.65,2,1,1,0
user_1781,354.06,debit_card,False,False,8,5,CA,utilities,0,275,2,4.43,3,2,1,0
user_8490,28.53,debit_card,False,False,21,1,AU,gas,0,1322,1,0.57,2,1,1,0
user_1108,1674.43,credit_card,False,False,11,5,AU,restaurant,0,1550,2,41.86,1,2,1,0
user_4943,845.68,ach,True,True,22,0,CA,restaurant,0,1566,3,21.14,2,3,1,0
user_7367,1563.05,ach,True,False,14,2,US,groceries,0,1455,2,15.63,1,2,1,0
user_8149,1468.21,ach,False,False,20,4,US,groceries,0,1607,1,14.68,2,1,1,0
user_2809,90.05,credit_card,False,False,18,1,US,restaurant,0,209,2,2.25,2,2,1,0
user_1505,515.57,wire_transfer,True,True,2,2,PH,cash_withdrawal,6,1155,16,2.58,10,16,1,1
user_5327,9959.28,cryptocurrency,True,True,8,3,AU,wire_transfer,2,2373,12,19.92,3,12,1,1
user_2752,324.0,debit_card,False,False,21,5,CA,utilities,0,798,3,4.05,2,3,1,0
user_2654,173.77,debit_card,False,False,19,3,UK,groceries,0,3625,2,1.74,2,2,1,0
user_1305,290.48,ach,False,False,9,1,CA,restaurant,0,1869,3,7.26,3,3,1,0
user_8673,98.0,debit_card,False,False,6,1,CA,groceries,0,3553,2,0.98,3,2,1,0
user_3584,597.54,ach,False,False,21,1,UK,retail,0,2535,3,3.98,2,3,1,0
user_7936,71.88,credit_card,False,False,22,4,AU,utilities,0,857,1,0.9,2,1,1,0
user_9464,80.87,debit_card,False,False,10,2,CA,groceries,0,2979,1,0.81,1,1,1,0
user_3506,851.34,debit_card,False,False,6,1,UK,gas,0,2552,3,17.03,3,3,1,0
user_8752,815.06,debit_card,False,False,6,4,US,utilities,0,3187,1,10.19,3,1,1,0
user_5315,1883.87,credit_card,False,False,10,5,US,utilities,0,3595,1,23.55,1,1,1,0
user_6985,1347.64,credit_card,False,False,22,3,US,retail,0,2146,2,8.98,2,2,1,0
user_2108,1261.4,ach,False,False,20,0,US,restaurant,0,1629,3,31.54,2,3,1,0
user_5114,99.66,debit_card,False,False,8,6,AU,restaurant,0,3427,2,2.49,3,2,1,0
user_2293,601.62,credit_card,False,False,18,5,CA,groceries,0,2264,2,6.02,2,2,1,0
user_1133,47.52,debit_card,False,False,13,3,CA,groceries,0,3644,1,0.48,1,1,1,0
user_5670,89.47,debit_card,False,False,17,1,US,groceries,0,697,3,0.89,1,3,1,0
user_6421,238.31,ach,False,False,9,1,CA,retail,0,2284,1,1.59,3,1,1,0
user_6488,473.05,ach,False,False,13,1,US,gas,0,1107,2,9.46,1,2,1,0
user_7510,741.55,debit_card,False,False,17,0,UK,groceries,0,2158,2,7.42,1,2,1,0
user_4302,26.35,ach,False,False,9,3,US,restaurant,0,1322,1,0.66,3,1,1,0
user_4705,875.88,ach,False,False,21,0,US,groceries,0,2524,2,8.76,2,2,1,0
user_6442,784.76,credit_card,False,False,19,1,CA,retail,0,1122,2,5.23,2,2,1,0
user_6822,317.6,credit_card,False,True,7,5,UK,groceries,0,3355,1,3.18,3,1,1,0
user_2387,559.09,debit_card,False,False,6,3,CA,groceries,0,2837,1,5.59,3,1,1,0
user_9571,1141.27,wire_transfer,True,True,5,3,CN,wire_transfer,2,1239,7,2.28,10,7,1,1
user_8895,185.5,ach,False,False,22,1,AU,gas,0,638,1,3.71,2,1,1,0
user_1590,279.03,ach,False,True,6,5,US,gas,0,674,2,5.58,3,2,1,0
user_3262,553.82,debit_card,False,False,10,2,UK,groceries,0,2742,1,5.54,1,1,1,0
user_1082,1999.48,debit_card,False,False,19,0,AU,utilities,0,2230,1,24.99,2,1,1,0
user_4817,1223.33,debit_card,False,False,14,1,US,gas,0,1402,1,24.47,1,1,1,0
user_2753,39.51,ach,False,False,18,3,CA,retail,0,1017,2,0.26,2,2,1,0
user_7550,32110.41,wire_transfer,True,True,1,4,RU,wire_transfer,4,2993,11,64.22,10,11,1,1
user_5500,1884.28,credit_card,False,True,6,0,UK,retail,0,2108,3,12.56,3,3,1,0
user_3693,952.1,debit_card,True,True,13,5,UK,restaurant,0,1695,3,23.8,1,3,1,0
user_5341,50.89,ach,False,False,9,0,CA,retail,0,3337,2,0.34,3,2,1,0
user_9031,37.31,debit_card,False,True,12,2,UK,retail,0,2633,1,0.25,1,1,1,0
user_6488,696.43,debit_card,False,False,17,2,US,restaurant,0,1107,2,17.41,1,2,1,0
user_8301,103.01,credit_card,False,False,18,0,CA,gas,0,193,2,2.06,2,2,1,0
user_7814,3930.97,debit_card,True,True,2,4,BR,cash_withdrawal,7,3403,20,19.65,10,20,1,1
user_7429,60.76,credit_card,False,True,18,6,AU,retail,0,773,1,0.41,2,1,1,0
user_7824,1677.19,debit_card,False,False,22,5,CA,gas,0,1620,3,33.54,2,3,1,0
user_6759,291.79,debit_card,False,False,13,1,CA,groceries,0,1044,3,2.92,1,3,1,0
user_5670,27.36,debit_card,False,False,17,1,US,utilities,0,697,1,0.34,1,1,1,0
user_6363,72.44,debit_card,False,False,13,5,UK,retail,0,1412,3,0.48,1,3,1,0
user_1639,1066.08,debit_card,False,False,21,5,US,restaurant,0,411,1,26.65,2,1,1,0
user_2752,271.33,debit_card,False,True,21,3,CA,retail,0,798,2,1.81,2,2,1,0
user_7371,184.97,ach,False,False,21,5,UK,restaurant,0,2868,3,4.62,2,3,1,0
user_6363,52.91,debit_card,False,False,12,5,UK,groceries,0,1412,2,0.53,1,2,1,0
user_3430,26.6,ach,True,False,11,0,UK,utilities,0,2587,3,0.33,1,3,1,0
user_5786,59.55,debit_card,False,False,19,6,AU,retail,0,450,3,0.4,2,3,1,0
user_7251,757.4,ach,False,False,15,4,UK,utilities,0,2291,2,9.47,1,2,1,0
user_1352,91.86,ach,False,False,6,1,UK,retail,0,1396,2,0.61,3,2,1,0
user_8646,155.5,debit_card,False,False,20,1,AU,retail,0,2424,3,1.04,2,3,1,0
user_7824,1800.4,ach,False,False,20,3,CA,retail,0,1620,1,12.0,2,1,1,0
user_4729,349.16,debit_card,False,False,13,4,AU,groceries,0,1877,1,3.49,1,1,1,0
user_7179,683.05,credit_card,False,False,22,3,US,gas,0,3608,3,13.66,2,3,1,0
user_4232,850.85,credit_card,False,False,20,4,AU,utilities,0,1622,3,10.64,2,3,1,0
user_5720,182.64,credit_card,False,False,22,6,AU,gas,0,321,1,3.65,2,1,1,0
user_8157,596.43,debit_card,False,False,18,2,UK,retail,0,743,3,3.98,2,3,1,0
user_4387,1719.58,debit_card,False,False,16,4,AU,groceries,0,1953,1,17.2,1,1,1,0
user_6447,111.93,debit_card,False,False,9,3,UK,retail,0,2266,3,0.75,3,3,1,0
user_6568,1262.17,debit_card,False,False,12,0,US,utilities,0,1188,3,15.78,1,3,1,0
user_4705,780.61,debit_card,False,True,21,3,AU,restaurant,0,68,1,19.52,2,1,5,0
user_3815,941.66,debit_card,True,True,17,3,UK,retail,0,390,3,6.28,1,3,1,0
user_8569,664.97,ach,False,False,10,0,CA,groceries,0,2153,3,6.65,1,3,1,0
user_4648,32.14,ach,False,True,10,1,UK,restaurant,0,1926,3,0.8,1,3,1,0
user_2838,25.07,credit_card,False,False,18,2,CA,groceries,0,2375,1,0.25,2,1,1,0
user_7510,888.74,debit_card,False,False,15,0,UK,utilities,0,2158,2,11.11,1,2,1,0
user_7223,1504.04,debit_card,False,False,6,6,AU,utilities,0,2285,3,18.8,3,3,1,0
user_5689,174.84,debit_card,False,False,21,4,UK,restaurant,0,927,2,4.37,2,2,1,0
user_4796,50.93,debit_card,False,False,12,5,UK,utilities,0,988,2,0.64,1,2,1,0
user_3525,1852.39,debit_card,True,False,13,3,UK,gas,0,1708,3,37.05,1,3,1,0
user_3519,71.75,credit_card,False,False,13,1,UK,utilities,0,185,2,0.9,1,2,1,0
user_7022,233.63,debit_card,False,False,8,3,AU,gas,0,3198,1,4.67,3,1,1,0
user_3110,45.09,debit_card,False,False,13,6,US,restaurant,0,204,3,1.13,1,3,1,0
user_4580,1984.83,debit_card,False,False,16,3,CA,retail,0,3086,2,13.23,1,2,1,0
user_7843,136.65,credit_card,False,False,10,0,AU,utilities,0,115,2,1.71,1,2,5,0
user_6167,980.3,debit_card,False,False,21,4,UK,utilities,0,2040,3,12.25,2,3,1,0
user_7371,89.41,debit_card,False,False,19,2,UK,retail,0,2868,2,0.6,2,2,1,0
user_7581,46.51,ach,False,False,17,6,UK,utilities,0,2858,1,0.58,1,1,1,0
user_9303,407.23,debit_card,False,False,8,4,US,utilities,0,741,1,5.09,3,1,1,0
user_8925,243.25,debit_card,False,False,12,4,UK,utilities,0,3201,3,3.04,1,3,1,0
user_8225,225.57,credit_card,False,False,17,6,CA,restaurant,0,1721,1,5.64,1,1,1,0
user_7154,82.99,ach,False,False,20,2,CA,gas,0,2706,3,1.66,2,3,1,0
user_5500,581.76,credit_card,False,False,6,5,UK,utilities,0,2108,3,7.27,3,3,1,0
user_5609,400.85,ach,False,False,18,6,AU,groceries,0,1200,3,4.01,2,3,1,0
user_4697,1662.71,credit_card,False,False,17,6,AU,groceries,0,1843,1,16.63,1,1,1,0
user_5222,1351.25,debit_card,False,False,20,4,UK,restaurant,0,2873,3,33.78,2,3,1,0
user_3139,1593.68,ach,False,False,13,4,UK,retail,0,2825,1,10.62,1,1,1,0
user_3254,31.99,debit_card,False,False,16,4,AU,groceries,0,2881,2,0.32,1,2,1,0
user_2290,94.45,ach,False,False,18,4,AU,retail,0,3372,1,0.63,2,1,1,0
user_7563,386.99,credit_card,True,False,18,4,US,gas,0,2415,3,7.74,2,3,1,0
user_8429,86.49,credit_card,False,False,20,5,AU,gas,0,1901,3,1.73,2,3,1,0
user_8972,1708.08,debit_card,False,False,22,6,UK,utilities,0,216,3,21.35,2,3,1,0
user_6846,134.54,ach,False,True,19,4,CA,utilities,0,1579,1,1.68,2,1,1,0
user_7936,73.91,debit_card,False,False,18,2,AU,restaurant,0,857,3,1.85,2,3,1,0
user_3677,974.66,debit_card,False,False,17,0,UK,gas,0,2651,3,19.49,1,3,1,0
user_4839,1682.8,credit_card,False,True,6,4,US,gas,0,603,2,33.66,3,2,1,0
user_5658,824.04,credit_card,False,False,15,1,AU,groceries,0,1425,2,8.24,1,2,1,0
user_5951,646.65,ach,False,False,7,4,CA,restaurant,0,215,1,16.17,3,1,1,0
user_3981,197.23,credit_card,True,False,12,5,US,retail,0,3435,2,1.31,1,2,1,0
user_4012,1545.05,ach,False,False,11,4,CA,groceries,0,1733,1,15.45,1,1,1,0
user_8066,63.9,debit_card,True,True,20,6,AU,gas,0,673,2,1.28,2,2,1,0
user_4150,113.2,debit_card,False,False,17,2,UK,restaurant,0,951,2,2.83,1,2,1,0
user_8976,293.54,credit_card,False,False,19,3,US,gas,0,2085,2,5.87,2,2,1,0
user_6608,1967.1,credit_card,False,False,14,1,UK,utilities,0,2528,2,24.59,1,2,1,0
user_5803,1872.41,debit_card,False,False,13,5,CA,groceries,0,2915,3,18.72,1,3,1,0
user_2867,282.05,debit_card,False,False,21,2,AU,groceries,0,2191,1,2.82,2,1,1,0
user_6172,531.4,debit_card,False,False,14,3,US,groceries,0,2900,1,5.31,1,1,1,0
user_6629,44.33,debit_card,False,True,12,0,CA,utilities,0,1986,1,0.55,1,1,1,0
user_4617,144.52,debit_card,True,True,6,1,AU,retail,0,1855,2,0.96,3,2,1,0
user_8895,326.05,debit_card,False,False,22,3,AU,gas,0,638,3,6.52,2,3,1,0
user_4694,191.97,debit_card,False,False,22,4,UK,gas,0,3494,3,3.84,2,3,1,0
user_1854,378.19,credit_card,False,True,15,1,US,gas,0,2943,2,7.56,1,2,1,0
user_9327,182.79,debit_card,True,True,9,1,UK,retail,0,3194,3,1.22,3,3,1,0
user_9827,84.99,debit_card,True,False,14,1,UK,groceries,0,1215,1,0.85,1,1,1,0
user_5558,652.91,debit_card,False,False,13,0,US,retail,0,1956,3,4.35,1,3,1,0
user_7607,140.78,debit_card,True,False,9,1,AU,groceries,0,1849,1,1.41,3,1,1,0
user_9051,71.12,debit_card,False,False,15,6,US,restaurant,0,1508,2,1.78,1,2,1,0
user_8210,1613.34,wire_transfer,True,True,5,3,BR,electronics,4,2602,13,3.23,10,13,1,1
user_8501,9885.63,cryptocurrency,True,True,7,4,UK,wire_transfer,2,2546,19,19.77,3,19,1,1
user_9591,85.86,debit_card,False,False,16,4,CA,utilities,0,1368,2,1.07,1,2,1,0
user_8429,51.15,debit_card,False,False,20,6,AU,retail,0,1901,2,0.34,2,2,1,0
user_9837,64.7,debit_card,False,False,15,4,CA,restaurant,0,2692,2,1.62,1,2,1,0
user_9814,1796.41,debit_card,False,True,9,1,US,retail,0,893,3,11.98,3,3,1,0
user_2679,775.68,credit_card,False,False,20,6,CA,restaurant,0,3070,3,19.39,2,3,1,0
user_3399,396.86,debit_card,False,False,7,2,CA,restaurant,0,2497,1,9.92,3,1,1,0
user_2417,198.73,debit_card,False,False,15,4,AU,retail,0,1648,2,1.32,1,2,1,0
user_2654,9830.61,wire_transfer,True,True,1,4,UK,cryptocurrency,3,3625,14,9.83,10,14,1,1
user_8925,126.84,debit_card,False,False,15,1,UK,gas,0,3201,1,2.54,1,1,1,0
user_7244,1867.27,ach,False,False,15,0,AU,restaurant,0,1702,2,46.68,1,2,1,0
user_8834,162.44,credit_card,False,False,16,0,UK,groceries,0,1733,1,1.62,1,1,1,0
user_4387,542.42,credit_card,False,False,17,2,AU,gas,0,1953,3,10.85,1,3,1,0
user_6374,529.72,ach,False,False,7,2,US,utilities,0,2632,2,6.62,3,2,1,0
user_5463,1667.11,debit_card,False,False,16,6,CA,restaurant,0,2887,1,41.68,1,1,1,0
user_2867,186.48,debit_card,False,False,21,0,AU,groceries,0,2191,2,1.86,2,2,1,0
user_1136,63.12,debit_card,False,False,16,3,UK,utilities,0,2745,1,0.79,1,1,1,0
user_5781,68.76,ach,False,False,12,0,US,restaurant,0,1293,2,1.72,1,2,1,0
user_8430,992.29,debit_card,False,False,14,2,US,gas,0,1310,2,19.85,1,2,1,0
user_9269,97.69,debit_card,False,True,11,6,AU,utilities,0,1216,2,1.22,1,2,1,0
user_8611,30.7,debit_card,False,True,19,0,CA,groceries,0,3504,3,0.31,2,3,1,0
user_5442,575.11,credit_card,False,False,20,6,UK,groceries,0,592,3,5.75,2,3,1,0
user_2312,81.02,ach,False,False,6,3,US,retail,0,2795,1,0.54,3,1,1,0
user_7126,53.51,debit_card,False,True,18,2,CA,restaurant,0,298,1,1.34,2,1,1,0
user_8869,57.44,ach,False,False,8,5,US,retail,0,877,3,0.38,3,3,1,0
user_3526,102.98,debit_card,False,False,22,5,UK,gas,0,3481,1,2.06,2,1,1,0
user_4882,179.2,credit_card,False,False,21,0,UK,gas,0,3556,3,3.58,2,3,1,0
user_7739,93.17,debit_card,False,False,11,4,UK,groceries,0,2224,3,0.93,1,3,1,0
user_3595,679.52,ach,False,False,11,3,CA,retail,0,2546,1,4.53,1,1,1,0
user_9849,175.29,debit_card,False,False,18,4,UK,utilities,0,1248,1,2.19,2,1,1,0
user_6990,177.21,debit_card,False,False,6,3,AU,gas,0,2078,2,3.54,3,2,1,0
user_6478,180.23,credit_card,False,False,15,3,AU,groceries,0,3584,2,1.8,1,2,1,0
user_3647,844.98,ach,False,False,22,5,AU,gas,0,2327,3,16.9,2,3,1,0
user_8381,746.53,debit_card,False,False,16,4,UK,utilities,0,163,1,9.33,1,1,5,0
user_4648,48.14,debit_card,True,False,9,6,UK,gas,0,1926,3,0.96,3,3,1,0
user_6727,53.48,debit_card,False,False,14,5,US,utilities,0,1653,1,0.67,1,1,1,0
user_1984,9564.77,cryptocurrency,True,True,17,1,UK,cryptocurrency,1,247,12,9.56,1,12,1,1
user_3340,41.66,debit_card,False,False,18,5,US,groceries,0,2529,3,0.42,2,3,1,0
user_2420,46.14,debit_card,False,False,10,3,US,groceries,0,2444,2,0.46,1,2,1,0
user_5225,389.15,ach,False,False,18,3,US,retail,0,386,1,2.59,2,1,1,0
user_2245,1990.24,debit_card,True,False,7,2,AU,retail,0,1315,1,13.27,3,1,1,0
user_4510,1641.98,debit_card,False,False,7,2,AU,restaurant,0,1025,2,41.05,3,2,1,0
user_6403,899.0,debit_card,True,True,19,5,AU,utilities,0,1210,1,11.24,2,1,1,0
user_8225,151.34,ach,False,True,17,0,CA,gas,0,1721,3,3.03,1,3,1,0
user_3101,73.19,debit_card,False,False,21,1,AU,gas,0,1989,1,1.46,2,1,1,0
user_7581,26.06,debit_card,False,True,14,0,UK,gas,0,2858,1,0.52,1,1,1,0
user_5856,134.33,credit_card,False,True,16,4,US,utilities,0,423,1,1.68,1,1,1,0
user_9748,326.68,credit_card,False,False,12,5,UK,gas,0,1057,3,6.53,1,3,1,0
user_7917,173.3,credit_card,False,True,21,4,UK,retail,0,1196,1,1.16,2,1,1,0
user_5476,52.79,ach,False,False,12,5,AU,restaurant,0,1668,1,1.32,1,1,1,0
user_7325,184.46,debit_card,False,True,15,5,US,groceries,0,547,1,1.84,1,1,1,0
user_4006,156.96,credit_card,False,False,13,4,CA,utilities,0,3611,1,1.96,1,1,1,0
user_2679,1269.47,debit_card,False,False,20,2,CA,restaurant,0,3070,3,31.74,2,3,1,0
user_2617,80.71,debit_card,False,False,22,6,AU,restaurant,0,2724,1,2.02,2,1,1,0
user_5380,1224.52,debit_card,False,False,22,1,US,gas,0,585,2,24.49,2,2,1,0
user_8429,158.04,credit_card,False,False,20,4,AU,gas,0,1901,2,3.16,2,2,1,0
user_8851,1792.7,ach,False,True,13,3,AU,restaurant,0,2256,1,44.82,1,1,1,0
user_2391,87.28,credit_card,False,True,8,5,CA,retail,0,3120,1,0.58,3,1,1,0
user_7858,1883.74,ach,False,False,22,5,AU,gas,0,2375,1,37.67,2,1,1,0
user_2260,199.1,ach,False,False,9,1,CA,gas,0,2351,3,3.98,3,3,1,0
user_4571,350.18,ach,False,False,19,6,UK,groceries,0,3171,2,3.5,2,2,1,0
user_1258,104.41,ach,False,False,14,3,US,restaurant,0,549,2,2.61,1,2,1,0
user_5999,782.76,credit_card,False,False,12,6,US,utilities,0,1389,3,9.78,1,3,1,0
user_5658,11988.74,wire_transfer,True,True,2,6,RU,wire_transfer,3,1425,10,23.98,10,10,1,1
user_8429,1215.59,debit_card,False,False,18,0,US,gas,0,971,2,24.31,2,2,1,0
user_2468,377.1,credit_card,False,False,20,5,US,retail,0,2475,2,2.51,2,2,1,0
user_7843,123.9,debit_card,False,False,9,0,AU,utilities,0,115,1,1.55,3,1,5,0
user_2562,91.19,debit_card,False,False,11,1,AU,groceries,0,1355,1,0.91,1,1,1,0
user_4304,624.48,credit_card,False,False,14,1,CA,utilities,0,167,3,7.81,1,3,5,0
user_2465,1685.08,debit_card,True,False,10,1,US,gas,0,747,1,33.7,1,1,1,0
user_4912,1436.4,debit_card,False,False,15,5,CA,retail,0,3536,1,9.58,1,1,1,0
user_1089,99.72,ach,False,False,22,4,US,groceries,0,2158,2,1.0,2,2,1,0
user_9383,57.72,ach,False,False,19,1,US,utilities,0,1078,3,0.72,2,3,1,0
user_3591,1734.06,debit_card,False,False,19,6,AU,retail,0,1473,1,11.56,2,1,1,0
user_7251,678.42,debit_card,False,False,12,4,UK,gas,0,2291,2,13.57,1,2,1,0
user_3616,650.37,debit_card,False,False,19,6,UK,retail,0,2857,2,4.34,2,2,1,0
user_1815,36.36,ach,False,False,16,4,AU,restaurant,0,2741,1,0.91,1,1,1,0
user_5978,43.56,credit_card,True,False,8,1,US,retail,0,2315,2,0.29,3,2,1,0
user_5458,1415.38,ach,False,False,17,1,CA,groceries,0,1343,3,14.15,1,3,1,0
user_5011,385.21,debit_card,False,True,21,2,US,utilities,0,1895,2,4.82,2,2,1,0
user_5744,63.94,ach,False,False,18,1,AU,restaurant,0,2560,3,1.6,2,3,1,0
user_1852,106.37,ach,False,False,12,0,US,restaurant,0,3324,1,2.66,1,1,1,0
user_5703,28.06,ach,False,False,20,4,US,groceries,0,2549,3,0.28,2,3,1,0
user_6509,308.67,credit_card,False,True,18,0,UK,utilities,0,3558,1,3.86,2,1,1,0
user_9849,181.13,debit_card,False,False,21,3,UK,retail,0,1248,1,1.21,2,1,1,0
user_1396,133.15,credit_card,False,True,9,0,UK,utilities,0,2554,2,1.66,3,2,1,0
user_2527,134.48,debit_card,False,False,9,0,AU,retail,0,511,2,0.9,3,2,1,0
user_7669,118.18,credit_card,False,False,8,1,US,utilities,0,2729,3,1.48,3,3,1,0
user_6120,332.97,debit_card,False,False,16,3,CA,gas,0,2843,2,6.66,1,2,1,0
user_9796,136.36,credit_card,False,False,16,4,UK,retail,0,837,3,0.91,1,3,1,0
user_1089,97.32,debit_card,False,False,18,6,US,gas,0,2158,1,1.95,2,1,1,0
user_3340,28.49,credit_card,False,False,19,6,US,retail,0,2529,2,0.19,2,2,1,0
user_7732,56.59,credit_card,False,False,7,6,US,retail,0,553,3,0.38,3,3,1,0
user_3147,1249.07,credit_card,False,False,15,5,CA,restaurant,0,694,1,31.23,1,1,1,0
user_5942,83.76,debit_card,False,False,18,0,CA,utilities,0,3093,2,1.05,2,2,1,0
user_7296,288.1,credit_card,False,False,20,2,UK,gas,0,2944,2,5.76,2,2,1,0
user_8685,614.45,debit_card,False,True,22,2,US,groceries,0,354,2,6.14,2,2,1,0
user_9418,45.85,credit_card,False,False,12,6,US,restaurant,0,1785,2,1.15,1,2,1,0
user_7510,1770.31,debit_card,False,False,13,5,UK,retail,0,2158,2,11.8,1,2,1,0
user_6608,1249.58,debit_card,False,True,17,5,UK,restaurant,0,2528,1,31.24,1,1,1,0
user_8750,76.84,credit_card,True,False,9,3,UK,retail,0,1680,1,0.51,3,1,1,0
user_1781,455.48,ach,False,False,11,2,CA,retail,0,275,2,3.04,1,2,1,0
user_5825,156.88,debit_card,False,False,6,4,US,restaurant,0,2905,3,3.92,3,3,1,0
user_8851,590.19,debit_card,False,False,15,6,AU,retail,0,2256,1,3.93,1,1,1,0
user_7251,471.27,debit_card,False,False,17,3,UK,utilities,0,2291,1,5.89,1,1,1,0
user_9954,135.17,ach,False,False,7,4,US,restaurant,0,1709,1,3.38,3,1,1,0
user_8640,174.66,debit_card,False,False,10,1,CA,gas,0,1351,3,3.49,1,3,1,0
user_2531,424.48,debit_card,False,False,14,4,AU,groceries,0,2293,2,4.24,1,2,1,0
user_4817,1156.44,debit_card,True,False,15,5,US,restaurant,0,1402,3,28.91,1,3,1,0
user_8811,1469.92,credit_card,True,False,18,6,CA,groceries,0,262,3,14.7,2,3,1,0
user_3519,94.88,ach,False,False,13,2,UK,groceries,0,185,2,0.95,1,2,1,0
user_8859,9871.59,wire_transfer,True,True,3,5,UK,wire_transfer,1,2346,16,19.74,10,16,1,1
user_9698,142.8,debit_card,False,False,17,2,UK,gas,0,1471,3,2.86,1,3,1,0
user_6658,453.66,debit_card,False,False,6,2,UK,gas,0,2139,2,9.07,3,2,1,0
user_8909,35.14,ach,False,False,17,3,AU,groceries,0,381,3,0.35,1,3,1,0
user_8126,857.33,credit_card,False,False,21,0,UK,groceries,0,1452,2,8.57,2,2,1,0
user_3129,1951.88,debit_card,False,False,17,2,CA,utilities,0,480,2,24.4,1,2,1,0
user_1241,39.03,debit_card,False,False,10,4,CA,groceries,0,1694,1,0.39,1,1,1,0
user_4943,645.99,debit_card,False,False,21,4,CA,gas,0,1566,3,12.92,2,3,1,0
user_7290,1906.99,debit_card,False,False,22,4,AU,groceries,0,1705,3,19.07,2,3,1,0
user_5986,436.09,debit_card,True,False,10,2,US,restaurant,0,991,1,10.9,1,1,1,0
user_3611,89.34,ach,True,False,12,2,AU,retail,0,3316,2,0.6,1,2,1,0
user_8786,918.19,credit_card,False,False,9,0,UK,groceries,0,3187,1,9.18,3,1,1,0
user_9051,33.61,debit_card,False,False,13,4,US,utilities,0,1508,1,0.42,1,1,1,0
user_2746,83.44,debit_card,False,False,15,1,UK,utilities,0,1100,3,1.04,1,3,1,0
user_2260,318.4,debit_card,True,False,9,0,CA,retail,0,2351,3,2.12,3,3,1,0
user_4621,284.59,debit_card,True,False,17,3,UK,groceries,0,279,3,2.85,1,3,1,0
user_3222,707.42,debit_card,False,False,16,6,UK,retail,0,2776,2,4.72,1,2,1,0
user_5088,65.11,debit_card,True,True,15,2,AU,utilities,0,2572,3,0.81,1,3,1,0
user_9123,120.3,debit_card,False,False,6,5,AU,restaurant,0,1343,3,3.01,3,3,1,0
user_1829,98.44,ach,False,False,21,4,AU,utilities,0,3395,1,1.23,2,1,1,0
user_5090,105.6,debit_card,False,False,22,4,UK,utilities,0,3423,2,1.32,2,2,1,0
user_7939,898.09,ach,True,False,13,4,UK,restaurant,0,2817,1,22.45,1,1,1,0
user_4295,137.26,credit_card,False,False,16,3,UK,gas,0,1824,3,2.75,1,3,1,0
user_2040,961.08,debit_card,False,False,17,1,AU,restaurant,0,2197,3,24.03,1,3,1,0
user_9327,194.05,debit_card,False,False,9,5,UK,restaurant,0,3194,1,4.85,3,1,1,0
user_7753,334.08,debit_card,False,False,11,3,UK,utilities,0,73,1,4.18,1,1,5,0
user_1715,218.57,debit_card,False,False,21,1,AU,retail,0,2918,2,1.46,2,2,1,0
user_9381,1696.63,credit_card,False,False,11,5,UK,retail,0,496,1,11.31,1,1,1,0
user_5799,980.25,debit_card,False,False,11,4,US,retail,0,2275,2,6.54,1,2,1,0
user_7149,392.34,credit_card,False,False,22,3,CA,utilities,0,341,3,4.9,2,3,1,0
user_6599,272.26,debit_card,False,False,19,2,CA,utilities,0,389,1,3.4,2,1,1,0
user_5097,370.83,credit_card,False,True,6,0,US,gas,0,3176,2,7.42,3,2,1,0
user_2388,79.96,credit_card,False,False,12,3,US,retail,0,1007,2,0.53,1,2,1,0
user_6608,16280.1,wire_transfer,True,True,0,2,VN,cash_withdrawal,5,2528,17,81.4,10,17,1,1
user_4882,63.77,debit_card,False,False,20,5,UK,retail,0,3556,1,0.43,2,1,1,0
user_5689,197.94,credit_card,True,False,19,2,UK,utilities,0,927,1,2.47,2,1,1,0
user_4057,1428.52,debit_card,False,False,13,6,UK,gas,0,3029,1,28.57,1,1,1,0
user_1082,1095.57,debit_card,False,True,20,1,AU,gas,0,2230,2,21.91,2,2,1,0
user_8834,88.2,debit_card,False,False,15,6,UK,restaurant,0,1733,2,2.21,1,2,1,0
user_6416,158.82,debit_card,False,False,7,6,US,gas,0,2781,1,3.18,3,1,1,0
user_3473,753.33,debit_card,False,False,9,1,AU,gas,0,1841,3,15.07,3,3,1,0
user_3868,445.57,debit_card,False,False,19,2,AU,utilities,0,2617,3,5.57,2,3,1,0
user_7858,1447.49,debit_card,True,True,18,5,AU,restaurant,0,2375,1,36.19,2,1,1,0
user_2642,159.37,debit_card,False,False,19,5,AU,restaurant,0,3249,1,3.98,2,1,1,0
user_6136,287.21,credit_card,False,False,21,2,UK,gas,0,2939,3,5.74,2,3,1,0
user_6167,784.83,credit_card,False,False,19,4,UK,restaurant,0,2040,1,19.62,2,1,1,0
user_3639,166.16,credit_card,False,False,21,2,US,groceries,0,2374,2,1.66,2,2,1,0
user_4764,182.39,debit_card,False,False,19,6,AU,restaurant,0,1140,1,4.56,2,1,1,0
user_3591,1043.15,debit_card,False,True,20,6,AU,retail,0,1473,1,6.95,2,1,1,0
user_8066,114.34,debit_card,False,True,19,4,AU,gas,0,673,1,2.29,2,1,1,0
user_5011,856.15,ach,False,False,18,3,US,retail,0,1895,3,5.71,2,3,1,0
user_7824,1181.15,debit_card,False,False,19,5,CA,retail,0,1620,1,7.87,2,1,1,0
user_5678,789.52,debit_card,False,False,10,1,US,gas,0,585,2,15.79,1,2,1,0
user_1370,268.25,debit_card,False,False,19,6,US,groceries,0,2803,3,2.68,2,3,1,0
user_7334,134.51,debit_card,False,False,10,3,AU,utilities,0,2864,1,1.68,1,1,1,0
user_7434,918.13,debit_card,False,False,7,2,UK,restaurant,0,2601,3,22.95,3,3,1,0
user_5329,59.12,debit_card,False,False,6,6,UK,gas,0,53,3,1.18,3,3,5,0
user_9418,74.81,credit_card,False,False,14,3,US,groceries,0,1785,3,0.75,1,3,1,0
user_4974,418.19,debit_card,False,False,13,2,AU,gas,0,3194,1,8.36,1,1,1,0
user_5329,193.43,credit_card,False,False,9,0,UK,utilities,0,53,1,2.42,3,1,5,0
user_6509,144.76,ach,False,False,21,2,UK,restaurant,0,3558,3,3.62,2,3,1,0
user_5913,786.89,debit_card,False,False,11,2,AU,restaurant,0,1017,3,19.67,1,3,1,0
user_9837,64.11,debit_card,False,False,14,1,CA,retail,0,2692,1,0.43,1,1,1,0
user_3847,1980.91,debit_card,False,False,9,1,CA,utilities,0,40,1,24.76,3,1,5,0
user_7866,866.37,ach,False,False,18,5,CA,restaurant,0,1729,1,21.66,2,1,1,0
user_1829,167.46,credit_card,True,False,21,0,AU,restaurant,0,3395,2,4.19,2,2,1,0
user_4974,655.25,debit_card,False,True,14,6,AU,utilities,0,3194,1,8.19,1,1,1,0
user_2943,90.3,debit_card,False,False,21,6,AU,groceries,0,2196,1,0.9,2,1,1,0
user_4580,592.37,ach,False,False,12,5,CA,gas,0,3086,3,11.85,1,3,1,0
user_5254,134.16,ach,False,False,22,3,UK,retail,0,1001,1,0.89,2,1,1,0
user_8767,116.21,ach,False,False,19,4,CA,gas,0,2492,1,2.32,2,1,1,0
user_5288,313.64,debit_card,False,False,22,2,AU,utilities,0,908,2,3.92,2,2,1,0
user_3591,1744.41,credit_card,True,False,22,4,AU,retail,0,1473,2,11.63,2,2,1,0
user_4366,43.11,debit_card,False,False,15,2,AU,retail,0,2740,2,0.29,1,2,1,0
user_8541,153.04,debit_card,False,False,13,6,CA,utilities,0,943,1,1.91,1,1,1,0
user_1404,664.44,credit_card,False,False,15,1,AU,retail,0,2023,2,4.43,1,2,1,0
user_7224,350.0,debit_card,False,False,12,6,UK,groceries,0,1793,1,3.5,1,1,1,0
user_7487,233.22,credit_card,False,False,7,3,CA,restaurant,0,2398,3,5.83,3,3,1,0
user_4944,177.61,debit_card,False,False,21,1,UK,restaurant,0,229,3,4.44,2,3,1,0
user_2867,103.38,credit_card,True,False,18,4,AU,utilities,0,2191,1,1.29,2,1,1,0
user_8397,64.59,credit_card,False,False,6,0,CA,groceries,0,292,2,0.65,3,2,1,0
user_7223,791.65,credit_card,False,True,8,2,AU,retail,0,2285,3,5.28,3,3,1,0
user_4517,64.22,debit_card,False,False,13,0,UK,gas,0,1856,2,1.28,1,2,1,0
user_2312,182.75,ach,False,False,8,1,US,groceries,0,2795,1,1.83,3,1,1,0
user_7018,31903.87,wire_transfer,True,True,1,1,RU,wire_transfer,3,3008,15,63.81,10,15,1,1
user_1108,1782.2,credit_card,False,False,8,1,AU,restaurant,0,1550,1,44.55,3,1,1,0
user_5978,38.62,debit_card,False,False,8,0,US,groceries,0,2315,1,0.39,3,1,1,0
user_9488,88.67,debit_card,True,False,17,4,CA,utilities,0,693,2,1.11,1,2,1,0
user_7126,62.02,credit_card,True,False,16,1,US,utilities,0,1565,1,0.78,1,1,1,0
user_1984,254.93,debit_card,False,True,9,0,UK,restaurant,0,247,1,6.37,3,1,1,0
user_6509,196.03,debit_card,True,False,19,5,UK,restaurant,0,3558,3,4.9,2,3,1,0
user_9364,1171.93,ach,True,False,22,6,CA,utilities,0,2549,1,14.65,2,1,1,0
user_7108,95.49,debit_card,False,False,22,2,US,utilities,0,764,2,1.19,2,2,1,0
user_2571,88.8,debit_card,False,True,15,4,AU,utilities,0,659,2,1.11,1,2,1,0
user_8109,257.32,debit_card,False,False,21,6,US,groceries,0,2193,3,2.57,2,3,1,0
user_9270,388.42,credit_card,False,False,19,2,AU,retail,0,681,1,2.59,2,1,1,0
user_8207,160.5,credit_card,False,True,9,4,US,retail,0,2137,1,1.07,3,1,1,0
user_1829,176.9,credit_card,False,False,18,5,AU,retail,0,3395,1,1.18,2,1,1,0
user_2562,89.42,debit_card,False,True,7,5,AU,restaurant,0,1355,1,2.24,3,1,1,0
user_5901,651.41,credit_card,False,False,19,5,UK,gas,0,1901,3,13.03,2,3,1,0
user_4978,84.98,credit_card,False,False,20,4,UK,retail,0,3512,1,0.57,2,1,1,0
user_4212,187.21,debit_card,False,False,19,5,CA,retail,0,1967,2,1.25,2,2,1,0
user_6455,183.35,credit_card,False,False,11,3,CA,groceries,0,808,3,1.83,1,3,1,0
user_3299,9647.11,wire_transfer,True,True,5,2,CA,wire_transfer,3,2349,14,19.29,10,14,1,1
user_7917,103.18,debit_card,False,False,19,0,UK,retail,0,1196,1,0.69,2,1,1,0
user_4893,191.02,debit_card,False,False,6,3,US,gas,0,1006,3,3.82,3,3,1,0
user_5088,75.58,ach,False,False,17,3,AU,groceries,0,2572,3,0.76,1,3,1,0
user_1841,377.54,credit_card,False,True,12,6,US,gas,0,3397,3,7.55,1,3,1,0
user_3042,359.05,credit_card,False,False,10,0,CA,gas,0,1147,2,7.18,1,2,1,0
user_6455,244.23,debit_card,False,False,6,4,CA,utilities,0,808,2,3.05,3,2,1,0
user_3900,1732.8,debit_card,False,False,18,2,AU,retail,0,2614,1,11.55,2,1,1,0
user_1829,151.28,credit_card,True,False,19,3,AU,restaurant,0,3395,2,3.78,2,2,1,0
user_8715,10759.94,wire_transfer,True,True,5,1,RU,wire_transfer,5,403,6,21.52,10,6,1,1
user_7367,1621.51,credit_card,False,False,17,4,US,gas,0,1455,3,32.43,1,3,1,0
user_1441,596.25,credit_card,False,False,18,3,US,restaurant,0,373,3,14.91,2,3,1,0
user_5728,987.32,debit_card,False,False,8,2,AU,groceries,0,2850,1,9.87,3,1,1,0
user_7149,604.3,ach,False,False,19,4,CA,gas,0,341,3,12.09,2,3,1,0
user_8490,28.71,debit_card,False,False,18,4,AU,utilities,0,1322,3,0.36,2,3,1,0
user_2824,56.19,credit_card,False,False,21,3,UK,retail,0,1033,1,0.37,2,1,1,0
user_9261,665.78,credit_card,False,False,18,5,UK,utilities,0,3410,3,8.32,2,3,1,0
user_4882,131.98,debit_card,False,False,18,6,UK,retail,0,3556,2,0.88,2,2,1,0
user_1111,105.92,credit_card,False,False,16,1,CA,retail,0,1859,3,0.71,1,3,1,0
user_4150,88.89,debit_card,False,False,13,3,UK,retail,0,951,2,0.59,1,2,1,0
user_3101,62.58,ach,False,False,21,3,AU,gas,0,1989,2,1.25,2,2,1,0
user_1258,112.75,debit_card,False,True,13,5,US,utilities,0,549,1,1.41,1,1,1,0
user_3947,1732.21,debit_card,True,False,8,2,AU,gas,0,2931,2,34.64,3,2,1,0
user_1149,79.0,credit_card,False,False,18,5,AU,retail,0,1558,3,0.53,2,3,1,0
user_1645,1535.13,debit_card,False,False,16,2,CA,groceries,0,2848,2,15.35,1,2,1,0
user_3595,802.49,credit_card,False,False,10,4,CA,retail,0,2546,1,5.35,1,1,1,0
user_6021,9782.66,cryptocurrency,True,True,5,3,AU,wire_transfer,2,712,12,19.57,10,12,1,1
user_1842,244.77,credit_card,False,False,19,4,UK,restaurant,0,1470,1,6.12,2,1,1,0
user_6053,312.84,debit_card,False,False,14,4,AU,gas,0,1938,3,6.26,1,3,1,0
user_5965,278.48,debit_card,False,True,13,5,AU,utilities,0,3545,1,3.48,1,1,1,0
user_5480,310.88,ach,False,False,19,0,CA,utilities,0,1572,2,3.89,2,2,1,0
user_5728,683.53,debit_card,False,False,7,6,AU,gas,0,2850,1,13.67,3,1,1,0
user_3317,203.02,credit_card,False,False,14,1,AU,gas,0,558,2,4.06,1,2,1,0
user_9762,41.99,debit_card,False,False,19,5,US,utilities,0,3126,1,0.52,2,1,1,0
user_6218,177.96,credit_card,False,False,14,6,UK,restaurant,0,2461,3,4.45,1,3,1,0
user_8366,166.79,debit_card,False,False,6,3,US,retail,0,237,2,1.11,3,2,1,0
user_3621,9769.98,cryptocurrency,True,True,13,2,AU,wire_transfer,2,172,11,19.54,1,11,5,1
user_9837,788.62,credit_card,False,False,9,3,UK,restaurant,0,2031,3,19.72,3,3,1,0
user_2654,3908.02,debit_card,True,True,3,3,VN,cash_withdrawal,8,2633,10,19.54,10,10,1,1
user_4629,1185.55,debit_card,False,False,9,5,UK,restaurant,0,1906,2,29.64,3,2,1,0
user_8569,325.88,debit_card,False,False,9,3,CA,utilities,0,2153,3,4.07,3,3,1,0
user_7557,357.31,credit_card,True,True,12,4,AU,groceries,0,2855,2,3.57,1,2,1,0
user_2234,167.99,ach,False,False,18,4,AU,restaurant,0,1930,1,4.2,2,1,1,0
user_7086,46.78,debit_card,False,False,21,5,CA,restaurant,0,1961,3,1.17,2,3,1,0
user_1590,365.4,debit_card,False,False,9,0,US,utilities,0,674,2,4.57,3,2,1,0
user_6736,1686.87,credit_card,False,False,15,2,US,gas,0,3153,3,33.74,1,3,1,0
user_3096,195.24,debit_card,False,False,21,0,CA,gas,0,2814,2,3.9,2,2,1,0
user_5201,372.84,debit_card,False,False,9,3,CA,utilities,0,3421,1,4.66,3,1,1,0
user_5082,886.2,ach,False,False,6,4,AU,retail,0,3232,2,5.91,3,2,1,0
user_1788,335.73,debit_card,False,False,12,1,AU,restaurant,0,711,2,8.39,1,2,1,0
user_3473,358.07,ach,False,False,7,3,AU,retail,0,1841,3,2.39,3,3,1,0
user_1567,1856.49,debit_card,False,False,19,2,CA,gas,0,2681,3,37.13,2,3,1,0
user_9922,124.61,credit_card,False,True,22,0,CA,gas,0,1118,2,2.49,2,2,1,0
user_7105,197.03,debit_card,False,False,19,2,US,groceries,0,2432,3,1.97,2,3,1,0
user_7581,51.34,debit_card,False,False,17,3,UK,retail,0,2858,1,0.34,1,1,1,0
user_9504,1747.53,ach,False,False,21,0,US,groceries,0,1802,1,17.48,2,1,1,0
user_9625,100.82,debit_card,False,False,16,0,UK,gas,0,3286,1,2.02,1,1,1,0
user_9004,1783.76,credit_card,True,False,7,3,AU,restaurant,0,2675,2,44.59,3,2,1,0
user_8483,383.71,credit_card,False,True,13,5,AU,gas,0,235,2,7.67,1,2,1,0
user_1996,977.31,ach,False,False,16,1,AU,utilities,0,2840,1,12.22,1,1,1,0
user_9167,723.47,ach,False,False,6,1,CA,groceries,0,1123,1,7.23,3,1,1,0
user_1188,67.18,credit_card,False,False,21,4,UK,restaurant,0,3178,3,1.68,2,3,1,0
user_5819,467.67,credit_card,False,True,6,5,US,gas,0,795,1,9.35,3,1,1,0
user_7071,82.26,credit_card,False,False,21,4,UK,retail,0,81,1,0.55,2,1,5,0
user_2655,161.99,credit_card,False,True,17,0,UK,gas,0,588,3,3.24,1,3,1,0
user_2463,105.52,credit_card,False,False,14,0,CA,retail,0,3078,2,0.7,1,2,1,0
user_5583,286.56,debit_card,False,False,10,4,AU,retail,0,846,1,1.91,1,1,1,0
user_2102,40.09,debit_card,False,False,18,6,US,gas,0,1858,3,0.8,2,3,1,0
user_7333,162.64,debit_card,False,True,14,2,CA,gas,0,1395,2,3.25,1,2,1,0
user_3733,199.92,debit_card,False,False,22,6,AU,gas,0,2097,2,4.0,2,2,1,0
user_6866,65.31,ach,False,False,19,2,UK,retail,0,2182,3,0.44,2,3,1,0
user_5720,134.55,debit_card,False,True,20,3,AU,retail,0,321,2,0.9,2,2,1,0
user_6985,1676.12,debit_card,False,False,21,6,US,gas,0,2146,2,33.52,2,2,1,0
user_5240,68.27,debit_card,False,False,10,0,US,retail,0,839,2,0.46,1,2,1,0
user_2040,476.94,ach,False,False,13,6,AU,retail,0,2197,2,3.18,1,2,1,0
user_7209,279.85,ach,False,False,6,0,AU,utilities,0,3515,2,3.5,3,2,1,0
user_8569,253.22,credit_card,False,False,11,2,CA,utilities,0,2153,3,3.17,1,3,1,0
user_3147,1617.12,credit_card,False,False,17,0,CA,gas,0,694,2,32.34,1,2,1,0
user_4617,9930.74,cryptocurrency,True,True,5,1,AU,wire_transfer,3,1855,8,19.86,10,8,1,1
user_4918,132.78,ach,False,False,15,0,CA,utilities,0,1536,2,1.66,1,2,1,0
user_3079,156.53,debit_card,False,False,21,5,US,utilities,0,3189,1,1.96,2,1,1,0
user_7909,182.68,debit_card,False,False,10,5,CA,utilities,0,2881,1,2.28,1,1,1,0
user_4986,177.56,ach,False,False,18,3,UK,groceries,0,1968,2,1.78,2,2,1,0
user_2394,167.76,debit_card,False,False,6,5,UK,gas,0,897,2,3.36,3,2,1,0
user_1894,50.8,debit_card,False,True,22,6,CA,groceries,0,2100,1,0.51,2,1,1,0
user_2809,1100.37,debit_card,False,False,21,6,AU,gas,0,640,2,22.01,2,2,1,0
user_9163,892.84,ach,False,False,13,0,AU,retail,0,3630,1,5.95,1,1,1,0
user_7437,60.8,debit_card,False,False,13,5,CA,gas,0,2965,1,1.22,1,1,1,0
user_9571,97.6,debit_card,False,True,16,1,AU,restaurant,0,1239,2,2.44,1,2,1,0
user_3222,621.86,debit_card,False,True,12,1,UK,gas,0,2776,2,12.44,1,2,1,0
user_5661,1579.71,ach,False,False,20,3,UK,retail,0,1453,1,10.53,2,1,1,0
user_7809,706.98,debit_card,False,False,17,4,CA,gas,0,368,1,14.14,1,1,1,0
user_1305,124.5,credit_card,False,True,9,2,CA,retail,0,1869,3,0.83,3,3,1,0
user_1760,40.44,ach,False,False,21,6,UK,restaurant,0,452,3,1.01,2,3,1,0
user_9331,33.83,ach,False,False,16,5,AU,utilities,0,3580,3,0.42,1,3,1,0
user_3381,612.14,debit_card,False,False,22,1,AU,gas,0,391,2,12.24,2,2,1,0
user_4694,178.37,debit_card,False,True,22,1,UK,utilities,0,3494,3,2.23,2,3,1,0
user_5222,989.67,credit_card,False,False,21,4,UK,utilities,0,2873,1,12.37,2,1,1,0
user_2659,312.6,debit_card,False,False,8,3,CA,gas,0,1706,2,6.25,3,2,1,0
user_9221,881.28,ach,False,False,19,6,CA,restaurant,0,3151,3,22.03,2,3,1,0
user_1530,1277.09,ach,False,False,7,1,AU,utilities,0,1549,1,15.96,3,1,1,0
user_4648,97.79,debit_card,False,False,8,3,UK,groceries,0,1926,3,0.98,3,3,1,0
user_6985,646.68,ach,True,False,21,3,US,restaurant,0,2146,1,16.17,2,1,1,0
user_1833,1292.48,debit_card,False,True,20,0,UK,restaurant,0,2039,1,32.31,2,1,1,0
user_9740,78.94,debit_card,False,False,20,2,CA,groceries,0,2454,1,0.79,2,1,1,0
user_9680,137.72,debit_card,False,False,16,6,US,groceries,0,3596,2,1.38,1,2,1,0
user_6500,577.77,credit_card,False,False,6,2,UK,groceries,0,888,2,5.78,3,2,1,0
user_1975,418.45,debit_card,True,True,0,3,BR,electronics,7,3201,20,0.84,10,20,1,1
user_3385,128.1,ach,False,False,20,1,AU,retail,0,2348,1,0.85,2,1,1,0
user_1355,125.15,debit_card,False,False,20,3,CA,gas,0,416,2,2.5,2,2,1,0
user_5336,72.26,credit_card,False,True,22,5,AU,groceries,0,2561,3,0.72,2,3,1,0
user_1188,91.94,debit_card,False,False,20,4,UK,retail,0,3178,2,0.61,2,2,1,0
user_8501,543.04,debit_card,False,False,7,4,UK,gas,0,2546,1,10.86,3,1,1,0
user_9269,78.85,ach,False,False,11,6,AU,utilities,0,1216,3,0.99,1,3,1,0
user_2476,5118.86,wire_transfer,True,True,2,3,RU,wire_transfer,4,749,12,10.24,10,12,1,1
user_8972,1856.28,credit_card,False,False,22,5,UK,groceries,0,216,3,18.56,2,3,1,0
user_6771,765.36,debit_card,True,False,12,0,AU,restaurant,0,2791,1,19.13,1,1,1,0
user_4648,64.82,debit_card,False,False,10,0,UK,gas,0,1926,3,1.3,1,3,1,0
user_9210,1135.95,debit_card,False,False,10,5,AU,gas,0,1520,2,22.72,1,2,1,0
user_8972,1581.73,debit_card,False,False,18,5,UK,utilities,0,216,3,19.77,2,3,1,0
user_5911,265.88,ach,False,False,11,0,UK,restaurant,0,1060,2,6.65,1,2,1,0
user_3684,362.21,debit_card,False,False,16,1,UK,groceries,0,713,1,3.62,1,1,1,0
user_5678,729.5,debit_card,False,False,7,1,US,gas,0,585,1,14.59,3,1,1,0
user_4176,319.45,credit_card,False,False,16,0,CA,restaurant,0,997,3,7.99,1,3,1,0
user_7825,94.21,debit_card,False,False,19,1,US,groceries,0,2174,2,0.94,2,2,1,0
user_4705,677.53,debit_card,False,False,19,4,US,groceries,0,2524,2,6.78,2,2,1,0
user_9444,792.8,debit_card,False,False,19,2,AU,gas,0,1067,1,15.86,2,1,1,0
user_2419,134.69,debit_card,False,False,14,3,CA,gas,0,3103,3,2.69,1,3,1,0
user_5334,1649.48,ach,True,False,18,2,CA,gas,0,1771,1,32.99,2,1,1,0
user_4751,730.81,ach,False,False,9,3,US,gas,0,452,1,14.62,3,1,1,0
user_9899,718.18,debit_card,False,False,12,4,UK,groceries,0,3196,1,7.18,1,1,1,0
user_9700,99.36,ach,True,True,10,5,US,gas,0,2596,2,1.99,1,2,1,0
user_5355,32902.67,wire_transfer,True,True,3,4,NG,wire_transfer,4,3447,12,65.81,10,12,1,1
user_6573,991.93,debit_card,False,False,6,1,UK,utilities,0,3558,1,12.4,3,1,1,0
user_4909,33.96,ach,True,False,6,0,US,retail,0,1809,2,0.23,3,2,1,0
user_6400,201.47,ach,False,False,20,2,US,gas,0,1101,1,4.03,2,1,1,0
user_5093,62.73,credit_card,False,False,15,2,US,restaurant,0,3322,1,1.57,1,1,1,0
user_4450,307.03,debit_card,True,False,8,1,UK,restaurant,0,2100,1,7.68,3,1,1,0
user_9269,45.9,debit_card,False,True,8,5,AU,gas,0,1216,1,0.92,3,1,1,0
user_5225,203.99,debit_card,False,False,22,0,US,gas,0,386,2,4.08,2,2,1,0
user_6269,315.77,debit_card,False,True,16,1,AU,groceries,0,2215,2,3.16,1,2,1,0
user_5772,376.99,credit_card,False,True,11,5,UK,gas,0,1015,1,7.54,1,1,1,0
user_9903,292.48,debit_card,False,True,14,1,UK,retail,0,3591,3,1.95,1,3,1,0
user_9535,328.91,debit_card,False,True,14,4,CA,gas,0,783,3,6.58,1,3,1,0
user_6690,944.82,credit_card,True,False,19,5,CA,groceries,0,117,3,9.45,2,3,5,0
user_7653,303.0,debit_card,False,False,13,1,US,utilities,0,2850,1,3.79,1,1,1,0
user_7594,143.0,debit_card,False,True,20,4,AU,retail,0,1823,2,0.95,2,2,1,0
user_8490,852.03,debit_card,True,True,3,3,ID,jewelry,4,1322,23,0.85,10,20,1,1
user_9941,196.31,credit_card,False,False,18,5,CA,retail,0,1250,3,1.31,2,3,1,0
user_7979,51.78,debit_card,True,False,7,2,US,utilities,0,69,3,0.65,3,3,5,0
user_1829,84.43,ach,False,False,20,2,AU,gas,0,3395,2,1.69,2,2,1,0
user_5082,1961.22,ach,False,False,6,5,AU,restaurant,0,3232,3,49.03,3,3,1,0
user_4450,89.79,ach,False,False,17,4,US,groceries,0,421,1,0.9,1,1,1,0
user_8397,51.7,debit_card,False,False,11,4,CA,gas,0,292,3,1.03,1,3,1,0
user_6425,97.64,ach,False,False,7,2,UK,retail,0,761,1,0.65,3,1,1,0
user_4949,733.7,credit_card,False,False,22,1,US,utilities,0,2193,3,9.17,2,3,1,0
user_7841,233.8,ach,False,False,9,3,CA,retail,0,1381,2,1.56,3,2,1,0
user_5772,894.86,debit_card,False,True,11,1,UK,retail,0,1015,2,5.97,1,2,1,0
user_5327,337.97,ach,False,False,18,6,AU,groceries,0,2373,3,3.38,2,3,1,0
user_8303,78.75,ach,False,False,12,3,AU,restaurant,0,1934,3,1.97,1,3,1,0
user_2013,387.97,ach,False,False,11,6,UK,utilities,0,2955,3,4.85,1,3,1,0
user_1396,162.55,ach,False,False,7,1,UK,retail,0,2554,3,1.08,3,3,1,0
user_8611,52.79,credit_card,False,True,21,5,CA,utilities,0,3504,2,0.66,2,2,1,0
user_5011,312.93,debit_card,False,False,19,1,US,restaurant,0,1895,1,7.82,2,1,1,0
user_9175,85.12,debit_card,False,False,11,4,CA,utilities,0,3604,2,1.06,1,2,1,0
user_5114,85.15,debit_card,False,True,9,0,AU,gas,0,3427,2,1.7,3,2,1,0
user_3419,103.82,debit_card,False,False,9,0,UK,gas,0,2871,3,2.08,3,3,1,0
user_7889,163.12,credit_card,False,True,14,4,UK,gas,0,2428,2,3.26,1,2,1,0
user_5350,1642.33,ach,False,True,19,1,CA,retail,0,2984,1,10.95,2,1,1,0
user_8017,1074.35,wire_transfer,True,True,0,3,RU,wire_transfer,2,1038,13,2.15,10,13,1,1
user_7841,138.57,credit_card,False,False,11,0,CA,utilities,0,1381,3,1.73,1,3,1,0
user_3042,392.47,credit_card,False,False,11,0,CA,restaurant,0,1147,1,9.81,1,1,1,0
user_9397,139.71,ach,False,False,7,3,CA,utilities,0,934,2,1.75,3,2,1,0
user_4084,390.6,ach,False,False,22,6,AU,restaurant,0,2083,3,9.77,2,3,1,0
user_4588,71.63,debit_card,False,False,15,2,US,restaurant,0,3342,1,1.79,1,1,1,0
user_1815,70.63,debit_card,False,True,16,6,AU,gas,0,2741,3,1.41,1,3,1,0
user_6658,282.87,credit_card,False,False,6,4,UK,utilities,0,2139,2,3.54,3,2,1,0
user_5106,182.24,ach,False,False,22,6,US,restaurant,0,2600,1,4.56,2,1,1,0
user_2465,924.76,debit_card,False,True,9,5,US,groceries,0,747,1,9.25,3,1,1,0
user_1434,1185.38,debit_card,False,False,11,2,AU,gas,0,932,2,23.71,1,2,1,0
user_5678,645.29,ach,False,False,6,6,US,groceries,0,585,1,6.45,3,1,1,0
user_1256,81.18,credit_card,False,False,21,6,CA,utilities,0,3111,3,1.01,2,3,1,0
user_4619,1304.16,ach,False,False,9,0,AU,retail,0,606,2,8.69,3,2,1,0
user_7809,9542.46,cryptocurrency,True,True,11,1,CA,wire_transfer,1,368,18,19.08,1,18,1,1
user_9821,58.8,debit_card,False,False,13,5,UK,restaurant,0,1361,1,1.47,1,1,1,0
user_6931,16972.56,wire_transfer,True,True,5,4,NG,wire_transfer,4,1881,7,33.95,10,7,1,1
user_9904,1128.28,debit_card,False,False,13,4,CA,gas,0,1528,3,22.57,1,3,1,0
user_4871,64.44,debit_card,True,True,21,4,US,retail,0,1936,2,0.43,2,2,1,0
user_2108,1338.32,ach,False,False,20,3,US,retail,0,1629,3,8.92,2,3,1,0
user_4694,358.42,debit_card,True,False,19,6,UK,restaurant,0,3494,3,8.96,2,3,1,0
user_8905,180.53,ach,False,False,14,5,US,gas,0,2468,1,3.61,1,1,1,0
user_5011,982.32,debit_card,False,False,19,0,US,restaurant,0,1895,1,24.56,2,1,1,0
user_4185,969.33,debit_card,False,False,14,2,AU,retail,0,1029,2,6.46,1,2,1,0
user_2102,32.92,debit_card,False,False,21,0,US,restaurant,0,1858,3,0.82,2,3,1,0
user_6374,545.73,debit_card,False,False,6,3,US,utilities,0,2632,3,6.82,3,3,1,0
user_8381,1728.76,debit_card,False,True,14,3,UK,gas,0,163,3,34.58,1,3,5,0
user_8025,197.1,debit_card,False,False,22,2,US,retail,0,2527,3,1.31,2,3,1,0
user_5661,5531.29,wire_transfer,True,True,3,1,PH,electronics,3,1453,12,11.06,10,12,1,1
user_7691,188.06,ach,False,False,12,6,UK,retail,0,2300,2,1.25,1,2,1,0
user_6403,291.31,debit_card,True,False,18,5,AU,retail,0,1210,3,1.94,2,3,1,0
user_6573,1972.89,ach,False,True,7,6,UK,retail,0,3558,1,13.15,3,1,1,0
user_8767,146.51,credit_card,False,False,20,6,CA,gas,0,2492,2,2.93,2,2,1,0
user_1750,64.85,ach,False,False,17,2,US,restaurant,0,3533,1,1.62,1,1,1,0
user_7147,278.05,debit_card,False,False,18,5,US,gas,0,2462,1,5.56,2,1,1,0
user_8017,151.87,ach,False,False,8,0,UK,gas,0,1038,1,3.04,3,1,1,0
user_7521,203.52,ach,False,False,21,5,UK,groceries,0,1052,2,2.04,2,2,1,0
user_1313,104.14,debit_card,False,False,8,0,CA,utilities,0,895,3,1.3,3,3,1,0
user_7939,715.73,debit_card,False,False,14,6,UK,groceries,0,2817,2,7.16,1,2,1,0
user_2387,724.69,ach,False,False,11,0,CA,gas,0,2837,2,14.49,1,2,1,0
user_8478,122.5,credit_card,True,False,17,1,UK,restaurant,0,3123,1,3.06,1,1,1,0
user_8767,58.03,debit_card,False,False,18,5,CA,groceries,0,2492,2,0.58,2,2,1,0
user_4920,169.79,debit_card,False,False,16,3,US,restaurant,0,2292,2,4.24,1,2,1,0
user_9017,1998.0,debit_card,False,True,13,6,UK,groceries,0,164,3,19.98,1,3,5,0
user_7334,331.75,ach,False,True,8,4,AU,utilities,0,2864,2,4.15,3,2,1,0
user_3547,169.07,credit_card,False,False,13,4,US,utilities,0,409,1,2.11,1,1,1,0
user_5082,1532.18,debit_card,False,True,8,3,AU,utilities,0,3232,2,19.15,3,2,1,0
user_4839,1215.06,debit_card,False,False,11,0,US,restaurant,0,603,2,30.38,1,2,1,0
user_8109,1567.78,wire_transfer,True,True,5,3,PH,cash_withdrawal,7,2193,11,7.84,10,11,1,1
user_4443,978.88,ach,False,False,22,6,UK,retail,0,1934,2,6.53,2,2,1,0
user_2260,150.7,debit_card,True,False,7,6,CA,retail,0,2351,2,1.0,3,2,1,0
user_8444,1808.19,credit_card,False,False,22,6,AU,gas,0,579,3,36.16,2,3,1,0
user_9165,306.65,debit_card,False,False,19,3,UK,utilities,0,1731,2,3.83,2,2,1,0
user_9584,48.76,debit_card,False,True,7,5,UK,retail,0,2561,2,0.33,3,2,1,0
user_5803,1345.93,debit_card,False,False,13,3,CA,utilities,0,2915,3,16.82,1,3,1,0
user_3525,690.99,ach,False,True,15,3,US,groceries,0,1869,3,6.91,1,3,1,0
user_9996,70.26,debit_card,False,False,8,6,UK,retail,0,2112,2,0.47,3,2,1,0
user_9727,62.31,debit_card,False,False,8,2,AU,retail,0,2281,3,0.42,3,3,1,0
user_7224,237.76,debit_card,False,False,16,4,UK,groceries,0,1793,3,2.38,1,3,1,0
user_8430,595.83,debit_card,False,False,16,2,US,restaurant,0,1310,2,14.9,1,2,1,0
user_3777,115.52,ach,False,True,17,3,UK,retail,0,1129,1,0.77,1,1,1,0
user_8803,307.26,credit_card,False,False,11,2,AU,groceries,0,3527,2,3.07,1,2,1,0
user_1404,890.0,credit_card,False,False,17,4,AU,restaurant,0,2023,3,22.25,1,3,1,0
user_7745,553.63,ach,False,True,18,0,AU,retail,0,3552,1,3.69,2,1,1,0
user_2388,138.44,debit_card,False,False,21,3,AU,restaurant,0,2665,1,3.46,2,1,1,0
user_8869,54.89,debit_card,False,True,8,1,US,restaurant,0,877,1,1.37,3,1,1,0
user_7293,1995.54,debit_card,False,False,17,6,CA,restaurant,0,3574,3,49.89,1,3,1,0
user_5011,944.64,debit_card,False,False,22,3,US,gas,0,1895,1,18.89,2,1,1,0
user_2771,30.81,debit_card,False,False,9,4,US,retail,0,1737,2,0.21,3,2,1,0
user_9464,73.92,ach,False,True,9,0,CA,gas,0,2979,3,1.48,3,3,1,0
user_1945,811.44,debit_card,False,True,12,6,UK,retail,0,2992,1,5.41,1,1,1,0
user_3852,144.84,debit_card,False,False,18,2,CA,gas,0,527,3,2.9,2,3,1,0
user_1082,1619.03,ach,False,True,18,1,AU,groceries,0,2230,1,16.19,2,1,1,0
user_8207,122.4,credit_card,False,False,10,4,US,restaurant,0,2137,2,3.06,1,2,1,0
user_4707,594.37,debit_card,False,False,7,0,AU,retail,0,1684,3,3.96,3,3,1,0
user_1590,167.47,debit_card,False,True,8,1,US,gas,0,674,3,3.35,3,3,1,0
user_7550,1767.05,debit_card,False,False,7,1,US,gas,0,2993,1,35.34,3,1,1,0
user_8973,1309.66,debit_card,False,False,18,0,CA,utilities,0,2302,1,16.37,2,1,1,0
user_4263,574.2,debit_card,False,False,12,6,US,retail,0,1001,3,3.83,1,3,1,0
user_9275,962.53,credit_card,False,True,22,2,US,restaurant,0,2820,2,24.06,2,2,1,0
user_8933,395.0,credit_card,False,False,22,0,UK,retail,0,441,3,2.63,2,3,1,0
user_1241,87.75,debit_card,False,True,8,2,CA,retail,0,1694,3,0.58,3,3,1,0
user_5951,992.22,ach,False,False,9,5,CA,retail,0,215,3,6.61,3,3,1,0
user_9689,77.08,debit_card,True,False,18,0,AU,utilities,0,3465,2,0.96,2,2,1,0
user_8685,620.69,debit_card,False,False,22,5,US,utilities,0,354,1,7.76,2,1,1,0
user_5911,613.18,ach,False,False,9,6,UK,gas,0,1386,2,12.26,3,2,1,0
user_4963,239.59,debit_card,True,False,14,4,AU,restaurant,0,757,3,5.99,1,3,1,0
user_1182,1601.82,ach,False,True,18,0,CA,restaurant,0,534,1,40.05,2,1,1,0
user_9759,289.12,ach,False,False,18,2,UK,retail,0,2107,1,1.93,2,1,1,0
user_3399,151.13,credit_card,False,False,8,3,CA,groceries,0,2497,2,1.51,3,2,1,0
user_1040,53.05,debit_card,False,False,20,6,AU,utilities,0,2630,2,0.66,2,2,1,0
user_7631,58.04,credit_card,False,True,7,2,CA,groceries,0,1437,1,0.58,3,1,1,0
user_5355,1408.52,debit_card,False,False,9,6,US,retail,0,3447,1,9.39,3,1,1,0
user_9591,96.68,credit_card,False,False,17,1,CA,gas,0,1368,1,1.93,1,1,1,0
user_1945,1770.96,ach,False,False,15,2,UK,groceries,0,2992,3,17.71,1,3,1,0
user_6085,913.58,ach,False,False,14,1,US,groceries,0,263,2,9.14,1,2,1,0
user_8269,52.01,debit_card,False,True,20,4,UK,restaurant,0,148,1,1.3,2,1,5,0
user_7315,177.33,ach,False,False,9,0,US,groceries,0,858,1,1.77,3,1,1,0
user_1567,124.89,debit_card,False,False,21,6,US,groceries,0,2150,1,1.25,2,1,1,0
user_5712,827.87,ach,False,False,8,0,US,restaurant,0,1839,1,20.7,3,1,1,0
user_8905,164.07,debit_card,True,False,15,4,US,retail,0,2468,1,1.09,1,1,1,0
user_7965,35.61,debit_card,False,False,19,6,CA,groceries,0,1249,1,0.36,2,1,1,0
user_8414,80.53,credit_card,False,False,11,0,CA,gas,0,38,2,1.61,1,2,5,0
user_6600,94.79,debit_card,False,True,15,3,CA,utilities,0,3028,1,1.18,1,1,1,0
user_3381,84.62,debit_card,False,False,22,4,US,groceries,0,848,2,0.85,2,2,1,0
user_7334,328.84,credit_card,False,True,9,0,AU,restaurant,0,2864,2,8.22,3,2,1,0
user_6576,307.87,debit_card,False,False,21,1,UK,utilities,0,2306,2,3.85,2,2,1,0
user_7965,2390.57,wire_transfer,True,True,0,4,RU,wire_transfer,2,1249,12,4.78,10,12,1,1
user_7147,265.09,credit_card,False,False,22,2,US,utilities,0,2462,2,3.31,2,2,1,0
user_5404,734.7,credit_card,False,True,11,3,US,retail,0,777,1,4.9,1,1,1,0
user_7985,891.55,ach,False,False,11,4,AU,retail,0,2609,1,5.94,1,1,1,0
user_7745,887.25,debit_card,False,False,18,2,AU,utilities,0,3552,3,11.09,2,3,1,0
user_3639,123.23,ach,False,True,22,3,US,gas,0,2374,2,2.46,2,2,1,0
user_3852,235.75,credit_card,False,True,19,6,CA,utilities,0,527,1,2.95,2,1,1,0
user_5288,118.85,ach,False,True,18,6,AU,restaurant,0,908,2,2.97,2,2,1,0
user_6167,824.81,ach,False,False,20,5,UK,utilities,0,2040,2,10.31,2,2,1,0
user_9619,70.81,debit_card,False,True,18,0,US,utilities,0,1980,3,0.89,2,3,1,0
user_6727,85.36,debit_card,False,False,12,2,US,utilities,0,1653,3,1.07,1,3,1,0
user_9004,1619.53,ach,False,True,8,3,AU,restaurant,0,2675,3,40.49,3,3,1,0
user_6931,1034.98,credit_card,False,False,22,0,US,groceries,0,1881,3,10.35,2,3,1,0
user_7315,91.3,ach,True,False,8,6,US,groceries,0,858,2,0.91,3,2,1,0
user_1984,314.27,debit_card,False,True,7,1,UK,restaurant,0,247,2,7.86,3,2,1,0
user_4232,921.59,debit_card,False,False,21,1,AU,gas,0,1622,2,18.43,2,2,1,0
user_8973,152.43,ach,False,False,6,2,UK,retail,0,921,1,1.02,3,1,1,0
user_1659,119.91,credit_card,False,False,13,3,AU,restaurant,0,1169,2,3.0,1,2,1,0
user_6881,1027.31,credit_card,True,False,16,0,UK,retail,0,119,3,6.85,1,3,5,0
user_1370,8587.61,wire_transfer,True,True,4,6,RO,wire_transfer,2,2803,9,17.18,10,9,1,1
user_4281,1457.35,credit_card,False,False,11,6,US,gas,0,399,3,29.15,1,3,1,0
user_1715,252.58,ach,False,True,20,5,AU,restaurant,0,2918,3,6.31,2,3,1,0
user_7889,239.59,ach,False,False,13,1,UK,utilities,0,2428,2,2.99,1,2,1,0
user_4510,1544.9,debit_card,False,True,10,3,AU,retail,0,1025,2,10.3,1,2,1,0
user_3852,380.71,ach,False,False,19,0,CA,groceries,0,527,3,3.81,2,3,1,0
user_9922,158.62,ach,False,False,21,2,CA,utilities,0,1118,1,1.98,2,1,1,0
user_1660,141.42,debit_card,False,False,13,5,CA,gas,0,403,2,2.83,1,2,1,0
user_3616,781.34,debit_card,True,True,20,2,UK,gas,0,2857,2,15.63,2,2,1,0
user_3381,652.16,ach,False,False,22,0,AU,retail,0,391,2,4.35,2,2,1,0
user_5799,1148.4,credit_card,False,True,8,2,US,groceries,0,2275,3,11.48,3,3,1,0
user_7434,880.42,debit_card,False,False,7,2,UK,utilities,0,2601,3,11.01,3,3,1,0
user_9698,335.37,ach,False,False,15,3,UK,gas,0,1471,3,6.71,1,3,1,0
user_9922,75.92,debit_card,False,False,20,0,CA,retail,0,1118,2,0.51,2,2,1,0
user_4697,1977.52,ach,False,True,15,0,AU,utilities,0,1843,1,24.72,1,1,1,0
user_7510,886.4,ach,False,False,15,4,UK,restaurant,0,2158,2,22.16,1,2,1,0
user_7315,75.38,credit_card,False,False,10,1,US,gas,0,858,1,1.51,1,1,1,0
user_1241,99.02,ach,True,False,9,5,CA,utilities,0,1694,2,1.24,3,2,1,0
user_1461,287.32,debit_card,False,False,10,0,UK,groceries,0,3271,1,2.87,1,1,1,0
user_1860,63.89,ach,False,True,14,4,UK,retail,0,2968,2,0.43,1,2,1,0
user_7865,1908.94,credit_card,False,False,21,0,CA,utilities,0,2029,3,23.86,2,3,1,0
user_1104,652.25,credit_card,False,False,8,5,CA,retail,0,308,1,4.35,3,1,1,0
user_7825,193.61,debit_card,False,False,20,0,US,groceries,0,2174,2,1.94,2,2,1,0
user_8113,276.84,debit_card,False,False,6,5,CA,groceries,0,3283,2,2.77,3,2,1,0
user_3981,73.4,debit_card,False,False,15,1,US,retail,0,3435,2,0.49,1,2,1,0
user_1305,299.26,ach,True,True,9,1,CA,restaurant,0,1869,2,7.48,3,2,1,0
user_1188,28.27,ach,False,False,22,2,UK,groceries,0,3178,3,0.28,2,3,1,0
user_3161,177.21,credit_card,True,False,6,3,UK,restaurant,0,412,2,4.43,3,2,1,0
user_9266,133.7,credit_card,False,False,10,3,CA,utilities,0,2928,2,1.67,1,2,1,0
user_1130,262.67,ach,False,False,9,5,UK,retail,0,2339,1,1.75,3,1,1,0
user_2522,248.1,ach,False,True,15,3,CA,gas,0,496,2,4.96,1,2,1,0
user_4986,310.3,credit_card,False,False,19,6,UK,utilities,0,1968,3,3.88,2,3,1,0
user_2796,82.81,debit_card,False,False,19,3,CA,restaurant,0,3274,1,2.07,2,1,1,0
user_6904,140.79,debit_card,False,False,12,4,UK,gas,0,3403,3,2.82,1,3,1,0
user_9163,1009.08,debit_card,False,False,16,3,AU,retail,0,3630,2,6.73,1,2,1,0
user_7889,113.82,debit_card,False,False,12,6,UK,utilities,0,2428,1,1.42,1,1,1,0
user_7746,57.45,ach,False,False,14,2,CA,utilities,0,2392,2,0.72,1,2,1,0
user_5140,52.45,debit_card,False,True,6,5,CA,gas,0,2778,1,1.05,3,1,1,0
user_2380,82.39,ach,False,True,20,4,UK,groceries,0,3220,1,0.82,2,1,1,0
user_7643,632.79,debit_card,False,False,19,3,UK,utilities,0,385,3,7.91,2,3,1,0
user_1590,171.16,credit_card,False,False,8,2,US,groceries,0,674,1,1.71,3,1,1,0
user_3869,440.73,credit_card,False,True,21,4,AU,retail,0,222,2,2.94,2,2,1,0
user_1854,9375.29,wire_transfer,True,True,0,3,NG,wire_transfer,5,2943,6,18.75,10,6,1,1
user_1035,468.95,debit_card,False,False,15,4,AU,gas,0,1198,3,9.38,1,3,1,0
user_4390,28.72,debit_card,False,False,22,5,UK,groceries,0,2210,1,0.29,2,1,1,0
user_1313,129.87,ach,False,False,10,6,CA,retail,0,895,2,0.87,1,2,1,0
user_4057,1048.49,credit_card,False,False,15,4,UK,restaurant,0,3029,1,26.21,1,1,1,0
user_4695,161.6,debit_card,False,True,15,5,US,utilities,0,3303,2,2.02,1,2,1,0
user_4176,132.35,credit_card,False,False,14,0,CA,utilities,0,997,3,1.65,1,3,1,0
user_7895,288.1,ach,False,True,22,1,CA,gas,0,3154,1,5.76,2,1,1,0
user_1173,99.75,ach,False,False,22,0,CA,utilities,0,3131,3,1.25,2,3,1,0
user_1659,198.26,credit_card,False,False,15,0,AU,utilities,0,1169,1,2.48,1,1,1,0
user_1685,284.76,ach,False,False,17,3,US,restaurant,0,1495,3,7.12,1,3,1,0
user_4879,344.98,debit_card,False,True,13,4,UK,retail,0,3310,1,2.3,1,1,1,0
user_3267,189.93,ach,False,False,6,2,AU,restaurant,0,2872,2,4.75,3,2,1,0
user_8277,1301.96,debit_card,False,True,14,4,AU,utilities,0,988,3,16.27,1,3,1,0
user_2956,47.25,debit_card,False,False,18,1,CA,retail,0,2903,2,0.32,2,2,1,0
user_6400,72.22,credit_card,False,False,15,6,UK,restaurant,0,3608,2,1.81,1,2,1,0
user_1833,1993.04,debit_card,False,False,19,2,UK,utilities,0,2039,1,24.91,2,1,1,0
user_3129,1300.04,credit_card,True,True,17,5,CA,restaurant,0,480,2,32.5,1,2,1,0
user_4705,974.45,credit_card,False,True,22,0,US,retail,0,2524,2,6.5,2,2,1,0
user_4817,1315.12,credit_card,False,False,17,6,US,groceries,0,1402,1,13.15,1,1,1,0
user_8199,1048.34,debit_card,False,False,22,2,CA,retail,0,1520,2,6.99,2,2,1,0
user_5333,52.74,credit_card,False,False,6,5,CA,retail,0,1145,1,0.35,3,1,1,0
user_7746,99.42,debit_card,False,True,13,6,CA,gas,0,2392,2,1.99,1,2,1,0
user_9148,66.52,debit_card,False,True,8,6,AU,gas,0,1718,3,1.33,3,3,1,0
user_1136,444.56,debit_card,False,True,12,5,UK,retail,0,67,2,2.96,1,2,5,0
user_4404,136.78,ach,False,False,15,5,US,gas,0,673,1,2.74,1,1,1,0
user_7334,5956.76,wire_transfer,True,True,0,3,RO,wire_transfer,5,2864,9,11.91,10,9,1,1
user_2617,49.65,ach,False,False,19,4,AU,retail,0,2724,3,0.33,2,3,1,0
user_3262,53.32,debit_card,False,False,21,1,CA,retail,0,1859,3,0.36,2,3,1,0
user_8207,185.41,ach,True,False,11,4,US,restaurant,0,2137,3,4.64,1,3,1,0
user_9864,69.45,debit_card,False,False,22,1,US,gas,0,991,1,1.39,2,1,1,0
user_1752,85.09,ach,True,False,20,3,AU,utilities,0,96,3,1.06,2,3,5,0
user_4560,106.42,debit_card,False,False,8,5,UK,gas,0,2842,2,2.13,3,2,1,0
user_7909,77.86,debit_card,True,False,10,5,CA,retail,0,2881,1,0.52,1,1,1,0
user_2101,120.13,credit_card,False,False,22,2,UK,utilities,0,1513,2,1.5,2,2,1,0
user_7948,1689.72,credit_card,False,True,12,3,CA,restaurant,0,1043,3,42.24,1,3,1,0
user_9996,55.25,ach,False,False,8,1,UK,restaurant,0,2112,3,1.38,3,3,1,0
user_7209,9946.85,wire_transfer,True,True,8,0,AU,wire_transfer,1,3515,10,19.89,3,10,1,1
user_5355,644.15,debit_card,False,False,8,0,US,groceries,0,3447,3,6.44,3,3,1,0
user_1202,1811.12,ach,False,False,19,1,CA,gas,0,2773,3,36.22,2,3,1,0
user_6143,52.7,ach,False,False,22,5,UK,retail,0,2107,2,0.35,2,2,1,0
user_3526,264.45,debit_card,True,False,21,0,CA,gas,0,3059,1,5.29,2,1,1,0
user_6096,72.7,credit_card,True,False,22,5,US,restaurant,0,1307,2,1.82,2,2,1,0
user_8715,9744.44,cryptocurrency,True,True,1,3,UK,wire_transfer,3,403,15,19.49,10,15,1,1
user_2037,1447.4,credit_card,False,False,15,5,CA,gas,0,1789,3,28.95,1,3,1,0
user_5558,251.12,ach,False,False,14,1,AU,utilities,0,1370,1,3.14,1,1,1,0
user_4281,1413.4,ach,False,True,9,3,US,retail,0,399,1,9.42,3,1,1,0
user_1120,1596.09,ach,False,False,21,5,UK,utilities,0,2329,2,19.95,2,2,1,0
user_2571,94.91,ach,False,False,13,1,AU,restaurant,0,659,3,2.37,1,3,1,0
user_9830,7016.4,debit_card,True,True,1,3,VN,cash_withdrawal,5,3166,12,35.08,10,12,1,1
user_3847,826.12,ach,False,False,11,6,CA,retail,0,40,2,5.51,1,2,5,0
user_3390,55.8,credit_card,False,False,6,4,AU,retail,0,1160,2,0.37,3,2,1,0
user_5901,833.78,ach,False,False,18,5,UK,gas,0,1901,3,16.68,2,3,1,0
user_8532,1750.0,wire_transfer,True,True,3,0,RU,wire_transfer,2,2378,5,3.5,10,5,1,1
user_6447,196.55,credit_card,False,False,6,2,UK,retail,0,2266,3,1.31,3,3,1,0
user_6846,286.61,debit_card,False,False,12,4,AU,restaurant,0,3597,2,7.17,1,2,1,0
user_6113,381.76,debit_card,True,False,10,1,US,restaurant,0,3080,2,9.54,1,2,1,0
user_8157,640.87,credit_card,False,False,19,1,UK,retail,0,743,1,4.27,2,1,1,0
user_7178,810.23,debit_card,False,True,13,1,CA,restaurant,0,3132,3,20.26,1,3,1,0
user_4705,702.42,ach,False,False,22,2,US,gas,0,2524,2,14.05,2,2,1,0
user_1202,992.39,debit_card,False,True,20,4,AU,gas,0,490,1,19.85,2,1,1,0
user_3675,351.06,debit_card,False,True,16,5,CA,gas,0,1107,1,7.02,1,1,1,0
user_2465,1408.52,debit_card,False,False,11,4,US,gas,0,747,2,28.17,1,2,1,0
user_7936,78.49,debit_card,False,True,18,6,AU,restaurant,0,857,3,1.96,2,3,1,0
user_9710,469.79,debit_card,True,False,10,5,CA,retail,0,2185,3,3.13,1,3,1,0
user_9762,49.09,debit_card,False,True,18,3,US,retail,0,3126,3,0.33,2,3,1,0
user_8722,583.42,ach,False,False,16,2,UK,restaurant,0,783,3,14.59,1,3,1,0
user_3868,508.2,credit_card,False,False,21,0,AU,retail,0,2617,2,3.39,2,2,1,0
user_5846,43.17,ach,False,False,19,1,US,utilities,0,2741,3,0.54,2,3,1,0
user_7708,643.7,debit_card,False,False,11,0,CA,retail,0,1328,3,4.29,1,3,1,0
user_7669,124.22,credit_card,False,False,6,0,US,groceries,0,2729,1,1.24,3,1,1,0
user_1417,507.29,ach,False,False,15,4,UK,retail,0,1744,1,3.38,1,1,1,0
user_4560,142.42,ach,False,False,8,6,UK,utilities,0,2842,2,1.78,3,2,1,0
user_3621,70.66,debit_card,True,False,7,1,AU,utilities,0,172,3,0.88,3,3,5,0
user_6833,65.3,debit_card,True,False,11,4,US,retail,0,351,2,0.44,1,2,1,0
user_8939,67.88,credit_card,False,False,15,5,AU,groceries,0,347,3,0.68,1,3,1,0
user_6868,139.67,debit_card,True,False,13,0,US,utilities,0,2017,3,1.75,1,3,1,0
user_3979,903.81,debit_card,True,False,8,6,UK,restaurant,0,3297,2,22.6,3,2,1,0
user_8692,182.38,credit_card,False,True,9,5,UK,groceries,0,1311,1,1.82,3,1,1,0
user_8490,84.57,debit_card,False,False,21,1,AU,utilities,0,1322,1,1.06,2,1,1,0
user_8354,569.3,credit_card,True,True,22,5,UK,groceries,0,3569,1,5.69,2,1,1,0
user_9163,1995.86,ach,False,True,17,0,AU,gas,0,3630,3,39.92,1,3,1,0
user_8752,903.94,debit_card,False,False,7,5,US,restaurant,0,3187,1,22.6,3,1,1,0
user_8668,376.35,debit_card,True,False,7,0,US,utilities,0,1384,2,4.7,3,2,1,0
user_6868,142.67,ach,False,True,15,0,US,retail,0,2017,1,0.95,1,1,1,0
user_9311,1677.9,ach,False,False,18,4,AU,restaurant,0,2932,3,41.95,2,3,1,0
user_1916,71.37,debit_card,False,True,12,5,CA,gas,0,2146,1,1.43,1,1,1,0
user_8640,194.25,debit_card,False,False,8,3,CA,retail,0,1351,1,1.29,3,1,1,0
user_7865,1779.92,credit_card,False,False,20,2,CA,retail,0,2029,2,11.87,2,2,1,0
user_8373,367.81,debit_card,False,False,9,6,UK,retail,0,3166,1,2.45,3,1,1,0
user_5803,1688.07,debit_card,False,False,14,0,CA,utilities,0,2915,1,21.1,1,1,1,0
user_5678,707.34,debit_card,False,True,7,2,US,gas,0,585,1,14.15,3,1,1,0
user_8478,127.46,credit_card,False,False,15,2,UK,retail,0,3123,2,0.85,1,2,1,0
user_8066,52.42,ach,False,False,22,2,AU,utilities,0,673,1,0.66,2,1,1,0
user_9864,52.28,ach,False,False,21,3,US,retail,0,991,1,0.35,2,1,1,0
user_6188,8032.72,wire_transfer,True,True,2,1,RO,wire_transfer,3,51,10,16.07,10,10,5,1
user_1111,3959.95,wire_transfer,True,True,2,5,RO,wire_transfer,2,1859,14,7.92,10,14,1,1
user_2638,64.41,debit_card,False,True,20,0,CA,utilities,0,2102,1,0.81,2,1,1,0
user_2771,500.58,credit_card,True,False,11,5,AU,gas,0,941,3,10.01,1,3,1,0
user_3346,331.32,debit_card,False,False,22,4,CA,utilities,0,3220,2,4.14,2,2,1,0
user_2916,106.23,credit_card,False,False,13,5,CA,gas,0,2122,3,2.12,1,3,1,0
user_5162,385.81,debit_card,False,False,15,1,AU,restaurant,0,1656,3,9.65,1,3,1,0
user_7010,23326.48,wire_transfer,True,True,4,3,NG,wire_transfer,4,2267,10,46.65,10,10,1,1
user_7304,950.56,ach,False,True,10,3,US,gas,0,845,3,19.01,1,3,1,0
user_8368,352.19,credit_card,True,False,16,6,US,gas,0,1828,1,7.04,1,1,1,0
user_7146,328.81,ach,False,False,6,3,US,restaurant,0,1680,2,8.22,3,2,1,0
user_6155,193.97,credit_card,False,False,18,0,AU,restaurant,0,1650,1,4.85,2,1,1,0
user_3847,664.51,ach,False,False,9,6,CA,groceries,0,40,1,6.65,3,1,5,0
user_7437,106.14,credit_card,False,False,15,4,CA,groceries,0,2965,2,1.06,1,2,1,0
user_3785,79.4,debit_card,False,True,7,5,AU,groceries,0,2568,2,0.79,3,2,1,0
user_9032,253.19,credit_card,False,False,7,0,US,gas,0,1349,1,5.06,3,1,1,0
user_3525,32133.28,wire_transfer,True,True,5,0,RO,wire_transfer,4,1708,11,64.27,10,11,1,1
user_8478,118.91,credit_card,False,False,16,0,UK,utilities,0,3123,1,1.49,1,1,1,0
user_3048,101.64,debit_card,False,False,21,3,UK,restaurant,0,3076,2,2.54,2,2,1,0
user_2169,1432.34,credit_card,True,False,22,2,CA,restaurant,0,2217,3,35.81,2,3,1,0
user_5342,336.81,credit_card,False,False,20,1,AU,utilities,0,2691,1,4.21,2,1,1,0
user_2341,553.37,debit_card,False,False,15,0,UK,gas,0,349,2,11.07,1,2,1,0
user_4443,882.15,debit_card,False,True,20,1,UK,groceries,0,1934,1,8.82,2,1,1,0
user_1305,379.14,ach,False,False,11,6,CA,gas,0,1869,2,7.58,1,2,1,0
user_2465,1382.11,debit_card,False,False,7,0,US,utilities,0,747,3,17.28,3,3,1,0
user_1349,25.63,debit_card,False,True,14,5,CA,groceries,0,545,1,0.26,1,1,1,0
user_8542,257.23,credit_card,False,True,10,0,CA,restaurant,0,1115,1,6.43,1,1,1,0
user_5414,879.23,debit_card,False,False,21,0,US,groceries,0,799,1,8.79,2,1,1,0
user_9266,179.42,debit_card,False,True,8,4,CA,utilities,0,2928,1,2.24,3,1,1,0
user_3389,271.84,credit_card,False,False,7,3,CA,groceries,0,847,3,2.72,3,3,1,0
user_8429,106.53,ach,False,False,22,2,AU,utilities,0,1901,1,1.33,2,1,1,0
user_7381,1950.29,debit_card,False,False,21,6,US,utilities,0,3539,2,24.38,2,2,1,0
user_9180,53.2,ach,False,True,22,0,UK,gas,0,1021,2,1.06,2,2,1,0
user_7230,94.83,debit_card,False,True,21,5,UK,retail,0,1973,1,0.63,2,1,1,0
user_1829,123.75,debit_card,False,True,20,6,AU,gas,0,3395,1,2.48,2,1,1,0
user_1306,1006.1,ach,False,False,17,5,CA,utilities,0,1343,1,12.58,1,1,1,0
user_3525,291.77,debit_card,False,False,14,5,US,groceries,0,1869,2,2.92,1,2,1,0
user_9622,210.01,debit_card,False,False,11,2,UK,gas,0,2915,1,4.2,1,1,1,0
user_1962,1323.88,credit_card,False,False,8,2,US,retail,0,3380,2,8.83,3,2,1,0
user_5350,1642.79,debit_card,False,False,22,6,CA,groceries,0,2984,3,16.43,2,3,1,0
user_4366,33.88,ach,False,False,13,6,AU,utilities,0,2740,2,0.42,1,2,1,0
user_9727,109.77,credit_card,False,False,10,2,AU,restaurant,0,2281,2,2.74,1,2,1,0
user_8518,191.15,debit_card,False,False,19,6,CA,utilities,0,87,3,2.39,2,3,5,0
user_8527,670.38,debit_card,False,True,10,1,AU,gas,0,352,2,13.41,1,2,1,0
user_2796,163.76,debit_card,True,False,20,2,CA,gas,0,3274,1,3.28,2,1,1,0
user_2824,50.81,debit_card,False,False,22,0,UK,utilities,0,1033,3,0.64,2,3,1,0
user_6992,550.81,debit_card,True,False,15,3,US,restaurant,0,1670,2,13.77,1,2,1,0
user_9748,257.34,debit_card,False,False,12,0,UK,utilities,0,1057,1,3.22,1,1,1,0
user_7615,74.26,debit_card,True,False,21,5,CA,gas,0,2401,2,1.49,2,2,1,0
user_3473,468.19,credit_card,False,False,6,2,AU,restaurant,0,1841,2,11.7,3,2,1,0
user_4727,1237.41,ach,False,False,10,6,AU,gas,0,3382,1,24.75,1,1,1,0
user_8397,30.83,credit_card,False,False,9,6,CA,groceries,0,292,3,0.31,3,3,1,0
user_1651,874.34,debit_card,False,False,6,5,AU,groceries,0,2722,2,8.74,3,2,1,0
user_1842,182.47,credit_card,False,False,21,0,UK,gas,0,1470,3,3.65,2,3,1,0
user_2380,99.11,ach,False,False,19,5,UK,restaurant,0,3220,3,2.48,2,3,1,0
user_3340,368.72,credit_card,False,True,9,3,CA,gas,0,3081,3,7.37,3,3,1,0
user_1128,984.02,debit_card,False,False,12,4,US,retail,0,3626,3,6.56,1,3,1,0
user_8428,1863.63,credit_card,False,False,19,4,US,groceries,0,1296,1,18.64,2,1,1,0
user_3525,1349.3,credit_card,False,False,15,1,UK,groceries,0,1708,1,13.49,1,1,1,0
user_2659,238.11,debit_card,False,False,8,3,CA,restaurant,0,1706,1,5.95,3,1,1,0
user_4598,345.99,debit_card,False,False,7,6,CA,utilities,0,3396,2,4.32,3,2,1,0
user_7408,778.59,ach,False,False,18,2,CA,restaurant,0,1442,3,19.46,2,3,1,0
user_3684,454.93,debit_card,False,True,17,0,UK,gas,0,713,3,9.1,1,3,1,0
user_7943,9280.49,debit_card,True,True,0,1,ID,cash_withdrawal,6,1062,20,46.4,10,20,1,1
user_1280,536.72,credit_card,False,True,20,6,AU,retail,0,3332,3,3.58,2,3,1,0
user_3496,135.61,credit_card,False,False,9,0,AU,groceries,0,2772,1,1.36,3,1,1,0
user_5404,416.12,credit_card,False,False,7,0,US,restaurant,0,777,1,10.4,3,1,1,0
user_4510,1222.05,ach,False,False,8,5,AU,restaurant,0,1025,2,30.55,3,2,1,0
user_1941,171.95,debit_card,False,False,21,0,AU,gas,0,1828,3,3.44,2,3,1,0
user_7979,27.38,credit_card,False,False,9,0,US,retail,0,69,2,0.18,3,2,5,0
user_7624,114.62,debit_card,False,False,12,0,CA,gas,0,2578,3,2.29,1,3,1,0
user_4362,28.93,ach,False,False,22,6,CA,restaurant,0,2431,1,0.72,2,1,1,0
user_2524,62.99,ach,False,False,11,4,AU,gas,0,2900,2,1.26,1,2,1,0
user_2647,160.96,debit_card,False,True,10,6,CA,restaurant,0,1696,2,4.02,1,2,1,0
user_6868,121.47,credit_card,False,False,15,6,US,restaurant,0,2017,1,3.04,1,1,1,0
user_8517,723.53,ach,False,False,21,6,US,restaurant,0,2004,1,18.09,2,1,1,0
user_9508,570.94,ach,False,True,9,1,CA,utilities,0,1373,3,7.14,3,3,1,0
user_8973,170.76,ach,True,True,11,0,UK,retail,0,921,2,1.14,1,2,1,0
user_2746,56.71,credit_card,False,False,13,1,UK,utilities,0,1100,3,0.71,1,3,1,0
user_1788,854.98,ach,False,False,12,4,AU,retail,0,711,2,5.7,1,2,1,0
user_9922,163.36,ach,False,False,18,0,CA,groceries,0,1118,1,1.63,2,1,1,0
user_4944,154.18,debit_card,False,True,19,5,UK,gas,0,229,2,3.08,2,2,1,0
user_1472,195.8,credit_card,False,False,15,0,AU,retail,0,492,3,1.31,1,3,1,0
user_3096,250.28,ach,False,False,19,4,CA,retail,0,2814,3,1.67,2,3,1,0
user_7637,543.6,debit_card,False,False,10,2,US,retail,0,2289,1,3.62,1,1,1,0
user_7475,1965.0,credit_card,True,False,8,4,US,restaurant,0,867,3,49.12,3,3,1,0
user_9727,109.75,debit_card,False,False,7,5,AU,restaurant,0,2281,1,2.74,3,1,1,0
user_3947,1164.26,ach,False,False,8,0,AU,retail,0,2931,3,7.76,3,3,1,0
user_1975,9575.36,wire_transfer,True,True,9,0,CA,wire_transfer,3,3201,8,19.15,3,8,1,1
user_7149,418.12,credit_card,False,False,19,2,CA,restaurant,0,341,1,10.45,2,1,1,0
user_3555,33.47,debit_card,False,False,9,4,US,utilities,0,1025,1,0.42,3,1,1,0
user_8895,235.26,debit_card,False,True,19,0,AU,groceries,0,638,2,2.35,2,2,1,0
user_4695,62.24,credit_card,False,False,16,1,US,restaurant,0,3303,3,1.56,1,3,1,0
user_1251,85.25,debit_card,False,False,14,0,CA,utilities,0,336,3,1.07,1,3,1,0
user_3219,282.91,credit_card,False,True,8,2,AU,gas,0,1390,3,5.66,3,3,1,0
user_3793,284.53,debit_card,False,False,12,5,AU,restaurant,0,2576,3,7.11,1,3,1,0
user_3591,778.34,debit_card,False,True,21,6,AU,gas,0,1473,3,15.57,2,3,1,0
user_1713,712.83,credit_card,False,False,12,4,UK,utilities,0,3091,1,8.91,1,1,1,0
user_8542,235.94,debit_card,False,True,11,5,CA,restaurant,0,1115,1,5.9,1,1,1,0
user_5310,72.39,debit_card,False,False,14,0,US,retail,0,2524,2,0.48,1,2,1,0
user_6061,379.95,ach,False,False,6,3,UK,utilities,0,3029,3,4.75,3,3,1,0
user_5090,142.64,ach,False,False,21,1,UK,restaurant,0,3423,3,3.57,2,3,1,0
user_6210,331.14,debit_card,False,False,20,0,US,retail,0,2911,3,2.21,2,3,1,0
user_8414,35.17,ach,False,False,10,0,CA,restaurant,0,38,2,0.88,1,2,5,0
user_7371,126.14,credit_card,False,False,20,3,UK,utilities,0,2868,3,1.58,2,3,1,0
user_9210,658.49,debit_card,False,False,9,4,AU,utilities,0,1520,1,8.23,3,1,1,0
user_2394,131.95,credit_card,False,False,6,6,UK,gas,0,897,2,2.64,3,2,1,0
user_9584,78.32,debit_card,False,False,6,2,UK,restaurant,0,2561,3,1.96,3,3,1,0
user_7852,1054.96,ach,False,False,11,4,AU,groceries,0,1762,2,10.55,1,2,1,0
user_5500,1429.31,debit_card,False,True,6,4,UK,groceries,0,2108,1,14.29,3,1,1,0
user_9591,87.16,debit_card,False,False,14,6,CA,retail,0,1368,3,0.58,1,3,1,0
user_3173,145.28,debit_card,False,False,22,5,UK,utilities,0,2939,1,1.82,2,1,1,0
user_8341,75.66,credit_card,False,True,14,4,AU,groceries,0,1324,3,0.76,1,3,1,0
user_3785,63.59,debit_card,False,False,7,0,AU,retail,0,2568,2,0.42,3,2,1,0
user_1618,524.4,debit_card,False,False,7,4,UK,retail,0,87,2,3.5,3,2,5,0
user_1130,364.18,ach,False,False,6,0,UK,gas,0,2339,3,7.28,3,3,1,0
user_6759,477.2,credit_card,False,True,6,4,UK,utilities,0,2548,2,5.96,3,2,1,0
user_8430,585.78,ach,False,False,13,5,US,gas,0,1310,1,11.72,1,1,1,0
user_2110,113.54,credit_card,False,True,12,6,US,restaurant,0,2980,2,2.84,1,2,1,0
user_8025,330.95,credit_card,False,False,20,6,US,gas,0,2527,2,6.62,2,2,1,0
user_6866,65.08,ach,False,False,22,5,UK,groceries,0,2182,1,0.65,2,1,1,0
user_4695,158.15,ach,False,False,17,3,US,restaurant,0,3303,3,3.95,1,3,1,0
user_3024,480.11,credit_card,False,True,14,2,UK,utilities,0,2424,1,6.0,1,1,1,0
user_6992,55.91,ach,False,False,14,2,US,groceries,0,1113,2,0.56,1,2,1,0
user_4387,581.5,debit_card,False,False,14,3,AU,utilities,0,1953,2,7.27,1,2,1,0
user_1601,631.78,ach,False,False,7,1,UK,restaurant,0,1063,3,15.79,3,3,1,0
user_3100,185.38,debit_card,False,True,6,1,UK,groceries,0,2567,3,1.85,3,3,1,0
user_4580,540.56,debit_card,False,False,17,0,CA,retail,0,3086,1,3.6,1,1,1,0
user_8381,1105.04,credit_card,False,True,15,2,UK,retail,0,163,3,7.37,1,3,5,0
user_7909,139.42,credit_card,False,False,10,5,CA,utilities,0,2881,1,1.74,1,1,1,0
user_9307,563.41,debit_card,False,False,13,1,US,utilities,0,1872,3,7.04,1,3,1,0
user_8273,35.49,ach,False,False,19,2,CA,groceries,0,2198,3,0.35,2,3,1,0
user_5329,124.63,ach,False,False,6,4,UK,gas,0,53,2,2.49,3,2,5,0
user_5500,9541.58,cryptocurrency,True,True,19,1,UK,cryptocurrency,1,2108,19,9.54,2,19,1,1
user_3315,67.24,debit_card,False,False,14,1,US,groceries,0,1076,3,0.67,1,3,1,0
user_4304,950.72,debit_card,False,True,14,5,CA,utilities,0,167,3,11.88,1,3,5,0
user_1722,64.91,debit_card,False,False,12,5,CA,groceries,0,2639,1,0.65,1,1,1,0
user_8277,1758.23,credit_card,True,False,14,0,AU,restaurant,0,988,3,43.96,1,3,1,0
user_6980,48.61,debit_card,False,True,19,6,CA,restaurant,0,2455,3,1.22,2,3,1,0
user_4707,100.81,credit_card,True,False,17,5,CA,gas,0,450,2,2.02,1,2,1,0
user_7126,150.61,debit_card,False,False,14,6,US,utilities,0,1565,2,1.88,1,2,1,0
user_7723,526.0,ach,False,False,18,1,AU,retail,0,3605,2,3.51,2,2,1,0
user_9700,135.58,credit_card,False,True,11,6,US,retail,0,2596,2,0.9,1,2,1,0
user_6992,46.53,credit_card,False,False,15,6,US,gas,0,1113,1,0.93,1,1,1,0
user_4841,399.67,debit_card,True,False,14,1,UK,groceries,0,2242,1,4.0,1,1,1,0
user_3275,83.85,debit_card,False,False,12,4,US,groceries,0,1508,3,0.84,1,3,1,0
user_3749,898.77,debit_card,False,False,20,4,US,restaurant,0,3215,2,22.47,2,2,1,0
user_9780,239.43,debit_card,False,False,6,1,AU,retail,0,1292,3,1.6,3,3,1,0
user_6980,94.67,debit_card,False,False,18,0,CA,retail,0,2455,3,0.63,2,3,1,0
user_5093,83.56,ach,False,False,13,3,UK,utilities,0,406,2,1.04,1,2,1,0
user_1193,55.11,credit_card,False,False,12,0,US,groceries,0,1362,1,0.55,1,1,1,0
user_1514,375.13,debit_card,False,True,11,6,CA,gas,0,1170,2,7.5,1,2,1,0
user_4764,164.18,credit_card,False,False,18,1,AU,groceries,0,1140,1,1.64,2,1,1,0
user_5833,1411.35,ach,False,False,19,5,CA,utilities,0,748,3,17.64,2,3,1,0
user_4505,74.25,debit_card,False,False,15,1,AU,groceries,0,1385,3,0.74,1,3,1,0
user_4621,869.16,debit_card,False,False,12,5,UK,groceries,0,279,2,8.69,1,2,1,0
user_2468,286.3,debit_card,False,False,22,4,US,groceries,0,2475,2,2.86,2,2,1,0
user_2312,67.56,credit_card,False,False,9,1,US,groceries,0,2795,1,0.68,3,1,1,0
user_3588,623.05,debit_card,False,False,14,2,US,gas,0,1782,1,12.46,1,1,1,0
user_1781,968.79,credit_card,False,True,7,2,CA,gas,0,275,3,19.38,3,3,1,0
user_6985,1368.9,debit_card,True,False,22,0,US,gas,0,2146,2,27.38,2,2,1,0
user_7858,1333.3,debit_card,False,True,19,0,AU,utilities,0,2375,2,16.67,2,2,1,0
user_4729,199.2,debit_card,False,False,16,2,AU,gas,0,1877,2,3.98,1,2,1,0
user_2654,290.38,credit_card,False,False,20,0,UK,groceries,0,3625,1,2.9,2,1,1,0
user_9591,87.58,ach,False,False,15,2,CA,utilities,0,1368,2,1.09,1,2,1,0
user_8341,58.67,ach,False,False,12,1,AU,retail,0,1324,3,0.39,1,3,1,0
user_9535,9144.48,wire_transfer,True,True,5,2,NG,wire_transfer,4,783,8,18.29,10,8,1,1
user_5060,179.53,credit_card,False,True,16,5,US,restaurant,0,3159,1,4.49,1,1,1,0
user_1280,826.92,ach,False,False,20,1,AU,gas,0,3332,1,16.54,2,1,1,0
user_5500,665.78,ach,False,False,6,1,UK,retail,0,2108,2,4.44,3,2,1,0
user_2654,754.6,debit_card,False,False,12,2,AU,gas,0,2633,3,15.09,1,3,1,0
user_4974,461.38,debit_card,False,False,14,1,AU,utilities,0,3194,1,5.77,1,1,1,0
user_5573,308.52,debit_card,False,False,22,0,AU,retail,0,2813,3,2.06,2,3,1,0
user_5786,119.77,credit_card,False,False,22,5,AU,restaurant,0,450,2,2.99,2,2,1,0
user_7224,367.51,credit_card,False,False,15,3,UK,utilities,0,1793,3,4.59,1,3,1,0
user_2166,891.26,ach,False,False,11,2,US,restaurant,0,3583,2,22.28,1,2,1,0
user_4666,162.24,credit_card,False,False,21,5,UK,groceries,0,2949,1,1.62,2,1,1,0
user_9051,28.21,ach,False,False,14,5,US,gas,0,1508,2,0.56,1,2,1,0
user_6315,776.43,credit_card,False,False,9,0,UK,utilities,0,1724,2,9.71,3,2,1,0
user_9984,327.18,ach,False,False,17,5,UK,groceries,0,1888,1,3.27,1,1,1,0
user_1722,54.49,debit_card,False,False,17,6,CA,utilities,0,2639,2,0.68,1,2,1,0
user_2522,387.05,ach,False,False,17,2,CA,retail,0,496,1,2.58,1,1,1,0
user_7939,1401.23,ach,False,False,13,5,UK,groceries,0,2817,1,14.01,1,1,1,0
user_5193,89.3,ach,False,False,7,1,AU,retail,0,485,1,0.6,3,1,1,0
user_8218,516.47,ach,False,True,14,1,AU,retail,0,2089,3,3.44,1,3,1,0
user_7943,999.83,credit_card,False,False,15,0,AU,groceries,0,1062,2,10.0,1,2,1,0
user_3712,800.92,credit_card,False,False,9,1,AU,retail,0,1522,2,5.34,3,2,1,0
user_1639,756.58,debit_card,False,False,20,5,US,gas,0,411,2,15.13,2,2,1,0
user_7363,379.27,debit_card,False,False,8,0,CA,restaurant,0,998,2,9.48,3,2,1,0
user_8157,909.79,ach,False,False,19,4,UK,groceries,0,743,1,9.1,2,1,1,0
user_9167,925.79,credit_card,False,False,6,4,CA,groceries,0,1123,2,9.26,3,2,1,0
user_9727,190.84,debit_card,False,False,7,5,AU,gas,0,2281,1,3.82,3,1,1,0
user_2274,129.17,credit_card,False,True,17,1,UK,gas,0,717,2,2.58,1,2,1,0
user_7979,46.69,credit_card,False,True,6,5,US,retail,0,69,1,0.31,3,1,5,0
user_1517,9704.06,cryptocurrency,True,True,5,3,US,cryptocurrency,2,811,12,9.7,10,12,1,1
user_8094,349.82,debit_card,True,False,9,2,AU,restaurant,0,2787,3,8.75,3,3,1,0
user_3693,714.09,debit_card,False,False,13,6,UK,gas,0,1695,2,14.28,1,2,1,0
user_3519,50.55,debit_card,False,False,12,2,UK,groceries,0,185,1,0.51,1,1,1,0
user_8889,447.53,credit_card,False,False,13,1,CA,groceries,0,2449,1,4.48,1,1,1,0
user_3129,538.23,debit_card,False,False,14,5,CA,gas,0,480,2,10.76,1,2,1,0
user_6136,280.6,debit_card,False,False,19,6,UK,restaurant,0,2939,1,7.02,2,1,1,0
user_1258,158.25,ach,False,True,13,5,US,gas,0,549,2,3.17,1,2,1,0
user_1715,339.18,credit_card,False,False,22,5,AU,utilities,0,2918,2,4.24,2,2,1,0
user_1251,93.09,debit_card,False,True,13,0,CA,groceries,0,336,1,0.93,1,1,1,0
user_4949,413.43,debit_card,False,False,19,2,US,restaurant,0,2193,1,10.34,2,1,1,0
user_9787,43.23,debit_card,False,False,9,3,AU,retail,0,983,1,0.29,3,1,1,0
user_3492,75.39,ach,False,False,22,0,US,restaurant,0,791,2,1.88,2,2,1,0
user_5945,40.13,ach,False,False,17,3,CA,retail,0,909,1,0.27,1,1,1,0
user_2765,842.31,ach,False,False,11,5,US,groceries,0,3192,2,8.42,1,2,1,0
user_4114,339.43,ach,False,False,11,5,AU,restaurant,0,36,1,8.49,1,1,5,0
user_6990,77.2,credit_card,True,True,9,1,AU,utilities,0,2078,3,0.97,3,3,1,0
user_8973,816.89,ach,False,True,20,3,CA,gas,0,2302,1,16.34,2,1,1,0
user_9837,16328.17,wire_transfer,True,True,1,0,BR,cash_withdrawal,8,2031,20,81.64,10,20,1,1
user_6403,480.0,credit_card,False,False,18,4,AU,groceries,0,1210,3,4.8,2,3,1,0
user_3981,106.15,ach,False,False,17,3,US,utilities,0,3435,1,1.33,1,1,1,0
user_4185,787.6,credit_card,False,False,14,1,AU,restaurant,0,1029,3,19.69,1,3,1,0
user_4337,961.86,credit_card,False,False,22,3,AU,restaurant,0,762,3,24.05,2,3,1,0
user_4617,195.88,ach,False,False,9,5,AU,retail,0,1855,1,1.31,3,1,1,0
user_5310,67.47,debit_card,False,False,12,3,US,groceries,0,2524,3,0.67,1,3,1,0
user_9017,1322.46,ach,False,True,14,3,UK,utilities,0,164,1,16.53,1,1,5,0
user_4621,774.03,debit_card,False,False,17,5,UK,retail,0,279,1,5.16,1,1,1,0
user_6447,129.44,debit_card,False,False,6,1,UK,utilities,0,2266,2,1.62,3,2,1,0
user_5911,548.61,debit_card,False,False,6,2,UK,restaurant,0,1386,3,13.72,3,3,1,0
user_6416,175.87,credit_card,False,False,10,4,US,restaurant,0,2781,2,4.4,1,2,1,0
user_4263,525.9,debit_card,False,False,17,0,US,retail,0,1001,1,3.51,1,1,1,0
user_8406,86.57,credit_card,False,False,21,0,AU,gas,0,389,2,1.73,2,2,1,0
user_2514,1121.06,debit_card,True,False,22,2,CA,restaurant,0,241,1,28.03,2,1,1,0
user_1108,1901.86,debit_card,False,False,8,1,AU,gas,0,1550,1,38.04,3,1,1,0
user_9504,1086.83,credit_card,False,False,21,4,US,restaurant,0,1802,1,27.17,2,1,1,0
user_3647,632.92,debit_card,False,False,22,3,AU,groceries,0,2327,1,6.33,2,1,1,0
user_8916,641.62,debit_card,False,False,8,2,US,gas,0,2209,1,12.83,3,1,1,0
user_9394,55.73,debit_card,False,True,16,3,AU,retail,0,484,3,0.37,1,3,1,0
user_8752,540.48,debit_card,False,False,9,0,US,restaurant,0,3187,1,13.51,3,1,1,0
user_1305,209.44,debit_card,False,False,10,4,CA,groceries,0,1869,1,2.09,1,1,1,0
user_9584,65.16,debit_card,False,False,11,5,UK,retail,0,2561,1,0.43,1,1,1,0
user_5846,9871.6,cryptocurrency,True,True,18,4,US,cryptocurrency,2,2741,11,9.87,2,11,1,1
user_2099,34.46,debit_card,False,False,11,4,US,utilities,0,1798,2,0.43,1,2,1,0
user_7165,62.4,debit_card,False,True,18,0,AU,groceries,0,1475,2,0.62,2,2,1,0
user_2130,705.24,debit_card,False,False,6,3,UK,utilities,0,1704,2,8.82,3,2,1,0
user_4705,1895.14,debit_card,False,True,22,1,AU,utilities,0,68,3,23.69,2,3,5,0
user_7936,68.61,ach,False,False,20,2,AU,retail,0,857,2,0.46,2,2,1,0
user_7325,63.59,debit_card,False,False,12,5,US,utilities,0,547,1,0.79,1,1,1,0
user_3455,83.27,debit_card,False,False,13,3,AU,utilities,0,506,3,1.04,1,3,1,0
user_5073,100.61,debit_card,False,False,6,2,AU,restaurant,0,604,2,2.52,3,2,1,0
user_7581,42.22,debit_card,False,False,13,6,UK,groceries,0,2858,2,0.42,1,2,1,0
user_1082,581.77,ach,False,False,18,5,AU,restaurant,0,2230,3,14.54,2,3,1,0
user_3869,583.34,credit_card,False,True,19,0,AU,restaurant,0,222,2,14.58,2,2,1,0
user_1750,152.58,debit_card,False,False,17,5,US,restaurant,0,3533,2,3.81,1,2,1,0
user_7315,165.73,credit_card,False,False,6,3,US,retail,0,858,1,1.1,3,1,1,0
user_5739,55.11,debit_card,False,True,21,1,UK,restaurant,0,2395,3,1.38,2,3,1,0
user_1089,65.84,debit_card,True,False,18,6,US,retail,0,2158,2,0.44,2,2,1,0
user_7841,190.36,ach,False,False,8,0,CA,gas,0,1381,2,3.81,3,2,1,0
user_7950,38.71,ach,True,False,10,5,AU,groceries,0,2678,1,0.39,1,1,1,0
user_1530,997.63,credit_card,False,True,7,6,AU,groceries,0,1549,1,9.98,3,1,1,0
user_6421,222.21,ach,False,False,7,1,CA,groceries,0,2284,2,2.22,3,2,1,0
user_8685,285.55,ach,False,False,19,1,US,utilities,0,354,2,3.57,2,2,1,0
user_5833,1301.44,ach,False,False,22,6,CA,groceries,0,748,3,13.01,2,3,1,0
user_9275,419.79,debit_card,False,False,22,1,US,groceries,0,2820,3,4.2,2,3,1,0
user_3425,86.08,debit_card,False,False,12,4,US,restaurant,0,1979,2,2.15,1,2,1,0
user_1305,209.5,debit_card,False,False,7,4,CA,restaurant,0,1869,3,5.24,3,3,1,0
user_5520,613.74,credit_card,False,False,14,3,AU,gas,0,1690,2,12.27,1,2,1,0
user_9922,77.4,ach,False,True,20,2,CA,gas,0,1118,1,1.55,2,1,1,0
user_6319,198.81,ach,False,True,15,6,AU,retail,0,3413,1,1.33,1,1,1,0
user_5684,408.43,debit_card,False,False,11,3,US,restaurant,0,133,3,10.21,1,3,5,0
user_5500,1733.72,debit_card,False,False,8,1,UK,gas,0,2108,2,34.67,3,2,1,0
user_9209,992.98,ach,False,False,13,4,AU,retail,0,367,2,6.62,1,2,1,0
user_9837,1503.69,debit_card,True,False,6,0,UK,restaurant,0,2031,1,37.59,3,1,1,0
user_7415,1061.79,ach,False,False,6,4,CA,utilities,0,2497,3,13.27,3,3,1,0
user_5333,39.01,ach,False,True,8,3,CA,utilities,0,1145,3,0.49,3,3,1,0
user_6601,611.76,ach,False,False,13,6,AU,restaurant,0,1551,3,15.29,1,3,1,0
user_6400,213.33,debit_card,False,False,21,4,US,restaurant,0,1101,1,5.33,2,1,1,0
user_7408,893.83,debit_card,False,False,19,1,CA,groceries,0,1442,1,8.94,2,1,1,0
user_4084,7725.46,wire_transfer,True,True,5,4,NG,wire_transfer,4,2083,13,15.45,10,13,1,1
user_7550,1782.69,credit_card,False,True,10,2,US,utilities,0,2993,2,22.28,1,2,1,0
user_9727,90.32,debit_card,False,False,8,6,AU,restaurant,0,2281,2,2.26,3,2,1,0
user_4337,592.04,debit_card,False,False,22,0,AU,gas,0,762,3,11.84,2,3,1,0
user_4170,301.56,debit_card,False,False,17,1,AU,restaurant,0,1374,2,7.54,1,2,1,0
user_9364,902.98,credit_card,False,False,21,0,CA,restaurant,0,2549,3,22.57,2,3,1,0
user_3425,98.49,debit_card,False,False,16,6,US,gas,0,1979,2,1.97,1,2,1,0
user_5833,291.03,credit_card,False,False,19,6,CA,utilities,0,927,2,3.64,2,2,1,0
user_1829,174.08,debit_card,False,False,18,2,AU,gas,0,3395,1,3.48,2,1,1,0
user_6930,183.24,debit_card,False,False,10,0,AU,gas,0,402,3,3.66,1,3,1,0
user_1645,1224.95,ach,False,False,15,5,CA,groceries,0,2848,1,12.25,1,1,1,0
user_3931,1216.8,ach,False,False,21,4,AU,gas,0,3086,1,24.34,2,1,1,0
user_8750,97.34,debit_card,False,False,10,6,UK,restaurant,0,1680,1,2.43,1,1,1,0
user_1182,607.63,credit_card,False,False,22,3,CA,utilities,0,534,1,7.6,2,1,1,0
user_1781,543.95,credit_card,False,True,6,5,CA,restaurant,0,275,1,13.6,3,1,1,0
user_5498,57.14,debit_card,False,False,10,3,AU,restaurant,0,1518,2,1.43,1,2,1,0
user_6890,593.76,debit_card,False,False,21,4,US,retail,0,477,3,3.96,2,3,1,0
user_3749,1279.59,debit_card,True,False,20,3,US,restaurant,0,3215,2,31.99,2,2,1,0
user_5329,152.77,debit_card,False,False,7,4,UK,restaurant,0,53,2,3.82,3,2,5,0
user_3492,32.03,debit_card,False,False,20,2,US,gas,0,791,2,0.64,2,2,1,0
user_3399,165.36,ach,False,False,11,6,CA,utilities,0,2497,3,2.07,1,3,1,0
user_3519,2198.43,wire_transfer,True,True,2,1,CN,wire_transfer,2,185,10,4.4,10,10,1,1
user_5581,310.54,debit_card,False,False,11,5,CA,gas,0,2388,3,6.21,1,3,1,0
user_5278,369.51,ach,False,False,11,2,CA,utilities,0,2148,3,4.62,1,3,1,0
user_4617,197.41,debit_card,False,False,11,0,AU,groceries,0,1855,3,1.97,1,3,1,0
user_3868,926.56,ach,False,False,22,1,AU,restaurant,0,2617,3,23.16,2,3,1,0
user_7739,84.62,debit_card,False,False,10,2,UK,restaurant,0,2224,3,2.12,1,3,1,0
user_2388,299.59,ach,False,False,21,3,AU,restaurant,0,2665,2,7.49,2,2,1,0
user_6210,282.82,ach,False,False,22,0,US,retail,0,2911,1,1.89,2,1,1,0
user_2739,283.39,debit_card,False,False,9,1,AU,utilities,0,531,1,3.54,3,1,1,0
user_2642,82.42,debit_card,False,False,18,6,AU,gas,0,3249,3,1.65,2,3,1,0
user_8368,357.9,ach,False,False,13,6,US,groceries,0,1828,1,3.58,1,1,1,0
user_4559,728.79,debit_card,False,False,13,4,CA,retail,0,3533,1,4.86,1,1,1,0
user_8373,264.4,ach,False,True,8,6,UK,restaurant,0,3166,1,6.61,3,1,1,0
user_7165,85.06,debit_card,False,False,20,3,AU,retail,0,1475,3,0.57,2,3,1,0
user_8736,52.15,credit_card,False,False,14,4,CA,groceries,0,1601,3,0.52,1,3,1,0
user_9615,1399.73,credit_card,False,False,22,2,UK,retail,0,231,2,9.33,2,2,1,0
user_5216,18752.15,wire_transfer,True,True,5,5,NG,wire_transfer,3,1917,6,37.5,10,6,1,1
user_9031,38.17,debit_card,False,False,13,0,UK,utilities,0,2633,2,0.48,1,2,1,0
user_7251,9585.02,cryptocurrency,True,True,9,0,UK,wire_transfer,3,2291,16,19.17,3,16,1,1
user_1829,68.0,debit_card,False,False,19,0,AU,groceries,0,3395,3,0.68,2,3,1,0
user_9266,193.89,credit_card,False,True,7,2,CA,utilities,0,2928,2,2.42,3,2,1,0
user_3218,663.19,credit_card,False,False,15,5,AU,groceries,0,1867,1,6.63,1,1,1,0
user_6992,92.04,debit_card,False,False,15,6,US,utilities,0,1113,2,1.15,1,2,1,0
user_1930,1762.29,credit_card,False,False,14,2,UK,restaurant,0,2818,3,44.06,1,3,1,0
user_6600,123.86,ach,False,False,13,4,CA,gas,0,3028,1,2.48,1,1,1,0
user_3754,65.58,debit_card,False,True,21,5,US,gas,0,2203,3,1.31,2,3,1,0
user_5581,742.84,debit_card,False,False,11,2,CA,restaurant,0,2388,3,18.57,1,3,1,0
user_9307,933.6,debit_card,False,False,14,0,US,retail,0,1872,1,6.22,1,1,1,0
user_1104,251.83,debit_card,False,True,10,0,CA,gas,0,308,2,5.04,1,2,1,0
user_3230,286.62,ach,False,False,16,3,CA,utilities,0,1992,1,3.58,1,1,1,0
user_3250,194.47,debit_card,False,True,15,0,AU,groceries,0,2362,3,1.94,1,3,1,0
user_9246,1777.41,debit_card,False,False,13,2,CA,utilities,0,297,2,22.22,1,2,1,0
user_8517,949.77,debit_card,False,False,21,2,US,restaurant,0,2004,2,23.74,2,2,1,0
user_5833,32553.97,wire_transfer,True,True,4,0,NG,wire_transfer,2,748,13,65.11,10,13,1,1
user_7071,27.49,debit_card,False,False,18,2,UK,gas,0,81,3,0.55,2,3,5,0
user_9680,137.79,debit_card,False,False,15,6,US,groceries,0,3596,2,1.38,1,2,1,0
user_1962,1298.75,credit_card,False,True,11,6,US,utilities,0,3380,1,16.23,1,1,1,0
user_4522,948.92,ach,False,False,13,6,CA,gas,0,1724,2,18.98,1,2,1,0
user_5498,29.6,ach,False,False,11,4,AU,utilities,0,1518,3,0.37,1,3,1,0
user_2679,1547.21,ach,True,False,18,0,CA,utilities,0,3070,2,19.34,2,2,1,0
user_9209,792.09,debit_card,False,False,16,3,AU,gas,0,367,2,15.84,1,2,1,0
user_6210,350.79,debit_card,False,True,19,5,US,retail,0,2911,1,2.34,2,1,1,0
user_1355,385.45,debit_card,False,True,21,1,CA,restaurant,0,416,2,9.64,2,2,1,0
user_7624,109.05,ach,True,False,17,3,CA,gas,0,2578,2,2.18,1,2,1,0
user_3539,963.6,debit_card,False,True,17,4,UK,retail,0,2248,1,6.42,1,1,1,0
user_1077,641.97,debit_card,True,False,13,5,CA,utilities,0,3147,3,8.02,1,3,1,0
user_2734,82.75,debit_card,False,False,15,4,AU,utilities,0,2176,3,1.03,1,3,1,0
user_5075,105.33,credit_card,True,False,16,3,US,retail,0,2839,1,0.7,1,1,1,0
user_6727,87.87,ach,False,False,16,6,US,retail,0,1653,1,0.59,1,1,1,0
user_1136,1758.98,wire_transfer,True,True,0,5,RU,wire_transfer,3,2745,11,3.52,10,11,1,1
user_4920,1896.96,wire_transfer,True,True,0,6,CN,wire_transfer,3,2292,10,3.79,10,10,1,1
user_1891,1741.09,debit_card,False,False,17,6,US,gas,0,1220,1,34.82,1,1,1,0
user_7371,174.75,ach,False,False,22,3,UK,groceries,0,2868,3,1.75,2,3,1,0
user_5166,790.1,debit_card,False,True,21,2,US,retail,0,1872,1,5.27,2,1,1,0
user_4974,656.69,debit_card,True,False,17,6,AU,restaurant,0,3194,2,16.42,1,2,1,0
user_5819,949.39,debit_card,False,False,7,5,US,utilities,0,795,3,11.87,3,3,1,0
user_5201,575.75,ach,False,False,6,6,CA,groceries,0,3421,3,5.76,3,3,1,0
user_3340,235.74,debit_card,False,False,10,5,CA,gas,0,3081,2,4.71,1,2,1,0
user_8542,217.92,debit_card,True,True,6,1,CA,restaurant,0,1115,1,5.45,3,1,1,0
user_3430,60.25,credit_card,False,False,8,3,UK,groceries,0,2587,3,0.6,3,3,1,0
user_7878,716.0,debit_card,False,False,11,6,CA,groceries,0,2944,2,7.16,1,2,1,0
user_9051,87.27,ach,False,True,13,6,US,gas,0,1508,3,1.75,1,3,1,0
user_1962,1002.07,debit_card,False,False,7,3,US,utilities,0,3380,3,12.53,3,3,1,0
user_2417,240.0,credit_card,False,False,13,4,AU,utilities,0,1648,1,3.0,1,1,1,0
user_6374,883.14,ach,False,True,11,6,US,utilities,0,2632,3,11.04,1,3,1,0
user_4817,12462.84,wire_transfer,True,True,2,3,RU,wire_transfer,3,1402,10,24.93,10,10,1,1
user_3218,5021.38,wire_transfer,True,True,0,1,CN,wire_transfer,5,1867,12,10.04,10,12,1,1
user_5162,136.63,credit_card,False,False,14,6,AU,groceries,0,1656,2,1.37,1,2,1,0
user_1930,1123.68,ach,False,False,15,3,UK,restaurant,0,2818,2,28.09,1,2,1,0
user_2916,169.32,debit_card,False,False,12,2,CA,retail,0,2122,1,1.13,1,1,1,0
user_3161,331.71,credit_card,False,False,9,2,UK,restaurant,0,412,1,8.29,3,1,1,0
user_5911,411.01,ach,False,False,7,3,UK,utilities,0,1386,1,5.14,3,1,1,0
user_5224,80.71,debit_card,False,False,15,6,CA,restaurant,0,2802,2,2.02,1,2,1,0
user_6383,942.99,credit_card,False,False,15,4,UK,groceries,0,2597,1,9.43,1,1,1,0
user_3159,86.89,debit_card,False,False,17,5,CA,utilities,0,2441,3,1.09,1,3,1,0
user_1355,384.36,debit_card,False,False,21,0,CA,groceries,0,416,2,3.84,2,2,1,0
user_4463,645.3,debit_card,True,False,21,3,AU,utilities,0,3140,2,8.07,2,2,1,0
user_3079,385.55,debit_card,False,False,18,2,US,groceries,0,3189,3,3.86,2,3,1,0
user_6400,111.57,debit_card,False,False,18,6,US,utilities,0,1101,1,1.39,2,1,1,0
user_9488,192.98,debit_card,False,False,13,2,CA,retail,0,693,3,1.29,1,3,1,0
user_8869,156.0,credit_card,False,False,7,2,US,restaurant,0,877,1,3.9,3,1,1,0
user_8822,115.72,debit_card,False,False,15,1,UK,gas,0,1199,3,2.31,1,3,1,0
user_4910,307.13,ach,True,True,13,5,CA,gas,0,2781,2,6.14,1,2,1,0
user_7948,1522.95,ach,True,False,13,0,CA,groceries,0,1043,3,15.23,1,3,1,0
user_8483,101.71,debit_card,False,False,17,2,AU,gas,0,235,1,2.03,1,1,1,0
user_3250,190.49,ach,False,False,17,5,AU,utilities,0,2362,2,2.38,1,2,1,0
user_4288,94.05,debit_card,False,False,10,1,US,groceries,0,1899,3,0.94,1,3,1,0
user_7809,258.33,ach,False,False,14,4,CA,retail,0,368,3,1.72,1,3,1,0
user_7224,397.42,debit_card,False,False,16,4,UK,groceries,0,1793,1,3.97,1,1,1,0
user_7445,152.46,credit_card,False,False,10,2,UK,gas,0,2832,3,3.05,1,3,1,0
user_3275,189.3,ach,False,False,16,2,US,groceries,0,1508,1,1.89,1,1,1,0
user_2013,395.28,ach,False,False,11,6,UK,retail,0,2955,2,2.64,1,2,1,0
user_6374,595.25,debit_card,False,False,7,0,US,gas,0,2632,3,11.9,3,3,1,0
user_7859,9896.94,wire_transfer,True,True,7,1,CA,wire_transfer,2,1150,9,19.79,3,9,1,1
user_9261,678.88,debit_card,False,False,18,6,UK,groceries,0,3410,3,6.79,2,3,1,0
user_5661,1380.77,credit_card,False,False,19,2,UK,groceries,0,1453,3,13.81,2,3,1,0
user_8015,89.25,debit_card,False,True,22,3,CA,groceries,0,3244,2,0.89,2,2,1,0
user_5073,98.43,credit_card,False,False,7,4,AU,utilities,0,604,1,1.23,3,1,1,0
user_7479,209.61,credit_card,False,False,12,1,UK,utilities,0,3093,2,2.62,1,2,1,0
user_7939,294.06,ach,False,False,17,1,CA,retail,0,1343,1,1.96,1,1,1,0
user_5075,124.66,credit_card,False,False,13,4,US,gas,0,2839,1,2.49,1,1,1,0
user_5728,295.94,ach,False,False,10,6,AU,groceries,0,2850,2,2.96,1,2,1,0
user_8863,635.12,debit_card,False,True,12,5,UK,restaurant,0,3203,2,15.88,1,2,1,0
user_6771,1482.33,debit_card,False,False,13,2,AU,groceries,0,2791,1,14.82,1,1,1,0
user_1742,90.38,credit_card,False,False,10,3,UK,groceries,0,3323,3,0.9,1,3,1,0
user_9553,474.56,debit_card,True,False,12,0,US,retail,0,2887,3,3.16,1,3,1,0
user_5262,162.96,credit_card,False,False,8,1,AU,gas,0,3530,2,3.26,3,2,1,0
user_3430,33.07,debit_card,False,False,8,2,UK,groceries,0,2587,3,0.33,3,3,1,0
user_9864,39.96,ach,False,False,18,1,US,gas,0,991,3,0.8,2,3,1,0
user_4727,1420.01,debit_card,True,True,10,6,AU,groceries,0,3382,1,14.2,1,1,1,0
user_5262,166.75,ach,False,False,10,4,AU,restaurant,0,3530,3,4.17,1,3,1,0
user_6460,225.51,debit_card,True,True,21,4,US,utilities,0,3543,1,2.82,2,1,1,0
user_1857,154.25,debit_card,False,False,8,4,UK,restaurant,0,417,3,3.86,3,3,1,0
user_7565,9870.41,wire_transfer,True,True,23,2,US,cryptocurrency,3,651,14,9.87,7,14,1,1
user_8765,148.49,credit_card,False,True,18,2,CA,restaurant,0,588,3,3.71,2,3,1,0
user_7367,798.58,credit_card,False,False,16,2,US,gas,0,1455,3,15.97,1,3,1,0
user_9246,14267.0,wire_transfer,True,True,2,5,NG,wire_transfer,2,297,9,28.53,10,9,1,1
user_4450,141.0,debit_card,True,False,16,1,US,gas,0,421,1,2.82,1,1,1,0
user_3684,484.86,credit_card,False,False,13,4,UK,utilities,0,713,1,6.06,1,1,1,0
user_4909,60.64,ach,False,False,6,2,US,gas,0,1809,1,1.21,3,1,1,0
user_1815,55.64,debit_card,False,False,13,1,AU,utilities,0,2741,3,0.7,1,3,1,0
user_3591,926.82,ach,False,False,20,6,AU,utilities,0,1473,3,11.59,2,3,1,0
user_4705,1895.34,credit_card,False,False,19,3,AU,groceries,0,68,3,18.95,2,3,5,0
user_1722,66.76,debit_card,False,False,16,6,CA,utilities,0,2639,3,0.83,1,3,1,0
user_9830,387.79,debit_card,False,False,20,4,AU,restaurant,0,2420,2,9.69,2,2,1,0
user_2832,276.97,credit_card,False,False,12,4,CA,restaurant,0,267,2,6.92,1,2,1,0
user_7149,521.25,debit_card,False,False,22,2,CA,restaurant,0,341,1,13.03,2,1,1,0
user_9904,1548.19,credit_card,False,False,14,0,CA,restaurant,0,1528,2,38.7,1,2,1,0
user_5573,250.15,debit_card,False,False,22,0,AU,groceries,0,2813,2,2.5,2,2,1,0
user_5833,1476.64,debit_card,False,False,18,2,CA,restaurant,0,748,2,36.92,2,2,1,0
user_2916,120.25,ach,False,False,13,5,CA,gas,0,2122,3,2.4,1,3,1,0
user_3684,886.1,ach,False,False,16,1,UK,utilities,0,713,1,11.08,1,1,1,0
user_5831,54.51,debit_card,False,False,15,2,UK,restaurant,0,458,3,1.36,1,3,1,0
user_9565,182.49,debit_card,False,False,17,0,CA,groceries,0,2773,1,1.82,1,1,1,0
user_3852,353.52,ach,False,False,22,2,CA,groceries,0,527,1,3.54,2,1,1,0
user_4695,138.43,credit_card,False,False,13,3,US,gas,0,3303,3,2.77,1,3,1,0
user_4796,86.9,debit_card,False,False,14,6,UK,utilities,0,988,2,1.09,1,2,1,0
user_5067,697.81,ach,False,False,18,1,UK,restaurant,0,1141,1,17.45,2,1,1,0
user_7049,1162.93,debit_card,True,False,19,3,CA,utilities,0,1790,3,14.54,2,3,1,0
user_8490,80.84,debit_card,False,False,18,4,AU,gas,0,1322,3,1.62,2,3,1,0
user_1567,847.27,debit_card,False,False,21,1,CA,groceries,0,2681,3,8.47,2,3,1,0
user_8015,182.74,debit_card,True,False,19,0,CA,utilities,0,3244,3,2.28,2,3,1,0
user_6816,114.36,ach,False,False,19,1,US,restaurant,0,2336,3,2.86,2,3,1,0
user_3793,372.01,ach,False,True,16,1,AU,retail,0,2576,1,2.48,1,1,1,0
user_3173,126.82,debit_card,False,False,19,0,UK,utilities,0,2939,1,1.59,2,1,1,0
user_7126,93.65,ach,False,False,22,1,CA,groceries,0,298,3,0.94,2,3,1,0
user_1117,31.74,debit_card,False,False,22,6,US,gas,0,967,2,0.63,2,2,1,0
user_9615,1310.67,debit_card,False,False,20,5,UK,restaurant,0,231,1,32.77,2,1,1,0
user_7150,632.93,debit_card,False,False,9,6,AU,gas,0,381,1,12.66,3,1,1,0
user_5221,942.09,debit_card,False,False,9,3,UK,groceries,0,953,2,9.42,3,2,1,0
user_2245,375.47,ach,True,False,20,4,AU,retail,0,3198,3,2.5,2,3,1,0
user_9078,873.82,debit_card,False,False,17,6,AU,restaurant,0,445,1,21.85,1,1,1,0
user_8685,934.53,ach,False,False,22,6,US,utilities,0,354,1,11.68,2,1,1,0
user_1533,1690.59,ach,False,False,12,2,AU,gas,0,3554,2,33.81,1,2,1,0
user_5911,425.31,debit_card,False,False,6,3,UK,gas,0,1386,1,8.51,3,1,1,0
user_6714,1466.98,ach,False,False,20,4,UK,groceries,0,1208,3,14.67,2,3,1,0
user_3093,1117.7,credit_card,False,False,10,5,AU,retail,0,2112,3,7.45,1,3,1,0
user_4560,138.81,credit_card,False,False,8,0,UK,utilities,0,2842,1,1.74,3,1,1,0
user_9148,76.61,debit_card,False,False,6,2,AU,gas,0,1718,3,1.53,3,3,1,0
user_8859,1305.69,credit_card,False,True,16,4,UK,utilities,0,2346,3,16.32,1,3,1,0
user_8646,356.16,debit_card,False,True,20,1,AU,restaurant,0,2424,3,8.9,2,3,1,0
user_9008,99.68,debit_card,False,False,19,3,AU,restaurant,0,3342,1,2.49,2,1,1,0
user_2827,247.85,ach,False,False,16,0,CA,retail,0,1888,2,1.65,1,2,1,0
user_9622,307.31,debit_card,False,False,8,3,UK,groceries,0,2915,3,3.07,3,3,1,0
user_5336,75.11,credit_card,False,False,21,4,AU,restaurant,0,2561,1,1.88,2,1,1,0
user_6374,1484.77,debit_card,False,True,8,3,US,groceries,0,2632,2,14.85,3,2,1,0
user_6374,1704.56,credit_card,False,False,9,0,US,retail,0,2632,3,11.36,3,3,1,0
user_4053,19562.31,wire_transfer,True,True,1,0,CN,wire_transfer,4,3050,11,39.12,10,11,1,1
user_7965,98.46,debit_card,False,False,20,0,CA,groceries,0,1249,1,0.98,2,1,1,0
user_8640,81.34,ach,False,False,6,4,CA,restaurant,0,1351,3,2.03,3,3,1,0
user_4734,140.7,debit_card,False,False,17,4,AU,restaurant,0,3200,3,3.52,1,3,1,0
user_3222,809.79,debit_card,False,True,15,0,UK,groceries,0,2776,2,8.1,1,2,1,0
user_3139,1469.19,credit_card,False,False,17,6,UK,gas,0,2825,3,29.38,1,3,1,0
user_8912,515.78,ach,False,False,10,5,CA,utilities,0,3022,2,6.45,1,2,1,0
user_3910,872.42,debit_card,False,False,12,5,UK,utilities,0,3040,1,10.91,1,1,1,0
user_6931,1640.66,credit_card,False,False,22,3,US,utilities,0,1881,2,20.51,2,2,1,0
user_7653,251.35,ach,False,False,16,0,US,gas,0,2850,3,5.03,1,3,1,0
user_4517,78.27,credit_card,False,False,13,0,UK,utilities,0,1856,3,0.98,1,3,1,0
user_9269,72.05,debit_card,False,False,8,5,AU,groceries,0,1216,2,0.72,3,2,1,0
user_9808,961.37,debit_card,False,True,11,1,UK,gas,0,372,1,19.23,1,1,1,0
user_4212,1779.12,credit_card,False,False,18,4,CA,restaurant,0,1022,1,44.48,2,1,1,0
user_4510,1837.37,debit_card,False,False,11,0,AU,gas,0,1025,3,36.75,1,3,1,0
user_9808,258.5,credit_card,False,False,8,5,AU,retail,0,2346,1,1.72,3,1,1,0
user_4729,214.73,ach,False,True,15,6,AU,retail,0,1877,3,1.43,1,3,1,0
user_7230,78.07,credit_card,False,False,19,4,UK,groceries,0,1973,1,0.78,2,1,1,0
user_6085,500.51,debit_card,True,True,17,5,US,restaurant,0,263,3,12.51,1,3,1,0
user_4143,336.31,debit_card,False,False,18,0,AU,retail,0,2804,1,2.24,2,1,1,0
user_8967,176.1,ach,False,False,7,4,CA,groceries,0,664,1,1.76,3,1,1,0
user_1089,39.28,ach,False,False,22,0,US,retail,0,2158,1,0.26,2,1,1,0
user_9674,176.54,ach,False,False,21,1,CA,utilities,0,683,3,2.21,2,3,1,0
user_9105,284.18,ach,False,False,13,3,UK,gas,0,1413,2,5.68,1,2,1,0
user_9674,295.16,debit_card,True,True,18,2,CA,restaurant,0,683,2,7.38,2,2,1,0
user_2387,1133.88,credit_card,False,False,8,1,CA,gas,0,2837,1,22.68,3,1,1,0
user_6904,4542.58,wire_transfer,True,True,0,5,NG,wire_transfer,2,3403,5,9.09,10,5,1,1
user_1182,1044.76,ach,False,False,20,6,CA,retail,0,534,2,6.97,2,2,1,0
user_2234,127.45,ach,False,False,22,3,AU,gas,0,1930,2,2.55,2,2,1,0
user_8429,127.12,debit_card,False,False,18,2,AU,retail,0,1901,1,0.85,2,1,1,0
user_8957,1063.75,debit_card,False,False,15,6,AU,groceries,0,1148,2,10.64,1,2,1,0
user_2767,47.21,debit_card,False,False,17,0,AU,groceries,0,976,1,0.47,1,1,1,0
user_5661,653.38,ach,False,False,21,3,UK,groceries,0,1453,1,6.53,2,1,1,0
user_5408,391.79,ach,False,False,20,4,US,utilities,0,3571,2,4.9,2,2,1,0
user_7018,1979.8,ach,False,False,12,2,US,utilities,0,3008,3,24.75,1,3,1,0
user_1842,304.77,ach,False,False,20,5,UK,gas,0,1470,3,6.1,2,3,1,0
user_2245,382.31,debit_card,False,False,19,5,AU,utilities,0,3198,3,4.78,2,3,1,0
user_5498,66.62,credit_card,False,False,6,0,AU,restaurant,0,1518,1,1.67,3,1,1,0
user_3395,8605.44,debit_card,True,True,1,3,VN,cash_withdrawal,6,926,13,43.03,10,13,1,1
user_5833,153.37,debit_card,False,False,18,6,CA,gas,0,927,3,3.07,2,3,1,0
user_1182,1305.9,debit_card,False,False,21,3,CA,gas,0,534,1,26.12,2,1,1,0
user_3910,526.45,credit_card,False,False,16,0,UK,gas,0,3040,2,10.53,1,2,1,0
user_7371,181.4,ach,False,False,19,4,UK,gas,0,2868,1,3.63,2,1,1,0
user_6916,135.16,debit_card,False,False,6,1,AU,utilities,0,3555,1,1.69,3,1,1,0
user_1852,102.17,credit_card,False,True,17,4,US,groceries,0,3324,2,1.02,1,2,1,0
user_9004,1169.18,debit_card,True,False,9,0,AU,groceries,0,2675,2,11.69,3,2,1,0
user_4212,761.75,ach,False,False,21,3,CA,utilities,0,1022,1,9.52,2,1,1,0
user_1130,197.14,debit_card,False,False,11,5,UK,groceries,0,2339,2,1.97,1,2,1,0
user_1613,88.29,debit_card,False,False,13,2,US,retail,0,1402,2,0.59,1,2,1,0
user_9383,82.61,debit_card,False,False,19,3,US,utilities,0,1078,3,1.03,2,3,1,0
user_3754,30.94,debit_card,False,False,20,6,US,retail,0,2203,1,0.21,2,1,1,0
user_6804,650.5,ach,False,False,13,5,AU,utilities,0,3568,3,8.13,1,3,1,0
user_3526,50.01,ach,False,False,22,3,UK,retail,0,3481,3,0.33,2,3,1,0
user_5262,105.83,credit_card,False,False,6,2,AU,retail,0,3530,3,0.71,3,3,1,0
user_9941,370.78,ach,False,False,22,2,CA,groceries,0,1250,2,3.71,2,2,1,0
user_2956,31.47,debit_card,False,True,18,1,CA,gas,0,2903,3,0.63,2,3,1,0
user_9680,179.88,ach,False,True,16,3,US,utilities,0,3596,1,2.25,1,1,1,0
user_7479,101.72,debit_card,False,False,16,0,UK,restaurant,0,3093,1,2.54,1,1,1,0
user_5986,595.05,ach,False,False,10,0,US,utilities,0,991,1,7.44,1,1,1,0
user_4150,136.04,debit_card,False,False,14,1,UK,gas,0,951,3,2.72,1,3,1,0
user_1251,182.3,credit_card,False,False,16,6,CA,restaurant,0,336,2,4.56,1,2,1,0
user_1841,331.51,ach,False,True,14,0,US,utilities,0,3397,2,4.14,1,2,1,0
user_7296,450.23,credit_card,False,False,18,0,UK,gas,0,2944,1,9.0,2,1,1,0
user_2524,25.69,debit_card,False,False,7,4,AU,utilities,0,2900,2,0.32,3,2,1,0
user_1417,437.47,debit_card,False,False,12,2,UK,gas,0,1744,2,8.75,1,2,1,0
user_7209,170.22,debit_card,False,True,10,3,AU,retail,0,3515,1,1.13,1,1,1,0
user_1251,172.24,debit_card,True,False,13,2,CA,restaurant,0,336,2,4.31,1,2,1,0
user_5336,127.35,credit_card,False,False,18,4,AU,retail,0,2561,3,0.85,2,3,1,0
user_3340,61.58,debit_card,False,True,18,1,US,groceries,0,2529,1,0.62,2,1,1,0
user_1424,146.83,credit_card,False,False,17,6,AU,groceries,0,2330,3,1.47,1,3,1,0
user_3146,343.39,credit_card,False,False,17,5,AU,retail,0,527,2,2.29,1,2,1,0
user_8723,934.83,debit_card,False,False,7,2,CA,retail,0,3431,3,6.23,3,3,1,0
user_9017,1590.4,debit_card,False,True,13,2,UK,retail,0,164,1,10.6,1,1,5,0
user_2522,231.71,debit_card,True,True,13,0,CA,utilities,0,496,2,2.9,1,2,1,0
user_8633,475.94,debit_card,False,False,10,2,CA,retail,0,3441,3,3.17,1,3,1,0
user_5781,53.01,ach,False,True,17,6,US,gas,0,1293,1,1.06,1,1,1,0
user_9899,631.69,ach,False,False,16,2,UK,utilities,0,3196,2,7.9,1,2,1,0
user_3100,97.51,ach,False,False,8,6,UK,retail,0,2567,1,0.65,3,1,1,0
user_7708,758.15,credit_card,False,False,11,4,CA,gas,0,1328,2,15.16,1,2,1,0
user_6816,186.59,ach,False,False,18,1,US,retail,0,2336,2,1.24,2,2,1,0
user_7624,58.42,credit_card,False,False,14,3,CA,gas,0,2578,3,1.17,1,3,1,0
user_8109,212.69,debit_card,True,False,20,6,US,utilities,0,2193,2,2.66,2,2,1,0
user_7461,64.08,ach,False,False,22,6,US,groceries,0,1811,1,0.64,2,1,1,0
user_4619,1721.62,debit_card,True,True,9,0,AU,restaurant,0,606,1,43.04,3,1,1,0
user_8895,247.66,debit_card,False,False,20,1,AU,restaurant,0,638,3,6.19,2,3,1,0
user_8028,133.36,debit_card,False,False,15,3,AU,retail,0,1465,3,0.89,1,3,1,0
user_6816,148.88,credit_card,False,False,20,1,US,restaurant,0,2336,1,3.72,2,1,1,0
user_1519,184.54,ach,False,True,9,5,CA,gas,0,259,1,3.69,3,1,1,0
user_8439,58.82,credit_card,False,False,19,1,AU,restaurant,0,3035,3,1.47,2,3,1,0
user_1852,194.96,credit_card,False,False,16,5,US,gas,0,3324,3,3.9,1,3,1,0
user_3096,221.2,debit_card,False,False,21,0,CA,gas,0,2814,2,4.42,2,2,1,0
user_1659,76.0,credit_card,True,True,14,3,AU,restaurant,0,1169,1,1.9,1,1,1,0
user_1962,1990.28,debit_card,False,False,10,5,US,retail,0,3380,1,13.27,1,1,1,0
user_6478,188.37,credit_card,False,False,14,3,AU,gas,0,3584,2,3.77,1,2,1,0
user_3147,1101.34,debit_card,False,False,17,6,CA,utilities,0,694,1,13.77,1,1,1,0
user_9849,115.82,credit_card,False,False,22,0,UK,utilities,0,1248,2,1.45,2,2,1,0
user_2341,1206.09,debit_card,False,False,16,5,UK,utilities,0,349,3,15.08,1,3,1,0
user_3381,37.75,ach,False,False,22,1,US,groceries,0,848,2,0.38,2,2,1,0
user_9524,128.26,debit_card,False,False,18,1,CA,retail,0,1745,3,0.86,2,3,1,0
user_5703,91.16,debit_card,False,True,20,1,US,groceries,0,2549,1,0.91,2,1,1,0
user_1742,856.36,ach,False,False,17,4,US,restaurant,0,2246,3,21.41,1,3,1,0
user_2527,121.72,ach,False,False,6,3,AU,retail,0,511,1,0.81,3,1,1,0
user_7434,481.74,debit_card,False,True,9,2,UK,retail,0,2601,2,3.21,3,2,1,0
user_2647,156.26,ach,False,False,6,0,CA,gas,0,1696,3,3.13,3,3,1,0
user_4176,280.64,debit_card,False,False,13,3,CA,retail,0,997,3,1.87,1,3,1,0
user_4571,711.19,ach,False,False,22,1,UK,groceries,0,3171,1,7.11,2,1,1,0
user_8414,30.8,ach,False,False,6,6,CA,gas,0,38,2,0.62,3,2,5,0
user_1530,632.31,credit_card,False,False,8,1,AU,gas,0,1549,2,12.65,3,2,1,0
user_2739,141.47,ach,False,False,11,3,AU,utilities,0,531,3,1.77,1,3,1,0
user_5999,457.91,debit_card,False,True,15,3,US,gas,0,1389,1,9.16,1,1,1,0
user_7429,671.47,wire_transfer,True,True,0,0,RU,wire_transfer,5,773,9,1.34,10,9,1,1
user_8987,581.64,debit_card,False,True,7,5,AU,gas,0,2543,2,11.63,3,2,1,0
user_5581,686.6,credit_card,True,False,9,4,CA,restaurant,0,2388,3,17.16,3,3,1,0
user_3926,53.66,debit_card,False,False,7,3,US,retail,0,2018,1,0.36,3,1,1,0
user_7018,1626.71,debit_card,False,False,13,2,US,gas,0,3008,1,32.53,1,1,1,0
user_2600,959.74,ach,False,False,10,4,UK,utilities,0,1984,1,12.0,1,1,1,0
user_3832,53.19,ach,False,False,8,5,CA,groceries,0,546,3,0.53,3,3,1,0
user_3250,88.06,credit_card,False,False,13,2,AU,retail,0,2362,3,0.59,1,3,1,0
user_9167,842.16,debit_card,True,False,11,3,CA,gas,0,1123,3,16.84,1,3,1,0
user_2343,315.75,credit_card,False,False,9,1,CA,groceries,0,1108,1,3.16,3,1,1,0
user_9275,445.87,debit_card,False,False,20,2,US,gas,0,2820,3,8.92,2,3,1,0
user_7154,88.5,ach,False,True,19,0,CA,gas,0,2706,2,1.77,2,2,1,0
user_4366,78.8,credit_card,False,True,12,1,AU,groceries,0,2740,1,0.79,1,1,1,0
user_8109,283.09,debit_card,False,False,20,5,US,retail,0,2193,3,1.89,2,3,1,0
user_2527,110.32,ach,False,False,10,6,AU,restaurant,0,511,2,2.76,1,2,1,0
user_6881,1964.87,debit_card,False,False,15,6,UK,gas,0,119,2,39.3,1,2,5,0
user_2274,112.31,debit_card,False,False,12,4,UK,retail,0,717,1,0.75,1,1,1,0
user_1241,31.23,debit_card,True,False,11,4,CA,retail,0,1694,1,0.21,1,1,1,0
user_2381,413.89,debit_card,False,False,14,3,CA,utilities,0,1043,1,5.17,1,1,1,0
user_9962,93.26,debit_card,False,True,17,2,AU,groceries,0,2915,1,0.93,1,1,1,0
user_7550,9938.72,wire_transfer,True,True,0,6,VN,jewelry,8,2993,25,9.94,10,20,1,1
user_3250,150.06,debit_card,False,True,16,6,AU,retail,0,2362,3,1.0,1,3,1,0
user_7164,385.71,credit_card,False,False,6,4,CA,retail,0,2200,2,2.57,3,2,1,0
user_3101,56.0,ach,True,False,19,4,AU,groceries,0,1989,2,0.56,2,2,1,0
user_9167,9044.18,wire_transfer,True,True,3,5,RU,wire_transfer,3,1123,8,18.09,10,8,1,1
user_9270,972.7,debit_card,False,False,19,3,AU,gas,0,681,2,19.45,2,2,1,0
user_6442,385.22,ach,False,True,19,6,CA,utilities,0,1122,1,4.82,2,1,1,0
user_9762,70.66,debit_card,False,False,19,4,US,retail,0,3126,3,0.47,2,3,1,0
user_5334,1370.16,debit_card,False,False,19,0,CA,restaurant,0,1771,1,34.25,2,1,1,0
user_2638,59.65,ach,False,False,22,3,CA,utilities,0,2102,1,0.75,2,1,1,0
user_1173,145.09,ach,True,True,18,4,CA,utilities,0,3131,1,1.81,2,1,1,0
user_5520,97.04,debit_card,False,False,6,3,AU,retail,0,405,3,0.65,3,3,1,0
user_8017,143.79,debit_card,False,True,10,5,UK,groceries,0,1038,2,1.44,1,2,1,0
user_4949,416.54,debit_card,False,False,20,0,US,gas,0,2193,3,8.33,2,3,1,0
user_2612,99.06,debit_card,False,False,16,6,UK,utilities,0,3309,3,1.24,1,3,1,0
user_1891,1808.59,debit_card,False,False,13,2,US,retail,0,1220,1,12.06,1,1,1,0
user_4817,115.35,debit_card,False,False,11,2,US,restaurant,0,1165,2,2.88,1,2,1,0
user_5819,419.05,debit_card,False,False,7,1,US,utilities,0,795,2,5.24,3,2,1,0
user_1305,256.26,ach,False,False,8,6,CA,utilities,0,1869,3,3.2,3,3,1,0
user_3340,69.91,ach,False,True,19,3,US,restaurant,0,2529,3,1.75,2,3,1,0
user_4337,553.52,debit_card,False,True,19,4,AU,restaurant,0,762,1,13.84,2,1,1,0
user_4460,188.31,credit_card,False,False,16,4,UK,groceries,0,1373,1,1.88,1,1,1,0
user_5067,415.53,debit_card,True,False,20,4,UK,groceries,0,1141,2,4.16,2,2,1,0
user_4909,89.04,debit_card,False,False,10,2,US,utilities,0,1809,3,1.11,1,3,1,0
user_2245,1786.24,debit_card,False,True,8,3,AU,groceries,0,1315,3,17.86,3,3,1,0
user_4893,385.53,ach,False,False,8,3,US,retail,0,1006,1,2.57,3,1,1,0
user_4212,126.6,debit_card,False,False,21,6,CA,restaurant,0,1967,1,3.17,2,1,1,0
user_4321,3419.32,wire_transfer,True,True,3,4,NG,wire_transfer,4,666,9,6.84,10,9,1,1
user_6770,194.13,credit_card,False,False,8,6,AU,utilities,0,783,2,2.43,3,2,1,0
user_1788,930.48,debit_card,False,False,12,4,AU,restaurant,0,711,2,23.26,1,2,1,0
user_9504,1079.62,debit_card,False,False,20,5,US,retail,0,1802,2,7.2,2,2,1,0
user_7325,9742.16,cryptocurrency,True,True,10,0,US,wire_transfer,1,547,11,19.48,1,11,1,1
user_9394,36.38,ach,False,False,12,2,AU,groceries,0,484,1,0.36,1,1,1,0
user_9311,1454.52,debit_card,False,False,18,6,AU,retail,0,2932,3,9.7,2,3,1,0
user_9209,771.72,ach,False,False,17,5,AU,utilities,0,367,2,9.65,1,2,1,0
user_1891,764.28,debit_card,True,False,15,1,US,groceries,0,1220,3,7.64,1,3,1,0
user_3173,110.24,debit_card,False,True,19,3,UK,retail,0,2939,2,0.73,2,2,1,0
user_8909,82.89,debit_card,False,False,12,1,AU,retail,0,381,1,0.55,1,1,1,0
user_7484,105.23,debit_card,False,True,21,5,UK,utilities,0,937,3,1.32,2,3,1,0
user_1651,1856.99,debit_card,False,True,6,6,AU,groceries,0,2722,1,18.57,3,1,1,0
user_4971,165.74,credit_card,False,False,16,0,UK,retail,0,3374,2,1.1,1,2,1,0
user_6478,201.38,debit_card,False,False,13,0,AU,utilities,0,3584,1,2.52,1,1,1,0
user_9331,54.81,debit_card,False,False,16,6,AU,utilities,0,3580,3,0.69,1,3,1,0
user_5075,198.97,debit_card,False,False,16,4,US,gas,0,2839,1,3.98,1,1,1,0
user_1149,196.55,debit_card,False,False,22,1,AU,restaurant,0,1558,1,4.91,2,1,1,0
user_1639,1125.28,credit_card,False,False,18,4,US,utilities,0,411,1,14.07,2,1,1,0
user_9574,132.71,debit_card,True,False,14,5,UK,restaurant,0,1951,2,3.32,1,2,1,0
user_2771,364.88,credit_card,True,False,11,6,AU,gas,0,941,2,7.3,1,2,1,0
user_1750,183.12,credit_card,True,False,14,3,CA,utilities,0,3396,1,2.29,1,1,1,0
user_7232,462.12,ach,False,True,8,2,UK,restaurant,0,1253,1,11.55,3,1,1,0
user_6833,146.16,debit_card,True,True,6,0,US,gas,0,351,1,2.92,3,1,1,0
user_7105,78.26,debit_card,False,False,19,4,US,gas,0,2432,1,1.57,2,1,1,0
user_4619,1346.39,debit_card,True,False,8,5,AU,retail,0,606,3,8.98,3,3,1,0
user_5075,157.84,credit_card,False,False,16,3,US,utilities,0,2839,1,1.97,1,1,1,0
user_6615,788.78,ach,True,False,14,4,CA,gas,0,705,1,15.78,1,1,1,0
user_5334,905.48,ach,False,False,19,2,CA,retail,0,1771,3,6.04,2,3,1,0
user_9504,767.17,ach,False,False,20,2,US,retail,0,1802,3,5.11,2,3,1,0
user_1090,44.77,credit_card,False,False,14,4,CA,utilities,0,750,1,0.56,1,1,1,0
user_2765,450.8,credit_card,False,False,7,4,US,utilities,0,3192,2,5.63,3,2,1,0
user_4012,1054.68,debit_card,False,False,7,3,CA,restaurant,0,1733,1,26.37,3,1,1,0
user_5986,440.23,debit_card,False,False,9,3,US,restaurant,0,991,1,11.01,3,1,1,0
user_8988,277.28,ach,False,True,22,4,CA,restaurant,0,1313,3,6.93,2,3,1,0
user_8939,142.76,debit_card,False,False,15,0,AU,gas,0,347,3,2.86,1,3,1,0
user_4648,73.2,debit_card,False,False,9,5,UK,restaurant,0,1926,1,1.83,3,1,1,0
user_9883,27.28,debit_card,False,False,20,5,UK,groceries,0,264,2,0.27,2,2,1,0
user_1017,93.58,ach,False,False,13,6,US,utilities,0,573,2,1.17,1,2,1,0
user_2771,69.24,credit_card,False,False,9,4,US,utilities,0,1737,1,0.87,3,1,1,0
user_5093,77.16,ach,True,False,12,4,US,retail,0,3322,3,0.51,1,3,1,0
user_7866,1151.31,debit_card,False,False,18,6,CA,gas,0,1729,2,23.03,2,2,1,0
user_4705,372.04,credit_card,False,False,22,0,US,gas,0,2524,2,7.44,2,2,1,0
user_5728,950.24,ach,False,False,8,5,AU,retail,0,2850,1,6.33,3,1,1,0
user_9313,95.75,ach,False,False,7,4,AU,utilities,0,948,3,1.2,3,3,1,0
user_1807,771.38,credit_card,False,True,14,2,UK,restaurant,0,112,2,19.28,1,2,5,0
user_1396,263.63,credit_card,False,False,8,0,UK,groceries,0,2554,1,2.64,3,1,1,0
user_4189,289.34,debit_card,False,False,20,3,UK,retail,0,331,2,1.93,2,2,1,0
user_8905,163.22,debit_card,False,False,17,6,US,groceries,0,2468,3,1.63,1,3,1,0
user_2809,44.69,ach,False,False,21,3,US,retail,0,209,1,0.3,2,1,1,0
user_2417,350.11,debit_card,False,False,17,2,AU,retail,0,1648,3,2.33,1,3,1,0
user_1722,59.85,credit_card,False,True,13,0,CA,gas,0,2639,3,1.2,1,3,1,0
user_1128,973.59,debit_card,False,False,12,3,US,restaurant,0,3626,2,24.34,1,2,1,0
user_1313,108.92,debit_card,False,True,8,3,CA,utilities,0,895,3,1.36,3,3,1,0
user_7510,1040.31,ach,False,False,17,5,UK,utilities,0,2158,1,13.0,1,1,1,0
user_4617,170.71,credit_card,False,False,6,3,AU,groceries,0,1855,3,1.71,3,3,1,0
user_9984,9467.76,wire_transfer,True,True,0,0,NG,wire_transfer,2,1888,15,18.94,10,15,1,1
user_5739,94.33,debit_card,False,True,18,0,UK,gas,0,2395,3,1.89,2,3,1,0
user_7437,100.92,debit_card,False,False,17,6,CA,utilities,0,2965,1,1.26,1,1,1,0
user_7363,243.72,credit_card,False,False,8,4,CA,restaurant,0,998,1,6.09,3,1,1,0
user_8598,186.12,credit_card,False,False,11,0,UK,groceries,0,1757,1,1.86,1,1,1,0
user_1519,304.01,credit_card,False,False,10,2,CA,restaurant,0,259,3,7.6,1,3,1,0
user_8141,647.23,ach,False,False,9,5,AU,groceries,0,1455,3,6.47,3,3,1,0
user_8786,857.72,debit_card,False,False,8,0,UK,gas,0,3187,2,17.15,3,2,1,0
user_5498,65.13,credit_card,False,False,7,1,AU,utilities,0,1518,2,0.81,3,2,1,0
user_6500,851.75,ach,False,False,9,4,UK,retail,0,888,1,5.68,3,1,1,0
user_7979,39.54,debit_card,False,False,9,2,US,gas,0,69,3,0.79,3,3,5,0
user_9032,572.63,debit_card,False,False,9,1,US,groceries,0,1349,3,5.73,3,3,1,0
user_1613,69.42,debit_card,False,False,13,2,US,retail,0,1402,3,0.46,1,3,1,0
user_1076,355.26,ach,False,False,11,2,AU,utilities,0,2103,2,4.44,1,2,1,0
user_9762,37.21,credit_card,False,True,22,3,US,utilities,0,3126,3,0.47,2,3,1,0
user_3611,56.0,ach,False,False,15,3,AU,groceries,0,3316,1,0.56,1,1,1,0
user_1133,51.75,debit_card,False,True,15,4,CA,utilities,0,3644,3,0.65,1,3,1,0
user_3223,678.69,credit_card,False,False,6,1,US,groceries,0,1095,3,6.79,3,3,1,0
user_4616,1260.47,debit_card,False,False,20,4,US,restaurant,0,83,3,31.51,2,3,5,0
user_6931,1512.06,credit_card,False,False,20,0,US,restaurant,0,1881,3,37.8,2,3,1,0
user_4460,80.93,debit_card,False,False,12,4,UK,restaurant,0,1373,3,2.02,1,3,1,0
user_5107,88.14,debit_card,False,False,9,3,AU,gas,0,1385,3,1.76,3,3,1,0
user_4580,571.14,debit_card,False,True,12,6,CA,retail,0,3086,3,3.81,1,3,1,0
user_5631,389.99,credit_card,False,True,22,1,US,restaurant,0,2003,3,9.75,2,3,1,0
user_5911,987.65,credit_card,False,False,8,5,UK,restaurant,0,1386,1,24.69,3,1,1,0
user_9899,358.34,ach,False,False,15,0,UK,utilities,0,3196,3,4.48,1,3,1,0
user_1040,70.45,credit_card,False,False,19,2,AU,gas,0,2630,3,1.41,2,3,1,0
user_9031,99.16,ach,False,False,12,5,UK,groceries,0,2633,1,0.99,1,1,1,0
user_8342,83.43,debit_card,False,False,6,4,UK,restaurant,0,937,1,2.09,3,1,1,0
user_6169,37.52,debit_card,False,False,18,3,CA,utilities,0,814,1,0.47,2,1,1,0
user_1660,148.19,ach,False,False,13,1,CA,groceries,0,403,1,1.48,1,1,1,0
user_5573,168.98,ach,False,False,20,6,AU,utilities,0,2813,3,2.11,2,3,1,0
user_8967,155.63,debit_card,False,False,7,6,CA,gas,0,664,3,3.11,3,3,1,0
user_7843,202.64,debit_card,False,False,9,3,AU,retail,0,115,3,1.35,3,3,5,0
user_1975,54.28,ach,False,False,9,1,CA,restaurant,0,3201,1,1.36,3,1,1,0
user_9450,84.25,debit_card,True,False,15,4,US,retail,0,3622,2,0.56,1,2,1,0
user_2417,141.5,debit_card,False,False,13,5,AU,restaurant,0,1648,2,3.54,1,2,1,0
user_6425,98.67,ach,False,False,8,2,UK,gas,0,761,3,1.97,3,3,1,0
user_9751,84.15,ach,False,True,13,2,US,restaurant,0,253,1,2.1,1,1,1,0
user_7746,83.71,ach,False,True,14,1,CA,restaurant,0,2392,3,2.09,1,3,1,0
user_9709,99.07,ach,False,False,8,1,CA,retail,0,2080,1,0.66,3,1,1,0
user_3381,303.64,credit_card,False,False,19,0,AU,retail,0,391,2,2.02,2,2,1,0
user_9534,97.3,ach,False,False,14,3,AU,restaurant,0,2645,1,2.43,1,1,1,0
user_2166,693.28,debit_card,False,False,11,0,US,retail,0,3583,1,4.62,1,1,1,0
user_7325,68.35,debit_card,False,False,15,2,US,utilities,0,547,2,0.85,1,2,1,0
user_9864,73.07,debit_card,True,False,22,1,US,restaurant,0,991,3,1.83,2,3,1,0
user_9849,2279.84,wire_transfer,True,True,2,4,BR,jewelry,3,1248,12,2.28,10,12,1,1
user_7164,379.84,debit_card,False,True,7,3,CA,retail,0,2200,3,2.53,3,3,1,0
user_1417,4296.55,wire_transfer,True,True,1,3,PH,jewelry,3,1744,12,4.3,10,12,1,1
user_1660,120.26,debit_card,False,False,15,1,CA,retail,0,403,2,0.8,1,2,1,0
user_3129,872.44,debit_card,False,True,12,5,CA,retail,0,480,1,5.82,1,1,1,0
user_9727,115.24,ach,False,True,6,1,AU,gas,0,2281,2,2.3,3,2,1,0
user_7150,908.73,debit_card,False,False,10,5,AU,utilities,0,381,2,11.36,1,2,1,0
user_1461,370.67,debit_card,False,False,7,1,UK,retail,0,3271,2,2.47,3,2,1,0
user_3389,649.65,credit_card,False,False,8,6,CA,gas,0,847,2,12.99,3,2,1,0
user_3588,646.72,debit_card,False,False,16,0,US,restaurant,0,1782,3,16.17,1,3,1,0
user_9153,724.79,ach,False,False,7,4,CA,retail,0,1918,1,4.83,3,1,1,0
user_9625,289.21,credit_card,False,False,12,5,UK,gas,0,3286,2,5.78,1,2,1,0
user_5093,30.06,credit_card,True,False,17,6,US,utilities,0,3322,1,0.38,1,1,1,0
user_5498,1539.86,wire_transfer,True,True,4,4,NG,wire_transfer,5,1518,14,3.08,10,14,1,1
user_7325,87.61,ach,False,False,12,3,US,retail,0,547,1,0.58,1,1,1,0
user_3209,25.03,debit_card,False,False,18,1,AU,restaurant,0,181,3,0.63,2,3,1,0
user_1136,855.53,ach,False,False,15,4,UK,retail,0,67,1,5.7,1,1,5,0
user_2647,149.2,ach,False,False,8,0,CA,retail,0,1696,1,0.99,3,1,1,0
user_5799,1665.45,debit_card,False,True,6,5,US,groceries,0,2275,1,16.65,3,1,1,0
user_5831,31.88,credit_card,False,False,15,4,UK,restaurant,0,458,2,0.8,1,2,1,0
user_5097,603.49,ach,False,True,10,1,US,groceries,0,3176,3,6.03,1,3,1,0
user_8430,9646.29,wire_transfer,True,True,6,0,US,cryptocurrency,2,1310,15,9.65,3,15,1,1
user_9381,1755.41,debit_card,False,False,9,5,UK,utilities,0,496,2,21.94,3,2,1,0
user_7230,55.81,credit_card,False,False,20,6,UK,restaurant,0,1973,3,1.4,2,3,1,0
user_1891,1136.63,credit_card,False,False,15,5,US,utilities,0,1220,2,14.21,1,2,1,0
user_2373,279.81,debit_card,False,True,22,5,AU,utilities,0,1085,1,3.5,2,1,1,0
user_6136,194.86,credit_card,True,False,20,6,UK,gas,0,2939,1,3.9,2,1,1,0
user_7251,821.48,debit_card,True,True,15,1,UK,retail,0,2291,2,5.48,1,2,1,0
user_2889,97.1,credit_card,False,False,19,6,US,retail,0,210,1,0.65,2,1,1,0
user_8973,1991.5,ach,False,False,20,5,CA,retail,0,2302,3,13.28,2,3,1,0
user_8286,194.0,debit_card,False,False,16,4,US,gas,0,572,3,3.88,1,3,1,0
user_5090,82.6,debit_card,False,False,22,3,UK,utilities,0,3423,3,1.03,2,3,1,0
user_6269,154.58,ach,True,False,13,2,AU,restaurant,0,2215,3,3.86,1,3,1,0
user_4695,189.95,debit_card,False,True,16,0,US,groceries,0,3303,2,1.9,1,2,1,0
user_1807,792.41,credit_card,False,False,16,5,UK,gas,0,112,1,15.85,1,1,5,0
user_9837,898.47,debit_card,False,True,10,2,UK,groceries,0,2031,2,8.98,1,2,1,0
user_9381,1855.09,debit_card,False,True,8,3,UK,restaurant,0,496,1,46.38,3,1,1,0
user_2166,295.76,credit_card,False,False,10,6,US,restaurant,0,3583,2,7.39,1,2,1,0
user_1567,390.97,debit_card,False,True,21,1,US,groceries,0,2150,2,3.91,2,2,1,0
user_2767,33.68,debit_card,False,True,15,6,AU,utilities,0,976,2,0.42,1,2,1,0
user_6771,694.76,credit_card,False,False,12,5,AU,retail,0,2791,2,4.63,1,2,1,0
user_5221,387.82,ach,False,False,10,4,UK,restaurant,0,953,2,9.7,1,2,1,0
user_3381,958.45,debit_card,False,False,21,2,AU,gas,0,391,2,19.17,2,2,1,0
user_5833,391.06,debit_card,False,False,20,4,CA,retail,0,927,2,2.61,2,2,1,0
user_9123,148.84,debit_card,True,False,9,6,AU,utilities,0,1343,2,1.86,3,2,1,0
user_3684,710.84,ach,False,False,12,0,UK,groceries,0,713,2,7.11,1,2,1,0
user_6478,279.43,debit_card,False,False,15,6,AU,gas,0,3584,1,5.59,1,1,1,0
user_3639,178.8,ach,False,True,19,6,US,restaurant,0,2374,2,4.47,2,2,1,0
user_2388,195.83,debit_card,False,True,20,4,AU,retail,0,2665,2,1.31,2,2,1,0
user_3024,981.29,debit_card,False,False,15,4,UK,groceries,0,2424,3,9.81,1,3,1,0
user_1530,903.87,credit_card,False,False,7,6,AU,utilities,0,1549,3,11.3,3,3,1,0
user_8673,92.05,credit_card,False,False,8,0,CA,retail,0,3553,1,0.61,3,1,1,0
user_7434,593.02,credit_card,False,True,10,0,UK,groceries,0,2601,2,5.93,1,2,1,0
user_5927,161.92,debit_card,False,False,17,4,US,retail,0,2333,1,1.08,1,1,1,0
user_3385,9520.51,cryptocurrency,True,True,20,0,AU,wire_transfer,2,2348,8,19.04,2,8,1,1
user_3395,944.84,ach,False,False,16,1,US,retail,0,926,2,6.3,1,2,1,0
user_1111,111.6,credit_card,False,True,12,5,CA,groceries,0,1859,2,1.12,1,2,1,0
user_9313,96.88,credit_card,False,False,9,0,AU,gas,0,948,3,1.94,3,3,1,0
user_5758,43.06,debit_card,False,True,17,6,US,retail,0,1448,2,0.29,1,2,1,0
user_8598,56.76,ach,False,False,13,6,US,retail,0,3578,3,0.38,1,3,1,0
user_7550,992.71,debit_card,False,False,7,3,US,retail,0,2993,3,6.62,3,3,1,0
user_4700,151.09,debit_card,False,False,21,1,US,restaurant,0,2707,2,3.78,2,2,1,0
user_9787,89.44,credit_card,False,False,11,0,AU,retail,0,983,1,0.6,1,1,1,0
user_6437,187.7,ach,False,True,13,1,UK,gas,0,924,2,3.75,1,2,1,0
user_4814,97.76,debit_card,False,False,9,2,US,utilities,0,2051,1,1.22,3,1,1,0
user_5978,54.8,ach,False,False,7,2,US,gas,0,2315,2,1.1,3,2,1,0
user_9261,335.86,debit_card,False,False,20,6,UK,gas,0,3410,2,6.72,2,2,1,0
user_3815,646.61,debit_card,False,False,14,6,UK,groceries,0,390,1,6.47,1,1,1,0
user_8973,1866.74,debit_card,False,True,18,0,CA,restaurant,0,2302,2,46.67,2,2,1,0
user_5011,982.83,debit_card,False,True,20,5,US,groceries,0,1895,2,9.83,2,2,1,0
user_3712,824.9,ach,False,True,10,6,AU,retail,0,1522,3,5.5,1,3,1,0
user_3932,72.21,credit_card,False,False,20,3,AU,groceries,0,949,3,0.72,2,3,1,0
user_5341,97.87,ach,False,True,6,4,CA,retail,0,3337,2,0.65,3,2,1,0
user_8412,152.83,debit_card,False,True,6,0,UK,utilities,0,213,1,1.91,3,1,1,0
user_5075,101.73,ach,False,True,17,0,US,utilities,0,2839,2,1.27,1,2,1,0
user_4878,197.43,ach,False,False,7,6,AU,retail,0,131,3,1.32,3,3,5,0
user_5498,89.15,debit_card,False,False,9,3,AU,groceries,0,1518,3,0.89,3,3,1,0
user_1975,56.79,debit_card,False,False,11,1,CA,restaurant,0,3201,3,1.42,1,3,1,0
user_4450,150.63,ach,False,False,8,0,UK,restaurant,0,2100,1,3.77,3,1,1,0
user_2956,69.08,debit_card,False,False,22,0,CA,gas,0,2903,3,1.38,2,3,1,0
user_5631,234.1,credit_card,False,False,18,0,US,utilities,0,2003,3,2.93,2,3,1,0
user_6992,841.09,debit_card,False,False,13,4,US,restaurant,0,1670,2,21.03,1,2,1,0
user_2245,325.25,debit_card,False,False,19,5,AU,utilities,0,3198,2,4.07,2,2,1,0
user_5712,880.26,credit_card,False,False,10,6,US,utilities,0,1839,2,11.0,1,2,1,0
user_6822,124.44,debit_card,False,False,10,0,UK,retail,0,3355,2,0.83,1,2,1,0
user_3621,80.46,credit_card,False,False,8,6,AU,retail,0,172,2,0.54,3,2,5,0
user_4580,558.97,ach,False,False,15,2,CA,utilities,0,3086,1,6.99,1,1,1,0
user_9393,281.23,ach,False,True,21,1,UK,groceries,0,2945,2,2.81,2,2,1,0
user_5225,364.43,debit_card,False,False,21,6,US,utilities,0,386,3,4.56,2,3,1,0
user_3734,2988.53,debit_card,True,True,4,3,VN,cash_withdrawal,8,3197,16,14.94,10,16,1,1
user_2419,234.9,debit_card,True,False,14,0,CA,groceries,0,3103,1,2.35,1,1,1,0
user_5609,682.91,debit_card,False,False,19,4,AU,gas,0,1200,3,13.66,2,3,1,0
user_2465,36682.57,wire_transfer,True,True,5,6,CN,wire_transfer,5,747,7,73.37,10,7,1,1
user_2169,654.66,ach,False,True,20,6,CA,retail,0,2217,3,4.36,2,3,1,0
user_7475,1951.81,debit_card,False,False,10,5,US,restaurant,0,867,3,48.8,1,3,1,0
user_1612,600.33,credit_card,False,False,15,0,US,gas,0,3225,2,12.01,1,2,1,0
user_9307,377.49,debit_card,False,False,13,0,US,restaurant,0,1872,2,9.44,1,2,1,0
user_8905,147.61,debit_card,False,False,16,0,US,retail,0,2468,2,0.98,1,2,1,0
user_5819,458.92,ach,False,True,7,5,US,retail,0,795,1,3.06,3,1,1,0
user_4817,292.61,debit_card,False,False,11,3,US,restaurant,0,1165,1,7.32,1,1,1,0
user_8722,860.66,debit_card,False,True,17,6,UK,retail,0,783,3,5.74,1,3,1,0
user_7018,1541.22,credit_card,False,False,13,5,US,gas,0,3008,2,30.82,1,2,1,0
user_5380,745.78,debit_card,False,False,21,4,US,groceries,0,585,3,7.46,2,3,1,0
user_9163,1145.93,debit_card,False,False,13,6,AU,restaurant,0,3630,1,28.65,1,1,1,0
user_7315,66.43,ach,False,False,11,1,US,groceries,0,858,2,0.66,1,2,1,0
user_4616,1909.02,ach,False,True,19,4,US,gas,0,83,3,38.18,2,3,5,0
user_9464,119.22,debit_card,True,False,7,4,CA,groceries,0,2979,3,1.19,3,3,1,0
user_7809,962.05,debit_card,False,False,15,1,CA,restaurant,0,368,2,24.05,1,2,1,0
user_7147,233.15,debit_card,False,False,21,0,US,utilities,0,2462,2,2.91,2,2,1,0
user_4534,31.43,debit_card,False,False,7,0,AU,gas,0,2105,2,0.63,3,2,1,0
user_5480,319.92,ach,False,False,18,1,CA,groceries,0,1572,1,3.2,2,1,1,0
user_6363,177.73,debit_card,False,False,15,2,UK,restaurant,0,1412,1,4.44,1,1,1,0
user_3230,182.24,debit_card,False,False,17,2,CA,groceries,0,1992,1,1.82,1,1,1,0
user_5581,739.76,ach,False,False,7,3,CA,groceries,0,2388,1,7.4,3,1,1,0
user_7563,183.47,ach,False,False,22,4,US,restaurant,0,2415,1,4.59,2,1,1,0
user_5819,586.42,ach,False,False,7,2,US,gas,0,795,3,11.73,3,3,1,0
user_2166,22591.8,wire_transfer,True,True,2,5,RO,wire_transfer,3,3583,12,45.18,10,12,1,1
user_8886,173.0,debit_card,False,False,13,1,US,restaurant,0,704,1,4.33,1,1,1,0
user_8210,395.52,debit_card,False,False,20,1,CA,restaurant,0,2602,3,9.89,2,3,1,0
user_1894,64.1,ach,True,False,19,5,CA,restaurant,0,2100,1,1.6,2,1,1,0
user_9674,177.35,ach,True,False,21,0,CA,retail,0,683,2,1.18,2,2,1,0
user_4006,369.37,ach,False,True,14,5,CA,restaurant,0,3611,3,9.23,1,3,1,0
user_7293,1391.95,credit_card,False,True,17,0,CA,groceries,0,3574,1,13.92,1,1,1,0
user_3473,718.72,debit_card,False,False,9,4,AU,gas,0,1841,3,14.37,3,3,1,0
user_3275,56.64,ach,False,False,14,6,US,gas,0,1508,1,1.13,1,1,1,0
user_8260,86.37,ach,False,False,7,0,CA,gas,0,147,3,1.73,3,3,5,0
user_1111,141.42,debit_card,False,False,17,2,CA,groceries,0,1859,3,1.41,1,3,1,0
user_2531,446.15,ach,False,True,12,1,AU,restaurant,0,2293,1,11.15,1,1,1,0
user_5689,91.91,credit_card,False,False,21,1,UK,restaurant,0,927,3,2.3,2,3,1,0
user_3315,67.34,debit_card,False,False,15,5,US,groceries,0,1076,3,0.67,1,3,1,0
user_1424,2560.64,wire_transfer,True,True,1,4,RU,wire_transfer,5,2330,13,5.12,10,13,1,1
user_1423,25.22,debit_card,False,False,7,0,US,utilities,0,3162,3,0.32,3,3,1,0
user_9275,325.32,ach,False,False,18,4,US,restaurant,0,2820,1,8.13,2,1,1,0
user_5846,52.3,debit_card,False,False,22,5,US,utilities,0,2741,2,0.65,2,2,1,0
user_9565,326.58,debit_card,False,True,16,1,CA,groceries,0,2773,2,3.27,1,2,1,0
user_7565,645.59,credit_card,False,False,7,1,US,utilities,0,651,3,8.07,3,3,1,0
user_7371,176.45,debit_card,False,False,22,1,UK,retail,0,2868,2,1.18,2,2,1,0
user_2983,1369.65,credit_card,False,False,10,0,UK,gas,0,2212,1,27.39,1,1,1,0
user_4986,104.6,credit_card,False,True,22,6,UK,retail,0,1968,2,0.7,2,2,1,0
user_7841,133.75,debit_card,False,False,9,6,CA,utilities,0,1381,3,1.67,3,3,1,0
user_4841,358.34,ach,False,False,14,6,UK,groceries,0,2242,1,3.58,1,1,1,0
user_9167,850.35,debit_card,False,False,8,3,CA,retail,0,1123,1,5.67,3,1,1,0
user_6833,71.09,debit_card,False,False,7,6,US,retail,0,351,2,0.47,3,2,1,0
user_5625,137.58,debit_card,False,False,15,3,US,restaurant,0,2295,2,3.44,1,2,1,0
user_1618,1528.49,debit_card,True,False,11,2,UK,groceries,0,87,1,15.28,1,1,5,0
user_3900,1781.67,debit_card,False,False,18,4,AU,gas,0,2614,2,35.63,2,2,1,0
user_2627,306.45,debit_card,False,False,22,2,UK,gas,0,278,2,6.13,2,2,1,0
user_4629,948.33,debit_card,True,False,9,4,UK,restaurant,0,1906,2,23.71,3,2,1,0
user_8978,1950.58,credit_card,False,True,9,6,CA,utilities,0,2674,2,24.38,3,2,1,0
user_4584,90.0,credit_card,False,False,22,1,AU,gas,0,32,2,1.8,2,2,5,0
user_1472,9657.99,cryptocurrency,True,True,3,0,AU,cryptocurrency,3,492,19,9.66,10,19,1,1
user_5631,333.51,ach,False,False,18,1,US,retail,0,2003,2,2.22,2,2,1,0
user_7248,84.21,ach,False,False,15,3,UK,utilities,0,2242,2,1.05,1,2,1,0
user_5341,97.29,debit_card,False,False,11,4,CA,utilities,0,3337,3,1.22,1,3,1,0
user_5930,9979.5,wire_transfer,True,True,8,0,US,wire_transfer,2,1274,15,19.96,3,15,1,1
user_6736,936.56,debit_card,False,False,13,2,US,groceries,0,3153,2,9.37,1,2,1,0
user_3621,57.61,ach,False,False,10,6,AU,gas,0,172,1,1.15,1,1,5,0
user_7624,187.27,debit_card,False,False,14,5,CA,retail,0,2578,1,1.25,1,1,1,0
user_6890,718.68,debit_card,False,False,18,2,US,restaurant,0,477,2,17.97,2,2,1,0
user_2218,3524.39,wire_transfer,True,True,1,0,VN,electronics,6,764,19,7.05,10,19,1,1
user_4053,885.82,debit_card,False,False,13,0,US,restaurant,0,3050,2,22.15,1,2,1,0
user_6363,136.32,debit_card,False,False,16,3,UK,groceries,0,1412,2,1.36,1,2,1,0
user_7445,120.88,debit_card,False,False,8,6,UK,gas,0,2832,2,2.42,3,2,1,0
user_2636,204.8,ach,False,False,7,6,AU,gas,0,3537,3,4.1,3,3,1,0
user_7607,150.04,ach,False,False,10,1,AU,retail,0,1849,1,1.0,1,1,1,0
user_5911,920.58,ach,False,False,11,5,UK,retail,0,1386,1,6.14,1,1,1,0
user_5106,115.19,debit_card,True,True,21,2,US,utilities,0,2600,2,1.44,2,2,1,0
user_7461,70.75,debit_card,False,False,22,4,US,gas,0,1811,2,1.42,2,2,1,0
user_3584,732.7,debit_card,False,True,21,1,UK,gas,0,2535,2,14.65,2,2,1,0
user_1788,563.68,credit_card,False,False,13,2,AU,retail,0,711,3,3.76,1,3,1,0
user_9837,81.32,debit_card,False,False,15,3,CA,retail,0,2692,2,0.54,1,2,1,0
user_1841,352.91,debit_card,False,False,16,4,US,utilities,0,3397,3,4.41,1,3,1,0
user_4232,407.79,ach,False,False,21,5,AU,utilities,0,1622,3,5.1,2,3,1,0
user_1742,867.92,credit_card,False,False,17,4,US,gas,0,2246,1,17.36,1,1,1,0
user_3024,363.04,debit_card,False,False,17,1,UK,retail,0,2424,3,2.42,1,3,1,0
user_1788,771.18,credit_card,False,False,14,4,AU,groceries,0,711,1,7.71,1,1,1,0
user_8430,252.63,credit_card,True,False,16,6,US,restaurant,0,1310,2,6.32,1,2,1,0
user_9008,64.19,ach,False,False,20,2,AU,gas,0,3342,3,1.28,2,3,1,0
user_5825,180.96,credit_card,False,False,7,6,US,utilities,0,2905,3,2.26,3,3,1,0
user_7865,1565.04,ach,False,False,18,2,CA,utilities,0,2029,1,19.56,2,1,1,0
user_8909,25.12,ach,True,False,12,1,AU,groceries,0,381,1,0.25,1,1,1,0
user_2636,227.37,ach,False,True,10,1,AU,retail,0,3537,3,1.52,1,3,1,0
user_1256,145.74,credit_card,False,False,20,5,CA,retail,0,3111,2,0.97,2,2,1,0
user_1076,212.56,debit_card,False,False,8,2,AU,gas,0,2103,2,4.25,3,2,1,0
user_5739,122.82,debit_card,False,False,21,0,UK,utilities,0,2395,3,1.54,2,3,1,0
user_8048,76.77,ach,False,False,22,1,US,utilities,0,3523,1,0.96,2,1,1,0
user_5670,26.35,debit_card,False,False,17,5,US,utilities,0,697,1,0.33,1,1,1,0
user_8366,55.48,ach,False,False,8,5,US,restaurant,0,237,2,1.39,3,2,1,0
user_1852,146.96,credit_card,False,False,17,6,US,gas,0,3324,1,2.94,1,1,1,0
user_6573,538.93,ach,True,False,8,6,UK,groceries,0,3558,2,5.39,3,2,1,0
user_2169,68.45,debit_card,False,False,6,0,UK,gas,0,2467,3,1.37,3,3,1,0
user_6416,155.64,debit_card,False,False,8,4,US,retail,0,2781,2,1.04,3,2,1,0
user_6439,44.97,ach,False,False,15,3,US,groceries,0,2184,1,0.45,1,1,1,0
user_4920,82.3,debit_card,False,False,7,2,CA,groceries,0,2643,1,0.82,3,1,1,0
user_9508,378.92,debit_card,False,False,10,1,CA,groceries,0,1373,3,3.79,1,3,1,0
user_1891,751.82,ach,True,False,13,6,US,groceries,0,1220,3,7.52,1,3,1,0
user_7521,105.12,credit_card,False,True,22,0,UK,restaurant,0,1052,2,2.63,2,2,1,0
user_2827,376.41,debit_card,False,True,16,0,CA,gas,0,1888,2,7.53,1,2,1,0
user_2166,528.18,debit_card,False,False,10,2,US,retail,0,3583,1,3.52,1,1,1,0
user_5833,380.05,debit_card,False,False,22,4,CA,restaurant,0,927,1,9.5,2,1,1,0
user_7615,25.21,credit_card,False,True,21,5,CA,utilities,0,2401,2,0.32,2,2,1,0
user_5315,1380.76,debit_card,False,True,9,3,US,groceries,0,3595,3,13.81,3,3,1,0
user_5060,58.56,ach,False,False,15,3,US,utilities,0,3159,1,0.73,1,1,1,0
user_7753,229.74,debit_card,False,False,9,2,UK,groceries,0,73,1,2.3,3,1,5,0
user_4300,83.27,credit_card,False,False,15,0,CA,utilities,0,3316,1,1.04,1,1,1,0
user_1173,83.58,ach,False,False,18,3,CA,restaurant,0,3131,2,2.09,2,2,1,0
user_9418,96.12,ach,False,True,13,6,US,retail,0,1785,1,0.64,1,1,1,0
user_8178,163.88,ach,True,False,22,6,AU,restaurant,0,3221,1,4.1,2,1,1,0
user_7945,109.02,ach,False,False,16,5,UK,retail,0,1525,1,0.73,1,1,1,0
user_3793,169.81,ach,False,False,12,3,AU,gas,0,2576,1,3.4,1,1,1,0
user_9837,65.87,debit_card,False,False,15,5,CA,groceries,0,2692,2,0.66,1,2,1,0
user_1742,29.82,debit_card,False,False,8,1,UK,retail,0,3323,1,0.2,3,1,1,0
user_4666,2833.22,debit_card,True,True,5,5,VN,jewelry,5,2949,11,2.83,10,11,1,1
user_4164,964.49,debit_card,False,False,12,5,UK,gas,0,3570,3,19.29,1,3,1,0
user_2343,148.21,ach,False,False,11,4,CA,gas,0,1108,1,2.96,1,1,1,0
user_5193,9593.7,wire_transfer,True,True,12,3,AU,cryptocurrency,1,485,10,9.59,1,10,1,1
user_6169,70.41,credit_card,True,True,19,0,CA,utilities,0,814,2,0.88,2,2,1,0
user_7126,97.59,credit_card,False,True,18,6,CA,utilities,0,298,1,1.22,2,1,1,0
user_2809,55.37,credit_card,False,True,21,5,US,restaurant,0,209,2,1.38,2,2,1,0
user_9565,348.95,credit_card,False,False,16,2,CA,gas,0,2773,3,6.98,1,3,1,0
user_4918,156.87,debit_card,False,False,15,4,CA,gas,0,1536,2,3.14,1,2,1,0
user_2404,126.78,ach,True,False,19,0,AU,utilities,0,3128,2,1.58,2,2,1,0
user_4621,9681.99,wire_transfer,True,True,0,3,UK,wire_transfer,1,279,20,19.36,10,20,1,1
user_4362,2171.55,wire_transfer,True,True,0,4,CN,wire_transfer,4,2431,11,4.34,10,11,1,1
user_8750,38.76,ach,False,True,11,0,UK,restaurant,0,1680,2,0.97,1,2,1,0
user_1182,567.41,credit_card,False,False,20,6,CA,retail,0,534,3,3.78,2,3,1,0
user_3473,387.33,debit_card,False,False,8,4,AU,gas,0,1841,3,7.75,3,3,1,0
user_9962,93.68,debit_card,False,True,13,3,AU,utilities,0,2915,2,1.17,1,2,1,0
user_4621,382.69,debit_card,False,False,15,6,UK,utilities,0,279,1,4.78,1,1,1,0
user_9837,1143.42,debit_card,False,True,8,2,UK,utilities,0,2031,2,14.29,3,2,1,0
user_1807,827.79,credit_card,False,False,14,2,UK,retail,0,112,2,5.52,1,2,5,0
user_4598,392.05,debit_card,False,False,11,2,CA,utilities,0,3396,3,4.9,1,3,1,0
user_6828,828.58,ach,False,False,21,3,US,groceries,0,2803,3,8.29,2,3,1,0
user_4893,304.67,debit_card,False,False,6,2,US,gas,0,1006,3,6.09,3,3,1,0
user_9017,9763.48,cryptocurrency,True,True,22,1,UK,wire_transfer,1,164,18,19.53,2,18,5,1
user_5986,723.26,credit_card,False,False,6,2,US,groceries,0,991,3,7.23,3,3,1,0
user_8976,380.95,debit_card,False,False,20,5,US,groceries,0,2085,2,3.81,2,2,1,0
user_3496,62.78,debit_card,False,False,8,3,AU,retail,0,2772,3,0.42,3,3,1,0
user_8723,5211.29,wire_transfer,True,True,5,6,RU,wire_transfer,3,3431,13,10.42,10,13,1,1
user_3129,545.94,credit_card,False,False,16,5,CA,utilities,0,480,3,6.82,1,3,1,0
user_7408,561.36,ach,False,False,20,1,CA,groceries,0,1442,3,5.61,2,3,1,0
user_4910,181.16,ach,False,False,12,5,CA,groceries,0,2781,1,1.81,1,1,1,0
user_9022,379.25,debit_card,False,False,10,6,CA,utilities,0,1318,2,4.74,1,2,1,0
user_9226,1451.72,ach,True,False,19,1,CA,retail,0,522,1,9.68,2,1,1,0
user_4580,1514.09,debit_card,False,False,14,1,CA,utilities,0,3086,2,18.93,1,2,1,0
user_4727,1983.34,debit_card,False,False,7,0,AU,groceries,0,3382,1,19.83,3,1,1,0
user_4764,147.94,ach,False,False,21,5,AU,retail,0,1140,2,0.99,2,2,1,0
user_3173,9813.03,wire_transfer,True,True,4,4,UK,cryptocurrency,1,2939,19,9.81,10,19,1,1
user_9798,555.43,debit_card,False,False,8,2,UK,restaurant,0,936,3,13.89,3,3,1,0
user_3321,320.8,debit_card,False,False,15,1,UK,groceries,0,1895,3,3.21,1,3,1,0
user_3832,87.87,ach,True,False,7,6,CA,gas,0,546,2,1.76,3,2,1,0
user_4841,389.5,debit_card,False,False,13,6,UK,restaurant,0,2242,1,9.74,1,1,1,0
user_2827,136.77,credit_card,False,False,16,3,CA,retail,0,1888,1,0.91,1,1,1,0
user_1424,154.03,ach,False,True,13,5,AU,restaurant,0,2330,2,3.85,1,2,1,0
user_5498,575.13,wire_transfer,True,True,4,0,VN,cash_withdrawal,6,1518,20,2.88,10,20,1,1
user_7144,180.16,ach,False,False,21,4,UK,retail,0,1704,3,1.2,2,3,1,0
user_9159,857.6,credit_card,False,False,13,1,UK,utilities,0,2008,2,10.72,1,2,1,0
user_7594,352.02,credit_card,False,False,18,6,AU,groceries,0,1823,2,3.52,2,2,1,0
user_3525,1284.07,debit_card,False,False,15,3,UK,gas,0,1708,1,25.68,1,1,1,0
user_4517,178.44,ach,False,False,12,5,UK,restaurant,0,1856,2,4.46,1,2,1,0
user_1040,98.7,debit_card,False,False,22,1,AU,restaurant,0,2630,2,2.47,2,2,1,0
user_1930,1534.25,debit_card,False,False,17,0,UK,gas,0,2818,3,30.68,1,3,1,0
user_6818,277.13,ach,False,False,21,2,UK,utilities,0,2905,3,3.46,2,3,1,0
user_1971,294.5,debit_card,True,False,22,4,CA,utilities,0,2903,2,3.68,2,2,1,0
user_7445,127.68,ach,False,False,8,1,UK,groceries,0,2832,3,1.28,3,3,1,0
user_9535,591.44,debit_card,False,True,14,1,CA,retail,0,783,2,3.94,1,2,1,0
user_1355,221.74,ach,False,False,21,2,CA,restaurant,0,416,3,5.54,2,3,1,0
user_1370,111.0,credit_card,False,False,20,0,US,groceries,0,2803,2,1.11,2,2,1,0
user_4707,1782.29,ach,True,False,10,4,AU,restaurant,0,1684,1,44.56,1,1,1,0
user_3275,1533.94,wire_transfer,True,True,1,1,ID,jewelry,6,1508,18,1.53,10,18,1,1
user_6864,9820.51,cryptocurrency,True,True,4,2,AU,wire_transfer,2,3646,16,19.64,10,16,1,1
user_3254,84.0,ach,False,False,17,1,AU,utilities,0,2881,2,1.05,1,2,1,0
user_9565,153.52,credit_card,False,True,15,2,CA,utilities,0,2773,3,1.92,1,3,1,0
user_7415,1313.32,ach,False,False,8,5,CA,gas,0,2497,2,26.27,3,2,1,0
user_6085,664.05,debit_card,False,False,12,5,US,groceries,0,263,3,6.64,1,3,1,0
user_1613,98.08,debit_card,True,False,16,1,US,restaurant,0,1402,3,2.45,1,3,1,0
user_4871,25.68,credit_card,False,False,22,0,US,utilities,0,1936,3,0.32,2,3,1,0
user_8220,9639.39,wire_transfer,True,True,17,3,UK,cryptocurrency,1,2712,10,9.64,1,10,1,1
user_3777,62.49,debit_card,False,True,17,5,UK,restaurant,0,1129,3,1.56,1,3,1,0
user_1857,161.27,ach,True,False,8,1,UK,retail,0,417,3,1.08,3,3,1,0
user_9798,773.56,credit_card,False,True,11,5,UK,groceries,0,936,2,7.74,1,2,1,0
user_9261,302.89,debit_card,False,False,18,0,UK,utilities,0,3410,3,3.79,2,3,1,0
user_5945,74.53,ach,False,False,17,0,CA,restaurant,0,909,1,1.86,1,1,1,0
user_3733,168.65,credit_card,False,False,20,0,AU,restaurant,0,2097,3,4.22,2,3,1,0
user_5106,106.95,debit_card,False,False,18,4,US,utilities,0,2600,2,1.34,2,2,1,0
user_9123,500.64,debit_card,False,False,20,5,CA,utilities,0,1905,1,6.26,2,1,1,0
user_3159,75.58,debit_card,False,False,16,4,CA,restaurant,0,2441,3,1.89,1,3,1,0
user_4882,156.16,debit_card,False,False,20,0,UK,gas,0,3556,1,3.12,2,1,1,0
user_4996,866.94,credit_card,True,False,8,1,CA,restaurant,0,1385,3,21.67,3,3,1,0
user_9841,65.66,debit_card,True,True,8,4,AU,retail,0,1291,1,0.44,3,1,1,0
user_8141,12075.47,wire_transfer,True,True,0,1,RU,wire_transfer,3,1455,7,24.15,10,7,1,1
user_5999,260.6,credit_card,False,False,13,2,US,restaurant,0,1389,2,6.52,1,2,1,0
user_9808,589.24,debit_card,False,True,7,6,UK,gas,0,372,3,11.78,3,3,1,0
user_7841,303.24,debit_card,False,False,6,0,CA,groceries,0,1381,2,3.03,3,2,1,0
user_8972,1389.99,debit_card,False,False,18,4,UK,retail,0,216,3,9.27,2,3,1,0
user_6727,41.59,ach,False,False,17,5,US,groceries,0,1653,2,0.42,1,2,1,0
user_8225,316.31,credit_card,False,False,13,3,CA,restaurant,0,1721,3,7.91,1,3,1,0
user_4871,36.09,ach,False,False,18,1,US,retail,0,1936,3,0.24,2,3,1,0
user_5901,592.7,ach,False,False,22,3,UK,groceries,0,1901,2,5.93,2,2,1,0
user_2771,49.37,ach,False,False,9,6,US,retail,0,1737,3,0.33,3,3,1,0
user_8094,294.39,ach,False,False,6,6,AU,gas,0,2787,3,5.89,3,3,1,0
user_2938,176.38,debit_card,False,False,17,1,UK,groceries,0,2980,1,1.76,1,1,1,0
user_7146,692.55,ach,False,False,7,0,US,retail,0,1680,2,4.62,3,2,1,0
user_1461,200.29,debit_card,False,True,11,4,UK,restaurant,0,3271,3,5.01,1,3,1,0
user_8277,1355.41,debit_card,False,True,16,2,AU,restaurant,0,988,1,33.89,1,1,1,0
user_9553,924.62,credit_card,False,False,12,3,US,utilities,0,2887,1,11.56,1,1,1,0
user_1133,36.55,ach,False,True,14,4,CA,utilities,0,3644,1,0.46,1,1,1,0
user_2600,756.45,credit_card,False,True,10,3,UK,restaurant,0,1984,1,18.91,1,1,1,0
user_4510,846.38,debit_card,False,False,11,1,AU,retail,0,1025,3,5.64,1,3,1,0
user_5583,959.64,ach,False,False,6,6,AU,utilities,0,846,3,12.0,3,3,1,0
user_7154,34.98,debit_card,False,False,20,6,CA,groceries,0,2706,1,0.35,2,1,1,0
user_5978,27.19,debit_card,False,True,8,5,US,retail,0,2315,1,0.18,3,1,1,0
user_9022,200.63,debit_card,False,False,8,1,CA,restaurant,0,1318,2,5.02,3,2,1,0
user_7843,390.07,ach,False,False,7,2,AU,utilities,0,115,1,4.88,3,1,5,0
user_3473,766.55,debit_card,False,False,6,4,AU,restaurant,0,1841,2,19.16,3,2,1,0
user_4727,70.76,ach,False,False,16,3,US,retail,0,3144,3,0.47,1,3,1,0
user_2734,120.59,credit_card,True,False,17,3,AU,restaurant,0,2176,2,3.01,1,2,1,0
user_4841,270.05,debit_card,False,False,12,1,UK,gas,0,2242,2,5.4,1,2,1,0
user_4996,943.13,ach,False,False,7,5,CA,retail,0,1385,1,6.29,3,1,1,0
user_7304,799.69,ach,True,False,10,0,US,restaurant,0,845,3,19.99,1,3,1,0
user_4695,136.91,debit_card,False,False,12,5,US,groceries,0,3303,2,1.37,1,2,1,0
user_1653,542.95,debit_card,False,False,18,2,UK,gas,0,2502,1,10.86,2,1,1,0
user_2771,98.26,debit_card,True,False,8,0,US,retail,0,1737,2,0.66,3,2,1,0
user_3425,172.76,debit_card,False,False,14,4,US,utilities,0,1979,2,2.16,1,2,1,0
user_7461,46.68,debit_card,False,False,21,4,US,gas,0,1811,2,0.93,2,2,1,0
user_7445,51.61,credit_card,False,False,11,2,UK,restaurant,0,2832,2,1.29,1,2,1,0
user_5583,576.58,debit_card,False,True,6,6,AU,utilities,0,846,2,7.21,3,2,1,0
user_3275,72.17,debit_card,False,False,15,0,US,restaurant,0,1508,3,1.8,1,3,1,0
user_3419,341.88,ach,False,False,8,0,UK,retail,0,2871,3,2.28,3,3,1,0
user_4084,193.42,credit_card,False,False,22,0,AU,groceries,0,2083,3,1.93,2,3,1,0
user_9691,490.21,credit_card,False,False,18,5,US,gas,0,499,2,9.8,2,2,1,0
user_4920,184.32,credit_card,False,False,15,5,US,restaurant,0,2292,3,4.61,1,3,1,0
user_9954,179.79,debit_card,False,False,8,5,US,utilities,0,1709,3,2.25,3,3,1,0
user_2636,200.18,credit_card,False,False,9,6,AU,gas,0,3537,2,4.0,3,2,1,0
user_8428,925.15,credit_card,False,False,21,4,US,groceries,0,1296,2,9.25,2,2,1,0
user_8517,733.27,debit_card,False,False,22,4,US,restaurant,0,2004,1,18.33,2,1,1,0
user_1173,71.72,credit_card,False,False,19,0,CA,restaurant,0,3131,1,1.79,2,1,1,0
user_7304,298.03,ach,False,False,11,4,US,groceries,0,845,2,2.98,1,2,1,0
user_5011,527.39,debit_card,False,False,20,4,US,groceries,0,1895,2,5.27,2,2,1,0
user_1788,14130.16,wire_transfer,True,True,1,0,CN,wire_transfer,5,711,8,28.26,10,8,1,1
user_6992,33.58,debit_card,False,True,14,5,US,groceries,0,1113,3,0.34,1,3,1,0
user_6374,660.17,ach,False,False,8,4,US,retail,0,2632,1,4.4,3,1,1,0
user_1971,242.93,debit_card,False,False,19,6,CA,restaurant,0,2903,2,6.07,2,2,1,0
user_7563,267.11,debit_card,True,True,19,1,US,gas,0,2415,1,5.34,2,1,1,0
user_4443,755.7,ach,False,False,18,3,UK,retail,0,1934,1,5.04,2,1,1,0
user_9267,165.88,debit_card,False,False,6,2,UK,gas,0,2942,1,3.32,3,1,1,0
user_9553,792.75,credit_card,False,False,13,5,US,utilities,0,2887,3,9.91,1,3,1,0
user_4185,598.19,credit_card,False,False,17,4,AU,utilities,0,1029,2,7.48,1,2,1,0
user_3390,61.97,credit_card,True,False,11,1,AU,gas,0,1160,3,1.24,1,3,1,0
user_3209,98.16,debit_card,False,False,18,3,AU,retail,0,181,2,0.65,2,2,1,0
user_8692,374.52,credit_card,False,False,9,4,UK,restaurant,0,1311,3,9.36,3,3,1,0
user_5913,875.69,ach,False,False,9,1,AU,gas,0,1017,2,17.51,3,2,1,0
user_4616,915.05,ach,False,False,20,2,US,retail,0,83,1,6.1,2,1,5,0
user_3147,603.64,debit_card,False,False,12,5,CA,gas,0,694,2,12.07,1,2,1,0
user_5583,973.38,debit_card,False,False,10,6,AU,utilities,0,846,3,12.17,1,3,1,0
user_3893,716.09,credit_card,False,False,15,3,CA,groceries,0,3509,2,7.16,1,2,1,0
user_3754,97.62,credit_card,False,False,19,1,US,groceries,0,2203,3,0.98,2,3,1,0
user_6439,9957.89,wire_transfer,True,True,6,2,US,cryptocurrency,2,2184,10,9.96,3,10,1,1
user_4652,535.32,credit_card,False,False,13,2,AU,restaurant,0,2965,3,13.38,1,3,1,0
user_7739,54.9,debit_card,False,False,7,3,UK,groceries,0,2224,2,0.55,3,2,1,0
user_7232,449.63,debit_card,False,False,10,2,UK,restaurant,0,1253,1,11.24,1,1,1,0
user_2169,1412.14,debit_card,False,False,22,5,CA,gas,0,2217,2,28.24,2,2,1,0
user_1618,1168.13,debit_card,False,False,7,6,UK,restaurant,0,87,1,29.2,3,1,5,0
user_3096,131.27,credit_card,False,False,22,3,CA,retail,0,2814,1,0.88,2,1,1,0
user_3042,340.76,ach,False,False,11,2,CA,restaurant,0,1147,3,8.52,1,3,1,0
user_3793,313.1,debit_card,False,False,12,3,AU,retail,0,2576,3,2.09,1,3,1,0
user_1188,56.39,credit_card,False,True,21,3,UK,gas,0,3178,1,1.13,2,1,1,0
user_7669,101.32,credit_card,False,False,9,1,US,restaurant,0,2729,3,2.53,3,3,1,0
user_3286,29.05,credit_card,False,False,22,6,US,gas,0,2448,1,0.58,2,1,1,0
user_8723,925.85,debit_card,False,True,6,4,CA,restaurant,0,3431,1,23.15,3,1,1,0
user_4185,793.61,credit_card,False,False,16,3,AU,groceries,0,1029,3,7.94,1,3,1,0
user_2617,27.46,credit_card,False,False,22,1,AU,restaurant,0,2724,1,0.69,2,1,1,0
user_9698,135.17,ach,False,True,16,5,UK,groceries,0,1471,3,1.35,1,3,1,0
user_9524,9854.07,cryptocurrency,True,True,13,5,CA,wire_transfer,2,1745,19,19.71,1,19,1,1
user_7108,28.2,debit_card,False,False,22,5,US,utilities,0,764,2,0.35,2,2,1,0
user_4694,398.43,credit_card,False,False,20,3,UK,utilities,0,3494,3,4.98,2,3,1,0
user_9173,756.69,debit_card,False,False,19,1,AU,gas,0,279,1,15.13,2,1,1,0
user_9209,357.13,ach,False,False,17,1,AU,gas,0,367,2,7.14,1,2,1,0
user_3165,1812.4,credit_card,False,False,14,1,UK,utilities,0,3431,3,22.66,1,3,1,0
user_4170,124.4,credit_card,False,True,14,6,AU,retail,0,1374,1,0.83,1,1,1,0
user_4764,66.72,credit_card,False,False,18,3,AU,gas,0,1140,1,1.33,2,1,1,0
user_9808,195.93,credit_card,False,False,7,2,AU,groceries,0,2346,2,1.96,3,2,1,0
user_2037,858.28,credit_card,False,False,15,1,CA,restaurant,0,1789,2,21.46,1,2,1,0
user_2655,382.71,debit_card,False,False,14,4,UK,restaurant,0,588,1,9.57,1,1,1,0
user_6416,149.32,debit_card,False,True,6,6,US,restaurant,0,2781,3,3.73,3,3,1,0
user_7304,755.83,debit_card,False,False,9,2,US,gas,0,845,1,15.12,3,1,1,0
user_1117,31.36,debit_card,False,False,18,5,US,restaurant,0,967,3,0.78,2,3,1,0
user_5102,99.02,credit_card,False,False,15,5,CA,restaurant,0,242,2,2.48,1,2,1,0
user_6500,992.8,ach,False,True,11,1,UK,retail,0,888,3,6.62,1,3,1,0
user_3847,761.35,ach,False,False,9,0,CA,gas,0,40,3,15.23,3,3,5,0
user_5911,664.75,debit_card,False,False,7,6,UK,retail,0,1386,3,4.43,3,3,1,0
user_5107,86.85,ach,True,True,11,6,AU,restaurant,0,1385,2,2.17,1,2,1,0
user_6931,1568.05,ach,False,False,20,5,US,gas,0,1881,2,31.36,2,2,1,0
user_1305,288.65,ach,False,False,8,5,CA,restaurant,0,1869,3,7.22,3,3,1,0
user_5193,56.57,debit_card,False,False,9,4,AU,groceries,0,485,2,0.57,3,2,1,0
user_4727,74.19,credit_card,False,False,17,1,US,restaurant,0,3144,3,1.85,1,3,1,0
user_3947,1745.89,debit_card,False,False,9,6,AU,gas,0,2931,3,34.92,3,3,1,0
user_8811,1297.47,ach,False,True,22,5,CA,restaurant,0,262,2,32.44,2,2,1,0
user_8277,1411.2,ach,False,False,13,5,AU,utilities,0,988,3,17.64,1,3,1,0
user_7415,1022.46,credit_card,False,False,7,5,CA,retail,0,2497,1,6.82,3,1,1,0
user_4705,745.31,debit_card,False,False,18,0,AU,utilities,0,68,1,9.32,2,1,5,0
user_3981,3476.4,wire_transfer,True,True,4,5,CN,wire_transfer,5,3435,10,6.95,10,10,1,1
user_6759,535.77,credit_card,False,True,14,1,CA,gas,0,1044,1,10.72,1,1,1,0
user_4559,253.4,credit_card,False,False,16,3,CA,gas,0,3533,2,5.07,1,2,1,0
user_5102,43.78,debit_card,False,False,17,1,CA,retail,0,242,2,0.29,1,2,1,0
user_4580,1701.96,ach,False,False,14,6,CA,retail,0,3086,1,11.35,1,1,1,0
user_8811,1487.24,debit_card,True,True,19,6,CA,retail,0,262,1,9.91,2,1,1,0
user_2274,78.72,debit_card,False,True,13,5,UK,restaurant,0,717,2,1.97,1,2,1,0
user_5097,471.71,ach,False,True,11,3,US,restaurant,0,3176,2,11.79,1,2,1,0
user_3430,32.01,credit_card,False,True,8,4,UK,gas,0,2587,3,0.64,3,3,1,0
user_7557,518.43,debit_card,False,False,14,4,AU,restaurant,0,2855,2,12.96,1,2,1,0
user_8414,81.01,debit_card,False,False,7,3,CA,retail,0,38,3,0.54,3,3,5,0
user_2983,717.63,ach,False,False,9,3,UK,restaurant,0,2212,2,17.94,3,2,1,0
user_5278,210.73,debit_card,False,False,8,6,CA,gas,0,2148,2,4.21,3,2,1,0
user_8822,74.14,debit_card,False,False,17,1,UK,utilities,0,1199,2,0.93,1,2,1,0
user_8527,945.05,debit_card,False,False,9,3,AU,restaurant,0,352,2,23.63,3,2,1,0
user_6818,364.42,credit_card,False,True,21,5,UK,groceries,0,2905,3,3.64,2,3,1,0
user_8714,1632.41,debit_card,False,False,21,2,CA,utilities,0,3150,1,20.41,2,1,1,0
user_1517,10775.35,wire_transfer,True,True,5,3,VN,electronics,4,811,22,21.55,10,20,1,1
user_2391,39.92,credit_card,False,False,8,5,CA,groceries,0,3120,1,0.4,3,1,1,0
user_2647,178.03,debit_card,False,False,10,3,CA,utilities,0,1696,3,2.23,1,3,1,0
user_5404,278.09,credit_card,True,False,10,1,US,utilities,0,777,2,3.48,1,2,1,0
user_5438,173.41,debit_card,False,False,17,5,CA,gas,0,524,3,3.47,1,3,1,0
user_7852,574.27,debit_card,False,False,6,5,AU,restaurant,0,1762,1,14.36,3,1,1,0
user_8722,1881.25,debit_card,False,False,17,3,UK,utilities,0,783,2,23.52,1,2,1,0
user_8025,257.97,credit_card,False,False,22,3,US,retail,0,2527,2,1.72,2,2,1,0
user_6692,49.63,debit_card,True,False,18,2,UK,restaurant,0,1258,3,1.24,2,3,1,0
user_6218,80.93,debit_card,False,False,13,1,UK,groceries,0,2461,1,0.81,1,1,1,0
user_7049,32026.09,wire_transfer,True,True,1,3,CN,wire_transfer,5,1790,14,64.05,10,14,1,1
user_4337,339.16,debit_card,False,False,18,5,AU,restaurant,0,762,3,8.48,2,3,1,0
user_1659,186.63,debit_card,False,False,12,5,AU,groceries,0,1169,2,1.87,1,2,1,0
user_5404,972.06,debit_card,False,False,11,6,US,retail,0,777,3,6.48,1,3,1,0
user_1424,52.05,credit_card,False,False,13,3,AU,groceries,0,2330,1,0.52,1,1,1,0
user_4560,186.76,debit_card,False,False,8,4,UK,gas,0,2842,2,3.74,3,2,1,0
user_2571,88.15,debit_card,False,False,15,4,AU,utilities,0,659,2,1.1,1,2,1,0
user_4304,530.51,ach,False,False,13,5,CA,retail,0,167,2,3.54,1,2,5,0
user_3135,1204.86,ach,False,False,20,3,US,retail,0,3203,1,8.03,2,1,1,0
user_3588,446.78,ach,False,True,15,1,US,groceries,0,1782,2,4.47,1,2,1,0
user_5336,196.46,ach,False,False,20,0,AU,retail,0,2561,3,1.31,2,3,1,0
user_8967,165.72,debit_card,False,False,6,2,CA,gas,0,664,3,3.31,3,3,1,0
user_6600,63.54,debit_card,False,False,14,3,CA,gas,0,3028,1,1.27,1,1,1,0
user_1660,65.83,debit_card,False,False,12,6,CA,retail,0,403,3,0.44,1,3,1,0
user_2102,60.4,debit_card,False,False,21,3,US,retail,0,1858,2,0.4,2,2,1,0
user_8277,10450.06,debit_card,True,True,5,3,BR,cash_withdrawal,5,988,25,52.25,10,20,1,1
user_8368,377.5,ach,False,False,12,1,US,retail,0,1828,1,2.52,1,1,1,0
user_6822,103.98,credit_card,False,False,6,1,UK,restaurant,0,3355,1,2.6,3,1,1,0
user_9394,96.57,ach,False,True,17,3,AU,groceries,0,484,1,0.97,1,1,1,0
user_3525,771.2,credit_card,False,True,15,6,US,gas,0,1869,3,15.42,1,3,1,0
user_4817,1047.78,credit_card,False,False,17,0,US,utilities,0,1402,2,13.1,1,2,1,0
user_2276,95.88,credit_card,False,False,20,4,US,utilities,0,444,2,1.2,2,2,1,0
user_3947,1271.66,debit_card,False,False,11,6,AU,utilities,0,2931,3,15.9,1,3,1,0
user_8397,88.08,ach,False,False,8,6,CA,restaurant,0,292,2,2.2,3,2,1,0
user_3749,807.0,debit_card,False,False,18,2,US,gas,0,3215,3,16.14,2,3,1,0
user_9488,153.35,credit_card,False,False,15,6,CA,retail,0,693,3,1.02,1,3,1,0
user_2867,284.88,ach,False,True,20,3,AU,groceries,0,2191,3,2.85,2,3,1,0
user_4522,827.15,credit_card,False,False,12,0,CA,utilities,0,1724,3,10.34,1,3,1,0
user_3525,648.31,ach,False,False,12,4,US,utilities,0,1869,2,8.1,1,2,1,0
user_5772,19439.22,wire_transfer,True,True,5,3,NG,wire_transfer,2,1015,11,38.88,10,11,1,1
user_8489,80.47,ach,False,False,10,3,AU,utilities,0,2474,3,1.01,1,3,1,0
user_6985,1173.62,credit_card,True,False,18,3,US,restaurant,0,2146,2,29.34,2,2,1,0
user_9313,77.5,debit_card,False,False,10,0,AU,retail,0,948,1,0.52,1,1,1,0
user_5728,363.64,ach,False,False,10,6,AU,utilities,0,2850,3,4.55,1,3,1,0
user_2527,171.83,ach,False,False,8,2,AU,groceries,0,511,1,1.72,3,1,1,0
user_3492,97.67,credit_card,False,False,19,1,US,groceries,0,791,2,0.98,2,2,1,0
user_6904,148.41,credit_card,False,False,16,3,UK,gas,0,3403,3,2.97,1,3,1,0
user_3048,105.19,debit_card,False,False,19,3,UK,retail,0,3076,1,0.7,2,1,1,0
user_2037,1147.89,credit_card,False,False,13,0,CA,restaurant,0,1789,1,28.7,1,1,1,0
user_1857,230.74,debit_card,False,False,10,6,UK,utilities,0,417,2,2.88,1,2,1,0
user_8598,103.66,credit_card,False,True,8,5,UK,restaurant,0,1757,1,2.59,3,1,1,0
user_4390,33.73,ach,False,True,21,5,UK,groceries,0,2210,1,0.34,2,1,1,0
user_2245,301.19,debit_card,False,False,20,2,AU,gas,0,3198,3,6.02,2,3,1,0
user_5380,694.97,debit_card,False,True,18,5,US,gas,0,585,2,13.9,2,2,1,0
user_1251,175.77,credit_card,False,False,12,1,CA,groceries,0,336,3,1.76,1,3,1,0
user_8511,58.23,debit_card,False,False,22,0,US,retail,0,2100,1,0.39,2,1,1,0
user_9814,1467.74,credit_card,False,False,9,3,US,gas,0,893,1,29.35,3,1,1,0
user_4666,215.85,debit_card,False,True,18,0,UK,groceries,0,2949,3,2.16,2,3,1,0
user_3079,290.27,debit_card,False,False,19,0,US,gas,0,3189,1,5.81,2,1,1,0
user_2647,104.85,debit_card,False,False,10,2,CA,utilities,0,1696,3,1.31,1,3,1,0
user_7146,871.98,debit_card,False,False,10,0,US,retail,0,1680,2,5.81,1,2,1,0
user_5140,55.08,debit_card,False,False,6,1,CA,retail,0,2778,1,0.37,3,1,1,0
user_7144,68.27,credit_card,False,False,20,6,UK,utilities,0,1704,2,0.85,2,2,1,0
user_8541,376.89,ach,False,False,12,4,CA,restaurant,0,943,1,9.42,1,1,1,0
user_4302,312.08,debit_card,True,True,0,4,VN,jewelry,3,1322,17,0.31,10,17,1,1
user_5825,158.52,credit_card,False,False,8,6,US,retail,0,2905,1,1.06,3,1,1,0
user_1149,177.17,debit_card,True,True,21,1,AU,utilities,0,1558,1,2.21,2,1,1,0
user_8381,1900.0,ach,False,True,17,5,UK,retail,0,163,2,12.67,1,2,5,0
user_8015,184.23,debit_card,False,False,19,1,CA,utilities,0,3244,2,2.3,2,2,1,0
user_7581,9734.06,cryptocurrency,True,True,17,0,UK,wire_transfer,1,2858,12,19.47,1,12,1,1
user_9317,1232.98,debit_card,False,False,7,0,CA,utilities,0,1561,3,15.41,3,3,1,0
user_9759,387.98,debit_card,False,False,19,5,UK,gas,0,2107,3,7.76,2,3,1,0
user_8439,64.57,debit_card,False,False,21,4,AU,retail,0,3035,1,0.43,2,1,1,0
user_4658,1106.01,ach,False,False,20,1,UK,retail,0,578,3,7.37,2,3,1,0
user_1136,402.8,ach,False,False,15,4,UK,gas,0,67,2,8.06,1,2,5,0
user_8722,1510.08,ach,False,False,14,1,UK,utilities,0,783,2,18.88,1,2,1,0
user_2746,151.21,debit_card,False,False,16,4,UK,groceries,0,1100,1,1.51,1,1,1,0
user_9922,152.79,credit_card,False,False,22,1,CA,retail,0,1118,2,1.02,2,2,1,0
user_4878,156.72,debit_card,True,False,8,4,AU,retail,0,131,3,1.04,3,3,5,0
user_1815,39.69,debit_card,False,False,12,5,AU,restaurant,0,2741,3,0.99,1,3,1,0
user_1280,1992.92,debit_card,False,False,21,3,AU,utilities,0,3332,2,24.91,2,2,1,0
user_7843,102.6,credit_card,False,False,9,5,AU,utilities,0,115,2,1.28,3,2,5,0
user_2166,893.89,credit_card,False,False,7,6,US,restaurant,0,3583,3,22.35,3,3,1,0
user_6167,537.21,debit_card,False,False,18,1,UK,restaurant,0,2040,1,13.43,2,1,1,0
user_3664,277.19,debit_card,False,True,14,3,CA,restaurant,0,2775,2,6.93,1,2,1,0
user_2696,900.76,debit_card,False,False,20,5,UK,retail,0,2094,1,6.01,2,1,1,0
user_5500,658.87,credit_card,False,True,7,5,UK,restaurant,0,2108,1,16.47,3,1,1,0
user_6990,59.44,ach,False,False,6,6,AU,utilities,0,2078,1,0.74,3,1,1,0
user_3340,352.0,credit_card,False,False,10,0,CA,groceries,0,3081,1,3.52,1,1,1,0
user_6269,986.37,ach,False,False,14,6,CA,utilities,0,136,2,12.33,1,2,5,0
user_1040,56.89,ach,False,False,20,2,AU,retail,0,2630,3,0.38,2,3,1,0
user_4404,91.73,debit_card,False,False,15,5,US,retail,0,673,3,0.61,1,3,1,0
user_2388,287.99,ach,True,True,19,3,AU,utilities,0,2665,3,3.6,2,3,1,0
user_7607,126.77,ach,False,False,6,4,AU,restaurant,0,1849,3,3.17,3,3,1,0
user_8113,305.78,ach,False,True,7,6,CA,retail,0,3283,1,2.04,3,1,1,0
user_3254,58.9,debit_card,False,False,16,4,AU,utilities,0,2881,3,0.74,1,3,1,0
user_5329,93.94,credit_card,False,False,6,3,UK,retail,0,53,2,0.63,3,2,5,0
user_5581,344.03,debit_card,False,True,9,1,CA,retail,0,2388,3,2.29,3,3,1,0
user_4143,483.63,debit_card,False,True,20,1,AU,gas,0,2804,3,9.67,2,3,1,0
user_2245,854.55,ach,True,False,9,6,AU,gas,0,1315,1,17.09,3,1,1,0
user_9105,245.9,debit_card,False,False,13,2,UK,groceries,0,1413,2,2.46,1,2,1,0
user_8869,199.27,debit_card,False,False,9,6,US,retail,0,877,3,1.33,3,3,1,0
user_5224,64.49,ach,False,False,17,4,CA,restaurant,0,2802,3,1.61,1,3,1,0
user_9317,1892.71,credit_card,False,False,9,3,CA,groceries,0,1561,3,18.93,3,3,1,0
user_3315,77.53,credit_card,False,False,14,3,US,utilities,0,1076,1,0.97,1,1,1,0
user_3024,932.19,ach,False,False,14,3,UK,utilities,0,2424,2,11.65,1,2,1,0
user_2867,362.1,ach,False,False,21,2,AU,gas,0,2191,1,7.24,2,1,1,0
user_2838,64.16,debit_card,False,False,18,5,CA,restaurant,0,2375,2,1.6,2,2,1,0
user_1349,92.05,credit_card,False,False,17,5,CA,gas,0,545,2,1.84,1,2,1,0
user_1860,40.21,ach,True,False,16,6,UK,retail,0,2968,3,0.27,1,3,1,0
user_9814,59.61,credit_card,False,False,6,6,UK,groceries,0,2277,2,0.6,3,2,1,0
user_1017,158.11,credit_card,False,True,13,2,US,utilities,0,573,1,1.98,1,1,1,0
user_8692,369.58,ach,False,False,8,3,UK,gas,0,1311,2,7.39,3,2,1,0
user_8987,733.69,credit_card,False,True,7,2,AU,utilities,0,2543,3,9.17,3,3,1,0
user_4727,1106.33,debit_card,False,False,8,5,AU,retail,0,3382,1,7.38,3,1,1,0
user_5342,352.58,debit_card,False,False,18,3,AU,gas,0,2691,3,7.05,2,3,1,0
user_9180,95.0,debit_card,False,False,22,3,UK,groceries,0,1021,3,0.95,2,3,1,0
user_5520,475.19,ach,False,True,15,5,AU,retail,0,1690,3,3.17,1,3,1,0
user_2343,162.91,debit_card,False,False,6,0,CA,utilities,0,1108,1,2.04,3,1,1,0
user_3847,957.93,debit_card,False,False,9,0,CA,restaurant,0,40,1,23.95,3,1,5,0
user_1750,72.84,credit_card,False,False,17,2,CA,gas,0,3396,3,1.46,1,3,1,0
user_6172,8355.76,wire_transfer,True,True,4,5,CN,wire_transfer,5,2900,6,16.71,10,6,1,1
user_9787,29.23,debit_card,False,True,8,3,AU,gas,0,983,3,0.58,3,3,1,0
user_3981,133.44,debit_card,False,False,15,2,US,restaurant,0,3435,2,3.34,1,2,1,0
user_1742,656.83,ach,False,False,17,4,US,utilities,0,2246,3,8.21,1,3,1,0
user_8933,169.94,credit_card,True,False,18,1,UK,gas,0,441,1,3.4,2,1,1,0
user_6850,49.76,debit_card,False,False,14,1,CA,groceries,0,3032,3,0.5,1,3,1,0
user_9534,84.4,credit_card,False,False,12,6,AU,groceries,0,2645,1,0.84,1,1,1,0
user_8889,336.87,debit_card,False,True,12,6,CA,restaurant,0,2449,1,8.42,1,1,1,0
user_4814,53.42,debit_card,False,True,6,5,US,restaurant,0,2051,2,1.34,3,2,1,0
user_3451,90.08,debit_card,False,True,20,0,US,groceries,0,462,2,0.9,2,2,1,0
user_4465,149.54,debit_card,False,False,10,4,CA,gas,0,1513,1,2.99,1,1,1,0
user_5414,285.67,credit_card,False,False,22,2,US,utilities,0,799,2,3.57,2,2,1,0
user_5105,92.35,debit_card,False,False,22,0,UK,utilities,0,542,1,1.15,2,1,1,0
user_5414,262.23,ach,False,True,19,3,US,utilities,0,799,2,3.28,2,2,1,0
user_2655,341.74,debit_card,True,False,13,6,UK,utilities,0,588,2,4.27,1,2,1,0
user_9591,54.64,debit_card,False,False,13,1,CA,restaurant,0,1368,3,1.37,1,3,1,0
user_6846,180.52,debit_card,False,True,22,0,CA,gas,0,1579,1,3.61,2,1,1,0
user_2294,973.05,ach,False,True,7,0,CA,groceries,0,2227,2,9.73,3,2,1,0
user_1745,65.47,debit_card,False,True,16,6,US,restaurant,0,1217,3,1.64,1,3,1,0
user_6990,196.3,credit_card,False,True,6,6,AU,utilities,0,2078,3,2.45,3,3,1,0
user_9364,9716.07,wire_transfer,True,True,9,0,CA,cryptocurrency,1,2549,20,9.72,3,20,1,1
user_7950,42.37,debit_card,False,False,11,3,AU,groceries,0,2678,1,0.42,1,1,1,0
user_7179,1829.8,debit_card,False,False,20,5,US,utilities,0,3608,3,22.87,2,3,1,0
user_6400,40.39,credit_card,False,False,12,2,UK,restaurant,0,3608,1,1.01,1,1,1,0
user_9180,91.25,debit_card,False,True,19,5,UK,retail,0,1021,1,0.61,2,1,1,0
user_1742,989.01,wire_transfer,True,True,5,5,RU,wire_transfer,3,3323,9,1.98,10,9,1,1
user_5107,88.75,debit_card,False,False,7,2,AU,utilities,0,1385,2,1.11,3,2,1,0
user_5856,101.87,credit_card,True,True,14,4,US,groceries,0,423,3,1.02,1,3,1,0
user_6890,529.44,debit_card,False,False,19,3,US,groceries,0,477,2,5.29,2,2,1,0
user_7814,194.45,ach,False,False,18,2,US,restaurant,0,3403,2,4.86,2,2,1,0
user_9163,520.26,debit_card,False,False,12,5,AU,retail,0,3630,2,3.47,1,2,1,0
user_9261,596.42,credit_card,False,True,22,3,UK,utilities,0,3410,2,7.46,2,2,1,0
user_4727,39.06,debit_card,False,False,13,2,US,retail,0,3144,2,0.26,1,2,1,0
user_8225,385.79,debit_card,False,True,16,1,CA,groceries,0,1721,2,3.86,1,2,1,0
user_3139,1365.21,credit_card,False,True,17,5,UK,gas,0,2825,3,27.3,1,3,1,0
user_9674,145.92,ach,False,True,20,5,CA,restaurant,0,683,1,3.65,2,1,1,0
user_8863,354.52,debit_card,False,False,13,6,UK,retail,0,3203,2,2.36,1,2,1,0
user_8429,1705.16,ach,False,False,21,1,US,gas,0,971,1,34.1,2,1,1,0
user_8529,315.16,credit_card,False,False,20,1,US,groceries,0,3325,3,3.15,2,3,1,0
user_6930,155.49,ach,True,True,8,2,AU,gas,0,402,2,3.11,3,2,1,0
user_8668,199.09,ach,False,False,10,1,US,utilities,0,1384,1,2.49,1,1,1,0
user_3862,71.2,debit_card,True,False,16,3,UK,gas,0,3313,2,1.42,1,2,1,0
user_6833,135.27,ach,False,False,9,0,US,gas,0,351,1,2.71,3,1,1,0
user_1306,1388.46,ach,False,True,13,3,CA,utilities,0,1343,1,17.36,1,1,1,0
user_5634,295.65,credit_card,False,False,16,5,UK,utilities,0,2810,1,3.7,1,1,1,0
user_1527,716.39,debit_card,False,False,19,0,US,gas,0,1015,3,14.33,2,3,1,0
user_5082,1259.84,debit_card,False,False,7,2,AU,restaurant,0,3232,1,31.5,3,1,1,0
user_9369,32.39,debit_card,False,False,19,5,US,restaurant,0,1127,2,0.81,2,2,1,0
user_3100,184.81,credit_card,False,False,11,2,UK,groceries,0,2567,3,1.85,1,3,1,0
user_7943,992.77,credit_card,False,True,16,0,AU,restaurant,0,1062,2,24.82,1,2,1,0
user_7251,549.89,debit_card,False,False,14,5,UK,groceries,0,2291,2,5.5,1,2,1,0
user_9899,763.31,debit_card,True,False,17,3,UK,groceries,0,3196,3,7.63,1,3,1,0
user_5380,1240.13,credit_card,False,False,21,1,US,gas,0,585,2,24.8,2,2,1,0
user_7843,380.81,ach,False,False,7,1,AU,gas,0,115,2,7.62,3,2,5,0
user_1305,393.53,ach,False,False,8,3,CA,restaurant,0,1869,3,9.84,3,3,1,0
user_2983,1163.61,credit_card,False,False,11,1,UK,utilities,0,2212,2,14.55,1,2,1,0
user_4084,121.35,ach,False,False,20,6,AU,retail,0,2083,1,0.81,2,1,1,0
user_6113,2575.87,debit_card,True,True,3,0,BR,jewelry,6,3080,14,2.58,10,14,1,1
user_6455,148.61,debit_card,False,False,6,0,CA,utilities,0,808,1,1.86,3,1,1,0
user_6727,73.13,debit_card,False,False,12,4,US,restaurant,0,1653,2,1.83,1,2,1,0
user_9808,1978.35,debit_card,False,True,9,6,UK,groceries,0,372,2,19.78,3,2,1,0
user_2235,42.36,debit_card,True,False,19,6,US,restaurant,0,3358,2,1.06,2,2,1,0
user_6315,823.95,debit_card,False,False,8,4,UK,retail,0,1724,1,5.49,3,1,1,0
user_5067,151.46,debit_card,False,False,6,5,AU,restaurant,0,2789,1,3.79,3,1,1,0
user_7126,9689.92,cryptocurrency,True,True,9,0,US,wire_transfer,1,1565,16,19.38,3,16,1,1
user_6155,175.28,ach,False,False,19,3,AU,groceries,0,1650,2,1.75,2,2,1,0
user_7708,513.12,debit_card,False,True,10,3,CA,restaurant,0,1328,3,12.83,1,3,1,0
user_3847,1571.53,debit_card,False,False,10,6,CA,restaurant,0,40,2,39.29,1,2,5,0
user_9163,1749.32,debit_card,False,True,16,6,AU,gas,0,3630,3,34.99,1,3,1,0
user_5193,128.44,credit_card,False,False,6,4,AU,utilities,0,485,1,1.61,3,1,1,0
user_8978,1681.54,credit_card,False,False,7,3,CA,restaurant,0,2674,1,42.04,3,1,1,0
user_9105,224.1,credit_card,False,False,17,2,UK,restaurant,0,1413,2,5.6,1,2,1,0
user_6822,161.55,ach,False,False,6,1,UK,utilities,0,3355,1,2.02,3,1,1,0
user_3451,160.53,credit_card,False,False,18,1,US,retail,0,462,1,1.07,2,1,1,0
user_5744,79.03,ach,False,False,18,0,AU,groceries,0,2560,1,0.79,2,1,1,0
user_3847,1353.82,ach,False,False,6,2,CA,groceries,0,40,2,13.54,3,2,5,0
user_9571,98.05,debit_card,False,False,12,2,AU,restaurant,0,1239,3,2.45,1,3,1,0
user_8210,364.65,debit_card,False,False,22,0,CA,retail,0,2602,2,2.43,2,2,1,0
user_7945,136.49,ach,False,True,13,1,UK,gas,0,1525,3,2.73,1,3,1,0
user_4584,60.25,debit_card,False,False,21,2,AU,utilities,0,32,2,0.75,2,2,5,0
user_1423,29.45,debit_card,False,False,8,4,US,retail,0,3162,1,0.2,3,1,1,0
user_1760,67.88,ach,False,False,20,2,UK,gas,0,452,3,1.36,2,3,1,0
user_5885,206.95,debit_card,False,False,16,2,UK,gas,0,1806,1,4.14,1,1,1,0
user_3847,1244.36,debit_card,False,True,8,3,CA,utilities,0,40,2,15.55,3,2,5,0
user_3981,115.79,credit_card,False,True,17,2,US,retail,0,3435,2,0.77,1,2,1,0
user_4387,1624.2,debit_card,False,False,15,6,AU,retail,0,1953,2,10.83,1,2,1,0
user_9748,180.71,ach,False,False,15,2,UK,restaurant,0,1057,1,4.52,1,1,1,0
user_1852,79.88,debit_card,False,False,17,3,US,gas,0,3324,3,1.6,1,3,1,0
user_6432,752.04,ach,False,False,6,2,US,restaurant,0,433,2,18.8,3,2,1,0
user_2099,65.65,debit_card,False,True,6,0,US,groceries,0,1798,3,0.66,3,3,1,0
user_1434,794.83,debit_card,False,False,6,2,AU,restaurant,0,932,1,19.87,3,1,1,0
user_3525,296.98,credit_card,False,False,16,3,US,gas,0,1869,1,5.94,1,1,1,0
user_6544,34.36,credit_card,False,False,11,5,UK,utilities,0,2670,2,0.43,1,2,1,0
user_1815,99.35,debit_card,False,True,16,0,AU,gas,0,2741,1,1.99,1,1,1,0
user_4070,370.11,debit_card,False,False,16,5,AU,gas,0,453,3,7.4,1,3,1,0
user_5689,148.72,debit_card,False,False,21,5,UK,gas,0,927,1,2.97,2,1,1,0
user_1639,1137.48,debit_card,True,False,18,1,US,retail,0,411,2,7.58,2,2,1,0
user_6658,444.67,ach,False,False,9,1,UK,utilities,0,2139,3,5.56,3,3,1,0
user_4764,51.33,debit_card,False,False,21,0,AU,restaurant,0,1140,3,1.28,2,3,1,0
user_1100,157.07,debit_card,False,False,11,4,AU,utilities,0,315,1,1.96,1,1,1,0
user_3110,95.58,debit_card,False,False,14,2,US,utilities,0,204,3,1.19,1,3,1,0
user_7814,213.86,debit_card,False,False,21,3,US,groceries,0,3403,3,2.14,2,3,1,0
user_5739,63.16,credit_card,False,False,20,0,UK,gas,0,2395,1,1.26,2,1,1,0
user_4510,853.33,credit_card,False,False,6,0,AU,retail,0,1025,1,5.69,3,1,1,0
user_6169,91.38,debit_card,False,False,18,6,CA,gas,0,814,3,1.83,2,3,1,0
user_7809,518.31,debit_card,False,True,12,1,CA,retail,0,368,1,3.46,1,1,1,0
user_4519,66.7,debit_card,False,False,14,5,US,utilities,0,2394,1,0.83,1,1,1,0
user_5999,533.65,credit_card,True,False,17,0,US,groceries,0,1389,1,5.34,1,1,1,0
user_4697,880.69,ach,False,True,12,1,AU,gas,0,1843,3,17.61,1,3,1,0
user_8183,315.35,ach,False,False,18,2,US,groceries,0,3384,2,3.15,2,2,1,0
user_2169,1517.44,debit_card,False,False,21,5,CA,groceries,0,2217,1,15.17,2,1,1,0
user_3539,281.53,debit_card,False,False,14,2,UK,groceries,0,2248,1,2.82,1,1,1,0
user_3733,181.83,credit_card,False,True,22,0,AU,groceries,0,2097,2,1.82,2,2,1,0
user_2827,239.24,ach,False,False,16,0,CA,gas,0,1888,2,4.78,1,2,1,0
user_7866,1754.91,debit_card,False,True,21,6,CA,utilities,0,1729,2,21.94,2,2,1,0
user_8886,128.77,ach,False,False,17,1,US,gas,0,704,2,2.58,1,2,1,0
user_8412,172.57,credit_card,False,False,8,0,UK,retail,0,213,1,1.15,3,1,1,0
user_4871,66.64,debit_card,False,False,20,1,US,utilities,0,1936,2,0.83,2,2,1,0
user_7624,106.97,debit_card,False,False,15,1,CA,retail,0,2578,2,0.71,1,2,1,0
user_6992,1723.96,wire_transfer,True,True,5,1,RU,wire_transfer,5,1113,8,3.45,10,8,1,1
user_5140,169.48,credit_card,False,False,6,1,CA,utilities,0,2778,2,2.12,3,2,1,0
user_5634,716.68,debit_card,False,False,14,0,UK,utilities,0,2810,1,8.96,1,1,1,0
user_3340,376.07,credit_card,False,False,6,2,CA,retail,0,3081,1,2.51,3,1,1,0
user_3419,189.65,credit_card,False,False,11,2,UK,retail,0,2871,1,1.26,1,1,1,0
user_7739,68.97,credit_card,False,False,9,6,UK,retail,0,2224,2,0.46,3,2,1,0
user_6439,38.46,ach,False,False,14,5,US,utilities,0,2184,2,0.48,1,2,1,0
user_2983,1588.09,debit_card,False,False,9,4,UK,groceries,0,2212,1,15.88,3,1,1,0
user_2734,182.94,credit_card,False,True,16,3,AU,utilities,0,2176,1,2.29,1,1,1,0
user_9397,151.29,debit_card,False,False,7,1,CA,restaurant,0,934,3,3.78,3,3,1,0
user_6714,546.85,debit_card,False,False,20,0,UK,retail,0,1208,3,3.65,2,3,1,0
user_5105,176.58,ach,False,False,21,3,UK,groceries,0,542,3,1.77,2,3,1,0
user_2294,1966.17,debit_card,False,False,11,0,CA,utilities,0,2227,2,24.58,1,2,1,0
user_9622,191.66,debit_card,False,False,7,0,UK,retail,0,2915,2,1.28,3,2,1,0
user_1424,87.19,debit_card,False,False,15,0,AU,gas,0,2330,2,1.74,1,2,1,0
user_3734,304.38,ach,True,False,9,5,UK,gas,0,3197,2,6.09,3,2,1,0
user_8750,75.33,debit_card,False,False,6,3,UK,groceries,0,1680,2,0.75,3,2,1,0
user_6345,126.58,debit_card,False,False,17,3,UK,restaurant,0,986,1,3.16,1,1,1,0
user_5355,698.79,ach,False,False,11,4,US,utilities,0,3447,3,8.73,1,3,1,0
user_7126,75.21,credit_card,False,False,21,3,CA,gas,0,298,2,1.5,2,2,1,0
user_9837,1829.27,debit_card,False,False,11,1,UK,retail,0,2031,1,12.2,1,1,1,0
user_8851,1793.25,debit_card,False,False,15,4,AU,groceries,0,2256,2,17.93,1,2,1,0
user_2989,40.06,ach,False,True,6,0,CA,restaurant,0,565,2,1.0,3,2,1,0
user_8786,1233.25,debit_card,False,False,6,4,UK,retail,0,3187,1,8.22,3,1,1,0
user_3101,41.88,debit_card,False,False,21,6,AU,gas,0,1989,3,0.84,2,3,1,0
user_5927,198.86,debit_card,False,False,12,6,US,restaurant,0,2333,2,4.97,1,2,1,0
user_3981,66.15,debit_card,False,False,15,5,US,restaurant,0,3435,1,1.65,1,1,1,0
user_5463,1862.32,ach,False,False,12,6,CA,groceries,0,2887,1,18.62,1,1,1,0
user_7086,35.76,credit_card,False,False,20,2,CA,gas,0,1961,3,0.72,2,3,1,0
user_8244,150.73,debit_card,False,False,19,5,AU,groceries,0,3281,1,1.51,2,1,1,0
user_3876,753.78,debit_card,False,False,8,4,US,restaurant,0,260,3,18.84,3,3,1,0
user_7022,131.11,debit_card,False,True,9,5,AU,restaurant,0,3198,1,3.28,3,1,1,0
user_2960,932.24,debit_card,False,False,9,5,US,utilities,0,202,1,11.65,3,1,1,0
user_6447,75.94,credit_card,False,False,6,3,UK,restaurant,0,2266,3,1.9,3,3,1,0
user_8373,297.85,debit_card,False,True,9,1,UK,utilities,0,3166,2,3.72,3,2,1,0
user_6980,89.12,debit_card,False,False,21,3,CA,restaurant,0,2455,1,2.23,2,1,1,0
user_7643,325.19,credit_card,False,False,20,6,UK,retail,0,385,1,2.17,2,1,1,0
user_1173,67.94,ach,False,False,21,0,CA,utilities,0,3131,1,0.85,2,1,1,0
user_9022,97.74,credit_card,False,True,13,1,AU,restaurant,0,1443,2,2.44,1,2,1,0
user_5414,863.77,ach,False,False,22,0,US,utilities,0,799,1,10.8,2,1,1,0
user_4387,169.97,debit_card,False,False,8,5,CA,restaurant,0,3455,2,4.25,3,2,1,0
user_8973,179.16,debit_card,False,False,9,6,UK,utilities,0,921,3,2.24,3,3,1,0
user_9727,69.14,debit_card,False,False,10,5,AU,retail,0,2281,1,0.46,1,1,1,0
user_8244,189.44,debit_card,False,False,20,2,AU,restaurant,0,3281,2,4.74,2,2,1,0
user_2185,1170.58,ach,False,False,16,1,UK,groceries,0,509,1,11.71,1,1,1,0
user_5689,180.29,debit_card,False,False,19,3,UK,retail,0,927,3,1.2,2,3,1,0
user_2234,69.65,ach,False,False,22,3,AU,groceries,0,1930,1,0.7,2,1,1,0
user_3425,190.79,debit_card,True,False,13,0,US,retail,0,1979,2,1.27,1,2,1,0
user_6315,345.77,debit_card,False,True,8,3,UK,restaurant,0,1724,3,8.64,3,3,1,0
user_1930,1955.66,credit_card,False,True,17,4,UK,utilities,0,2818,3,24.45,1,3,1,0
user_9397,60.65,debit_card,False,False,7,5,CA,utilities,0,934,1,0.76,3,1,1,0
user_4450,1858.29,debit_card,True,True,2,5,PH,jewelry,4,421,14,1.86,10,14,1,1
user_8406,75.42,credit_card,True,False,19,5,AU,retail,0,389,3,0.5,2,3,1,0
user_4796,50.97,debit_card,False,False,17,4,UK,groceries,0,988,1,0.51,1,1,1,0
user_2867,166.71,credit_card,False,False,18,2,AU,restaurant,0,2191,1,4.17,2,1,1,0
user_9418,549.29,debit_card,True,True,4,0,PH,cash_withdrawal,6,1785,25,2.75,10,20,1,1
user_9266,136.5,ach,True,False,7,1,CA,gas,0,2928,3,2.73,3,3,1,0
user_8846,78.21,debit_card,False,False,19,3,CA,utilities,0,1654,1,0.98,2,1,1,0
user_3425,184.69,debit_card,False,True,17,4,US,utilities,0,1979,1,2.31,1,1,1,0
user_3286,85.95,debit_card,True,False,19,2,US,utilities,0,2448,2,1.07,2,2,1,0
user_2824,99.33,credit_card,True,False,21,4,UK,groceries,0,1033,2,0.99,2,2,1,0
user_3862,44.63,debit_card,False,False,17,0,UK,retail,0,3313,1,0.3,1,1,1,0
user_2827,262.38,ach,False,False,13,2,CA,groceries,0,1888,2,2.62,1,2,1,0
user_4974,756.02,debit_card,True,False,15,0,AU,gas,0,3194,2,15.12,1,2,1,0
user_9317,1434.74,debit_card,False,False,10,1,CA,restaurant,0,1561,3,35.87,1,3,1,0
user_4697,1722.71,ach,False,False,14,0,AU,groceries,0,1843,3,17.23,1,3,1,0
user_2960,648.03,debit_card,False,False,9,2,US,utilities,0,202,1,8.1,3,1,1,0
user_9226,545.15,debit_card,True,False,22,0,CA,groceries,0,522,1,5.45,2,1,1,0
user_9364,916.99,debit_card,False,False,21,5,CA,utilities,0,2549,1,11.46,2,1,1,0
user_6432,877.74,debit_card,False,False,8,1,US,utilities,0,433,1,10.97,3,1,1,0
user_1713,555.39,ach,True,False,15,6,UK,restaurant,0,3091,1,13.88,1,1,1,0
user_4707,1043.87,debit_card,False,False,11,6,AU,gas,0,1684,3,20.88,1,3,1,0
user_9327,122.64,ach,False,True,10,3,UK,restaurant,0,3194,1,3.07,1,1,1,0
user_1520,78.68,credit_card,False,True,7,5,CA,utilities,0,982,1,0.98,3,1,1,0
user_3589,869.03,debit_card,False,False,13,6,AU,groceries,0,1932,1,8.69,1,1,1,0
user_2960,262.13,debit_card,False,False,9,3,US,utilities,0,202,3,3.28,3,3,1,0
user_4700,314.45,debit_card,False,False,21,1,US,retail,0,2707,1,2.1,2,1,1,0
user_8511,55.82,debit_card,False,False,21,2,US,retail,0,2100,2,0.37,2,2,1,0
user_6210,140.98,debit_card,False,False,22,0,US,gas,0,2911,3,2.82,2,3,1,0
user_7487,135.75,ach,False,False,8,4,CA,retail,0,2398,1,0.91,3,1,1,0
user_1660,52.34,debit_card,False,False,13,4,CA,retail,0,403,3,0.35,1,3,1,0
user_2989,71.03,ach,False,False,6,4,CA,retail,0,565,1,0.47,3,1,1,0
user_7487,200.57,ach,False,False,7,2,CA,retail,0,2398,2,1.34,3,2,1,0
user_6218,191.03,ach,False,False,15,5,UK,retail,0,2461,3,1.27,1,3,1,0
user_4450,212.34,debit_card,False,False,6,5,UK,groceries,0,2100,3,2.12,3,3,1,0
user_5781,73.41,debit_card,True,False,14,2,US,groceries,0,1293,3,0.73,1,3,1,0
user_5404,5267.01,wire_transfer,True,True,3,5,PH,cash_withdrawal,7,777,21,26.34,10,20,1,1
user_2218,124.08,ach,True,False,22,2,US,groceries,0,764,1,1.24,2,1,1,0
user_1749,1114.73,debit_card,True,False,11,1,CA,gas,0,96,3,22.29,1,3,5,0
user_8834,96.67,credit_card,False,False,17,4,UK,utilities,0,1733,2,1.21,1,2,1,0
user_9153,1418.55,credit_card,True,False,8,4,CA,restaurant,0,1918,1,35.46,3,1,1,0
user_5073,63.88,ach,False,False,9,1,AU,retail,0,604,2,0.43,3,2,1,0
user_1396,233.14,debit_card,False,True,6,6,UK,retail,0,2554,3,1.55,3,3,1,0
user_9261,834.3,ach,False,False,18,4,UK,utilities,0,3410,3,10.43,2,3,1,0
user_1618,741.98,debit_card,False,True,10,4,UK,utilities,0,87,1,9.27,1,1,5,0
user_2381,781.03,ach,False,False,13,4,CA,gas,0,1043,2,15.62,1,2,1,0
user_5825,87.49,debit_card,True,False,7,0,US,retail,0,2905,3,0.58,3,3,1,0
user_6085,590.34,debit_card,False,False,16,2,US,gas,0,263,1,11.81,1,1,1,0
user_1136,715.94,debit_card,False,False,15,5,UK,restaurant,0,67,3,17.9,1,3,5,0
user_8646,283.61,debit_card,False,True,19,4,AU,groceries,0,2424,1,2.84,2,1,1,0
user_2642,81.19,debit_card,True,False,20,6,AU,groceries,0,3249,3,0.81,2,3,1,0
user_8141,880.47,ach,False,False,8,5,AU,restaurant,0,1455,3,22.01,3,3,1,0
user_6671,77.59,debit_card,True,False,15,6,CA,retail,0,3614,1,0.52,1,1,1,0
user_2389,332.34,debit_card,False,True,19,4,UK,gas,0,412,2,6.65,2,2,1,0
user_6364,1153.22,debit_card,False,False,18,4,UK,restaurant,0,807,3,28.83,2,3,1,0
user_2753,2076.4,wire_transfer,True,True,4,2,RU,wire_transfer,4,1017,6,4.15,10,6,1,1
user_6005,183.32,credit_card,False,True,16,2,US,groceries,0,2912,2,1.83,1,2,1,0
user_4387,833.66,credit_card,False,False,14,4,AU,groceries,0,1953,3,8.34,1,3,1,0
user_5510,1386.92,ach,False,True,20,5,CA,restaurant,0,312,1,34.67,2,1,1,0
user_3093,1590.86,debit_card,False,False,6,0,AU,retail,0,2112,2,10.61,3,2,1,0
user_5438,159.86,ach,False,False,12,3,CA,restaurant,0,524,3,4.0,1,3,1,0
user_2235,37.91,debit_card,False,False,22,6,US,utilities,0,3358,2,0.47,2,2,1,0
user_3451,177.1,credit_card,False,False,19,4,US,retail,0,462,1,1.18,2,1,1,0
user_4150,110.94,debit_card,False,False,16,1,UK,restaurant,0,951,2,2.77,1,2,1,0
user_4764,58.23,debit_card,False,False,19,4,AU,retail,0,1140,1,0.39,2,1,1,0
user_8752,1513.14,debit_card,False,False,10,1,US,groceries,0,3187,1,15.13,1,1,1,0
user_1618,1499.13,credit_card,False,False,8,0,UK,gas,0,87,2,29.98,3,2,5,0
user_3147,971.68,credit_card,False,False,13,3,CA,retail,0,694,1,6.48,1,1,1,0
user_8157,307.24,credit_card,True,False,22,4,UK,restaurant,0,743,1,7.68,2,1,1,0
user_1750,128.83,ach,True,True,13,4,US,retail,0,3533,2,0.86,1,2,1,0
user_5090,71.49,debit_card,False,False,18,4,UK,utilities,0,3423,3,0.89,2,3,1,0
user_5739,142.77,debit_card,False,False,22,5,UK,restaurant,0,2395,2,3.57,2,2,1,0
user_5088,33.43,ach,False,False,15,5,AU,groceries,0,2572,2,0.33,1,2,1,0
user_4519,162.28,debit_card,False,False,17,4,US,retail,0,2394,1,1.08,1,1,1,0
user_1852,173.3,debit_card,False,False,17,0,US,utilities,0,3324,1,2.17,1,1,1,0
user_6759,607.24,credit_card,False,False,7,6,UK,gas,0,2548,1,12.14,3,1,1,0
user_8244,138.05,ach,False,True,19,4,AU,retail,0,3281,2,0.92,2,2,1,0
user_1651,1079.48,ach,False,False,11,5,AU,gas,0,2722,2,21.59,1,2,1,0
user_7415,1841.2,credit_card,True,False,8,4,CA,restaurant,0,2497,2,46.03,3,2,1,0
user_4588,70.43,debit_card,False,False,13,6,US,gas,0,3342,3,1.41,1,3,1,0
user_1788,5261.2,debit_card,True,True,2,1,VN,cash_withdrawal,8,711,22,26.31,10,20,1,1
user_7487,367.28,ach,False,False,7,0,CA,restaurant,0,2398,1,9.18,3,1,1,0
user_9796,171.13,ach,False,False,14,0,UK,groceries,0,837,1,1.71,1,1,1,0
user_3390,68.82,credit_card,False,False,9,1,AU,gas,0,1160,2,1.38,3,2,1,0
user_1590,379.65,credit_card,False,False,9,5,US,utilities,0,674,3,4.75,3,3,1,0
user_6617,375.7,debit_card,False,False,14,4,CA,gas,0,595,3,7.51,1,3,1,0
user_7296,449.2,debit_card,False,False,18,1,UK,retail,0,2944,1,2.99,2,1,1,0
user_8973,811.36,ach,True,True,22,1,CA,restaurant,0,2302,1,20.28,2,1,1,0
user_9537,517.22,debit_card,False,False,12,4,AU,utilities,0,429,1,6.47,1,1,1,0
user_8957,1309.9,debit_card,False,False,16,5,AU,retail,0,1148,3,8.73,1,3,1,0
user_9159,1339.83,ach,True,False,16,3,UK,gas,0,2008,2,26.8,1,2,1,0
user_4978,53.18,credit_card,False,False,20,6,UK,gas,0,3512,1,1.06,2,1,1,0
user_6253,81.19,ach,False,False,16,0,CA,utilities,0,2734,3,1.01,1,3,1,0
user_4944,114.14,debit_card,False,False,20,0,UK,utilities,0,229,2,1.43,2,2,1,0
user_1117,85.75,debit_card,False,False,21,5,US,utilities,0,967,2,1.07,2,2,1,0
user_6168,806.99,debit_card,False,False,16,1,US,utilities,0,894,2,10.09,1,2,1,0
user_1788,577.96,debit_card,False,True,13,5,AU,groceries,0,711,3,5.78,1,3,1,0
user_8490,1949.87,wire_transfer,True,True,0,5,RO,wire_transfer,2,1322,14,3.9,10,14,1,1
user_9128,79.9,debit_card,False,True,16,4,AU,groceries,0,737,2,0.8,1,2,1,0
user_3852,233.96,debit_card,False,False,18,3,CA,retail,0,527,3,1.56,2,3,1,0
user_2169,1977.58,credit_card,False,False,19,4,CA,restaurant,0,2217,2,49.44,2,2,1,0
user_9899,377.1,debit_card,False,False,17,1,UK,gas,0,3196,2,7.54,1,2,1,0
user_7022,165.93,debit_card,False,False,11,2,AU,gas,0,3198,3,3.32,1,3,1,0
user_2696,667.22,ach,False,False,19,3,UK,gas,0,2094,1,13.34,2,1,1,0
user_9698,291.21,ach,False,False,14,1,UK,gas,0,1471,1,5.82,1,1,1,0
user_6992,942.92,debit_card,False,False,12,2,US,utilities,0,1670,1,11.79,1,1,1,0
user_9017,1176.53,ach,False,True,14,1,UK,retail,0,164,3,7.84,1,3,5,0
user_9393,331.93,debit_card,True,False,21,2,UK,restaurant,0,2945,3,8.3,2,3,1,0
user_4084,266.22,credit_card,True,False,19,3,AU,groceries,0,2083,2,2.66,2,2,1,0
user_8921,269.79,debit_card,False,True,13,2,UK,utilities,0,1350,1,3.37,1,1,1,0
user_2943,118.23,credit_card,False,True,22,0,AU,gas,0,2196,1,2.36,2,1,1,0
user_9537,703.75,credit_card,False,False,14,5,AU,groceries,0,429,2,7.04,1,2,1,0
user_9173,288.62,debit_card,True,False,21,1,AU,utilities,0,279,2,3.61,2,2,1,0
user_2476,177.81,debit_card,True,False,15,4,AU,utilities,0,749,2,2.22,1,2,1,0
user_5819,278.01,debit_card,False,False,7,3,US,restaurant,0,795,1,6.95,3,1,1,0
user_1567,290.3,ach,True,False,22,5,US,gas,0,2150,2,5.81,2,2,1,0
user_8430,726.52,credit_card,False,False,13,2,US,restaurant,0,1310,3,18.16,1,3,1,0
user_4300,105.91,debit_card,False,False,13,1,CA,restaurant,0,3316,2,2.65,1,2,1,0
user_5458,849.52,debit_card,False,False,17,1,CA,gas,0,1343,1,16.99,1,1,1,0
user_5201,452.78,debit_card,True,True,10,3,CA,utilities,0,3421,2,5.66,1,2,1,0
user_9864,50.16,ach,False,False,19,1,US,retail,0,991,1,0.33,2,1,1,0
user_8210,129.98,debit_card,False,False,19,1,CA,utilities,0,2602,3,1.62,2,3,1,0
user_5342,224.12,debit_card,False,True,22,5,AU,restaurant,0,2691,1,5.6,2,1,1,0
user_4978,96.11,ach,False,True,19,1,UK,utilities,0,3512,1,1.2,2,1,1,0
user_4519,185.08,debit_card,False,False,17,6,US,retail,0,2394,1,1.23,1,1,1,0
user_9904,1957.26,ach,False,False,16,0,CA,restaurant,0,1528,1,48.93,1,1,1,0
user_4727,1630.12,credit_card,False,False,11,0,AU,restaurant,0,3382,2,40.75,1,2,1,0
user_3096,138.09,ach,False,False,18,4,CA,gas,0,2814,1,2.76,2,1,1,0
user_2101,63.9,debit_card,False,False,21,6,UK,restaurant,0,1513,1,1.6,2,1,1,0
user_3100,154.19,ach,False,True,9,4,UK,gas,0,2567,2,3.08,3,2,1,0
user_6005,1898.25,wire_transfer,True,True,3,1,PH,jewelry,5,2912,16,1.9,10,16,1,1
user_5336,153.62,debit_card,False,False,21,2,AU,utilities,0,2561,1,1.92,2,1,1,0
user_2260,251.73,debit_card,False,False,8,4,CA,groceries,0,2351,2,2.52,3,2,1,0
user_3910,666.25,credit_card,False,False,15,2,UK,groceries,0,3040,3,6.66,1,3,1,0
user_6488,413.58,debit_card,False,False,17,4,US,utilities,0,1107,1,5.17,1,1,1,0
user_1613,69.28,debit_card,True,False,14,5,US,retail,0,1402,2,0.46,1,2,1,0
user_3677,761.55,ach,True,False,17,4,UK,groceries,0,2651,1,7.62,1,1,1,0
user_5911,523.17,credit_card,False,False,6,6,UK,groceries,0,1060,1,5.23,3,1,1,0
user_9553,442.87,ach,False,False,17,3,US,retail,0,2887,2,2.95,1,2,1,0
user_1752,1615.75,wire_transfer,True,True,3,2,RU,wire_transfer,4,96,15,3.23,10,15,5,1
user_4337,850.5,debit_card,False,True,21,0,AU,retail,0,762,1,5.67,2,1,1,0
user_6008,5038.21,wire_transfer,True,True,1,2,BR,cash_withdrawal,8,3338,15,25.19,10,15,1,1
user_3299,631.16,ach,False,False,11,2,CA,restaurant,0,2349,3,15.78,1,3,1,0
user_7631,35.5,debit_card,False,True,7,4,CA,utilities,0,1437,1,0.44,3,1,1,0
user_1251,134.87,credit_card,False,True,14,6,CA,utilities,0,336,1,1.69,1,1,1,0
user_1567,540.35,debit_card,False,False,21,3,CA,restaurant,0,2681,1,13.51,2,1,1,0
user_3385,122.85,credit_card,False,False,18,4,AU,retail,0,2348,3,0.82,2,3,1,0
user_6425,98.14,ach,False,False,10,4,UK,restaurant,0,761,2,2.45,1,2,1,0
user_5114,38.31,ach,True,False,9,2,AU,restaurant,0,3427,2,0.96,3,2,1,0
user_8157,533.17,debit_card,False,False,19,2,UK,restaurant,0,743,3,13.33,2,3,1,0
user_2169,1977.95,ach,False,False,22,2,CA,retail,0,2217,3,13.19,2,3,1,0
user_9574,132.67,credit_card,False,False,17,3,UK,restaurant,0,1951,3,3.32,1,3,1,0
user_3381,90.03,ach,True,False,18,0,US,restaurant,0,848,1,2.25,2,1,1,0
user_9175,175.39,debit_card,False,True,11,4,CA,retail,0,3604,3,1.17,1,3,1,0
user_6828,585.86,debit_card,False,False,21,4,US,utilities,0,2803,3,7.32,2,3,1,0
user_6262,35.96,ach,False,False,6,5,UK,gas,0,2737,1,0.72,3,1,1,0
user_7147,203.15,debit_card,True,True,19,2,US,gas,0,2462,2,4.06,2,2,1,0
user_8372,684.45,ach,False,False,21,5,UK,utilities,0,555,3,8.56,2,3,1,0
user_3611,43.57,ach,True,True,16,3,AU,gas,0,3316,1,0.87,1,1,1,0
user_1298,322.76,debit_card,False,True,15,3,CA,gas,0,907,3,6.46,1,3,1,0
user_5088,82.03,ach,False,False,14,6,AU,gas,0,2572,1,1.64,1,1,1,0
user_5254,156.11,credit_card,True,False,20,5,UK,restaurant,0,1001,1,3.9,2,1,1,0
user_5758,59.69,ach,False,False,13,0,US,gas,0,1448,2,1.19,1,2,1,0
user_3677,280.66,debit_card,False,False,16,2,UK,restaurant,0,2651,2,7.02,1,2,1,0
user_6136,389.21,ach,False,False,18,2,UK,utilities,0,2939,2,4.87,2,2,1,0
user_8207,54.13,debit_card,False,False,8,6,US,restaurant,0,2137,2,1.35,3,2,1,0
user_8207,124.21,debit_card,False,False,10,4,US,restaurant,0,2137,3,3.11,1,3,1,0
user_3932,29.91,credit_card,False,False,20,2,AU,retail,0,949,2,0.2,2,2,1,0
user_1590,104.77,ach,False,True,8,6,US,restaurant,0,674,2,2.62,3,2,1,0
user_9275,695.75,debit_card,False,False,21,0,US,retail,0,2820,2,4.64,2,2,1,0
user_1520,53.39,debit_card,False,True,11,6,CA,restaurant,0,982,3,1.33,1,3,1,0
user_7315,72.58,ach,False,False,11,1,US,groceries,0,858,2,0.73,1,2,1,0
user_3275,132.35,ach,False,False,13,6,US,restaurant,0,1508,2,3.31,1,2,1,0
user_2636,114.24,debit_card,False,True,7,1,AU,retail,0,3537,1,0.76,3,1,1,0
user_3526,9503.94,debit_card,True,True,3,3,PH,jewelry,5,3059,10,9.5,10,10,1,1
user_3910,941.06,debit_card,False,False,13,6,UK,restaurant,0,3040,3,23.53,1,3,1,0
user_4839,1776.6,ach,False,False,7,0,US,restaurant,0,603,3,44.41,3,3,1,0
user_1659,164.81,credit_card,False,False,17,3,AU,groceries,0,1169,2,1.65,1,2,1,0
user_5735,158.97,credit_card,False,False,21,1,AU,groceries,0,1328,2,1.59,2,2,1,0
user_2832,184.69,debit_card,False,False,16,1,CA,gas,0,267,2,3.69,1,2,1,0
user_5342,362.82,debit_card,False,False,22,2,AU,restaurant,0,2691,1,9.07,2,1,1,0
user_3419,235.46,debit_card,False,True,8,6,UK,utilities,0,2871,2,2.94,3,2,1,0
user_2899,628.96,debit_card,False,False,18,0,US,retail,0,2723,2,4.19,2,2,1,0
user_4974,735.8,debit_card,False,False,16,2,AU,groceries,0,3194,2,7.36,1,2,1,0
user_5839,89.62,debit_card,False,False,21,6,US,utilities,0,366,3,1.12,2,3,1,0
user_9270,581.97,debit_card,False,False,20,0,AU,restaurant,0,681,1,14.55,2,1,1,0
user_1193,78.01,debit_card,False,False,13,3,US,retail,0,1362,3,0.52,1,3,1,0
user_7631,71.79,debit_card,True,False,11,1,CA,groceries,0,1437,2,0.72,1,2,1,0
user_6759,609.18,credit_card,False,False,12,0,CA,restaurant,0,1044,2,15.23,1,2,1,0
user_3262,91.54,debit_card,False,False,18,2,CA,retail,0,1859,2,0.61,2,2,1,0
user_3496,141.09,credit_card,False,False,9,0,AU,retail,0,2772,1,0.94,3,1,1,0
user_3847,1029.53,debit_card,False,True,10,4,CA,utilities,0,40,2,12.87,1,2,5,0
user_8183,162.34,credit_card,True,False,22,5,US,groceries,0,3384,1,1.62,2,1,1,0
user_9849,233.78,ach,False,True,22,6,UK,gas,0,1248,3,4.68,2,3,1,0
user_1815,96.07,credit_card,False,False,12,6,AU,groceries,0,2741,2,0.96,1,2,1,0
user_7010,1420.37,ach,False,False,9,0,AU,retail,0,2267,3,9.47,3,3,1,0
user_9165,367.81,credit_card,False,True,20,1,UK,utilities,0,1731,2,4.6,2,2,1,0
user_4996,917.14,credit_card,False,False,11,5,CA,utilities,0,1385,1,11.46,1,1,1,0
user_9903,469.53,debit_card,False,True,13,5,UK,utilities,0,3591,1,5.87,1,1,1,0
user_8412,4944.12,wire_transfer,True,True,1,6,RU,wire_transfer,5,213,8,9.89,10,8,1,1
user_3777,107.44,ach,False,False,12,6,UK,gas,0,1129,2,2.15,1,2,1,0
user_6601,971.42,debit_card,False,False,14,5,AU,utilities,0,1551,1,12.14,1,1,1,0
user_4070,258.03,ach,True,False,15,6,AU,retail,0,453,2,1.72,1,2,1,0
user_2796,175.77,ach,False,True,20,3,CA,groceries,0,3274,2,1.76,2,2,1,0
user_3876,748.92,debit_card,False,False,9,1,US,retail,0,260,2,4.99,3,2,1,0
user_5786,113.97,debit_card,True,True,20,6,AU,gas,0,450,1,2.28,2,1,1,0
user_4362,64.75,ach,False,False,19,0,CA,restaurant,0,2431,2,1.62,2,2,1,0
user_1685,147.63,ach,False,True,14,5,US,gas,0,1495,1,2.95,1,1,1,0
user_4337,683.64,credit_card,False,True,18,5,AU,gas,0,762,1,13.67,2,1,1,0
user_5067,288.85,debit_card,False,False,21,4,UK,gas,0,1141,2,5.78,2,2,1,0
user_1841,109.51,debit_card,False,False,12,2,US,retail,0,3397,3,0.73,1,3,1,0
user_9537,722.15,debit_card,False,False,14,3,AU,gas,0,429,1,14.44,1,1,1,0
user_2245,845.29,credit_card,False,False,9,0,AU,groceries,0,1315,1,8.45,3,1,1,0
user_4281,1624.02,ach,False,False,6,0,US,gas,0,399,1,32.48,3,1,1,0
user_7965,69.13,ach,False,True,18,5,CA,retail,0,1249,2,0.46,2,2,1,0
user_3868,334.67,ach,False,False,18,1,AU,utilities,0,2617,1,4.18,2,1,1,0
user_5349,47.6,credit_card,False,False,11,2,AU,retail,0,1445,2,0.32,1,2,1,0
user_1306,1127.74,credit_card,True,False,14,6,CA,restaurant,0,1343,1,28.19,1,1,1,0
user_2617,68.65,ach,False,True,22,3,AU,groceries,0,2724,1,0.69,2,1,1,0
user_8973,1504.55,credit_card,True,False,21,0,CA,utilities,0,2302,1,18.81,2,1,1,0
user_5583,924.8,debit_card,False,False,6,4,AU,utilities,0,846,3,11.56,3,3,1,0
user_1269,1140.05,debit_card,False,False,18,1,CA,restaurant,0,2973,2,28.5,2,2,1,0
user_8786,1794.96,debit_card,False,False,7,2,UK,utilities,0,3187,2,22.44,3,2,1,0
user_8429,678.84,debit_card,False,False,18,4,US,gas,0,971,3,13.58,2,3,1,0
user_8598,66.68,debit_card,True,False,14,3,US,utilities,0,3578,3,0.83,1,3,1,0
user_5758,91.88,credit_card,False,False,15,0,US,retail,0,1448,2,0.61,1,2,1,0
user_8366,139.94,credit_card,False,False,11,0,US,restaurant,0,237,2,3.5,1,2,1,0
user_4584,89.03,credit_card,False,False,18,2,AU,retail,0,32,2,0.59,2,2,5,0
user_8342,64.74,debit_card,False,False,9,4,UK,gas,0,937,2,1.29,3,2,1,0
user_8406,130.28,ach,False,False,19,1,AU,retail,0,389,2,0.87,2,2,1,0
user_5471,356.68,debit_card,False,False,15,4,US,retail,0,1622,2,2.38,1,2,1,0
user_1797,194.66,debit_card,False,False,21,4,US,groceries,0,1677,1,1.95,2,1,1,0
user_9849,174.11,debit_card,True,False,20,1,UK,restaurant,0,1248,2,4.35,2,2,1,0
user_4909,82.31,debit_card,True,False,8,3,US,retail,0,1809,3,0.55,3,3,1,0
user_8220,51.91,debit_card,False,False,11,5,UK,gas,0,2712,1,1.04,1,1,1,0
user_5609,962.58,debit_card,False,False,19,0,AU,gas,0,1200,2,19.25,2,2,1,0
user_4996,1741.63,debit_card,False,False,6,4,CA,retail,0,1385,2,11.61,3,2,1,0
user_3250,9856.98,wire_transfer,True,True,10,3,AU,wire_transfer,3,2362,9,19.71,1,9,1,1
user_9397,74.02,debit_card,False,False,9,3,CA,retail,0,934,3,0.49,3,3,1,0
user_1182,717.72,ach,False,False,19,6,CA,groceries,0,534,1,7.18,2,1,1,0
user_4302,1738.16,wire_transfer,True,True,1,6,NG,wire_transfer,5,1322,9,3.48,10,9,1,1
user_6143,54.75,credit_card,False,True,22,1,UK,retail,0,2107,1,0.36,2,1,1,0
user_1520,77.9,debit_card,False,False,7,1,CA,retail,0,982,2,0.52,3,2,1,0
user_3389,405.11,debit_card,False,False,6,0,CA,groceries,0,847,2,4.05,3,2,1,0
user_7179,7840.65,debit_card,True,True,2,4,VN,electronics,6,3608,19,15.68,10,19,1,1
user_2195,85.04,credit_card,False,False,19,1,US,utilities,0,86,1,1.06,2,1,5,0
user_8714,1524.3,debit_card,False,False,20,6,CA,utilities,0,3150,1,19.05,2,1,1,0
user_9221,836.06,debit_card,False,True,21,4,CA,gas,0,3151,1,16.72,2,1,1,0
user_9571,63.03,debit_card,False,False,12,2,AU,gas,0,1239,3,1.26,1,3,1,0
user_6573,637.06,credit_card,False,True,11,0,UK,utilities,0,3558,2,7.96,1,2,1,0
user_9796,169.76,debit_card,True,False,16,5,UK,utilities,0,837,2,2.12,1,2,1,0
user_4580,1383.33,debit_card,False,False,14,0,CA,retail,0,3086,3,9.22,1,3,1,0
user_9709,55.19,debit_card,False,False,11,0,CA,groceries,0,2080,1,0.55,1,1,1,0
user_1241,9898.0,wire_transfer,True,True,0,3,CA,wire_transfer,1,1694,16,19.8,10,16,1,1
user_6425,61.99,debit_card,False,True,9,0,UK,retail,0,761,3,0.41,3,3,1,0
user_9221,480.37,debit_card,False,False,18,5,CA,utilities,0,3151,2,6.0,2,2,1,0
user_8483,393.65,debit_card,True,False,16,5,AU,retail,0,235,2,2.62,1,2,1,0
user_2899,770.17,credit_card,False,False,20,3,US,groceries,0,2723,2,7.7,2,2,1,0
user_9263,330.66,ach,False,False,7,4,US,groceries,0,756,1,3.31,3,1,1,0
user_8414,66.72,ach,False,False,11,2,CA,restaurant,0,38,1,1.67,1,1,5,0
user_2584,181.5,credit_card,False,False,13,2,UK,utilities,0,3335,2,2.27,1,2,1,0
user_5846,749.53,debit_card,True,True,5,0,BR,jewelry,7,2741,18,0.75,10,18,1,1
user_7484,145.7,credit_card,False,False,19,3,UK,restaurant,0,937,3,3.64,2,3,1,0
user_6759,879.56,credit_card,False,False,10,0,UK,gas,0,2548,1,17.59,1,1,1,0
user_1090,1809.07,wire_transfer,True,True,5,3,RU,wire_transfer,3,750,13,3.62,10,13,1,1
user_2522,149.83,ach,True,True,15,3,CA,utilities,0,496,1,1.87,1,1,1,0
user_7948,1662.0,debit_card,False,True,12,3,CA,retail,0,1043,2,11.08,1,2,1,0
user_5106,151.04,ach,False,False,20,5,US,utilities,0,2600,1,1.89,2,1,1,0
user_2617,30.92,ach,False,False,18,2,AU,gas,0,2724,3,0.62,2,3,1,0
user_1520,39.01,debit_card,True,False,7,4,CA,retail,0,982,3,0.26,3,3,1,0
user_4909,91.52,ach,False,False,7,3,US,utilities,0,1809,3,1.14,3,3,1,0
user_3869,530.55,credit_card,False,False,19,0,AU,utilities,0,222,1,6.63,2,1,1,0
user_6992,894.66,debit_card,False,False,13,1,US,retail,0,1670,1,5.96,1,1,1,0
user_3525,975.08,ach,False,False,13,1,US,utilities,0,1869,1,12.19,1,1,1,0
user_1120,705.19,debit_card,False,False,20,3,UK,groceries,0,2329,3,7.05,2,3,1,0
user_8967,173.56,debit_card,False,True,11,1,CA,groceries,0,664,1,1.74,1,1,1,0
user_5315,1298.77,debit_card,False,True,9,1,US,restaurant,0,3595,2,32.47,3,2,1,0
user_9574,94.83,ach,False,False,17,4,UK,gas,0,1951,3,1.9,1,3,1,0
user_9008,64.84,ach,False,False,22,1,AU,retail,0,3342,1,0.43,2,1,1,0
user_4949,525.47,debit_card,False,False,20,6,US,restaurant,0,2193,3,13.14,2,3,1,0
user_8429,175.69,debit_card,False,False,20,2,AU,groceries,0,1901,1,1.76,2,1,1,0
user_8028,122.55,credit_card,False,False,12,4,AU,retail,0,1465,1,0.82,1,1,1,0
user_5067,141.62,debit_card,False,False,11,1,AU,restaurant,0,2789,1,3.54,1,1,1,0
user_6509,110.69,credit_card,False,False,20,4,UK,restaurant,0,3558,2,2.77,2,2,1,0
user_6168,410.74,debit_card,False,False,13,6,US,utilities,0,894,3,5.13,1,3,1,0
user_4560,57.56,debit_card,True,False,6,3,UK,gas,0,2842,2,1.15,3,2,1,0
user_5256,9577.67,cryptocurrency,True,True,16,1,UK,wire_transfer,2,1439,8,19.16,1,8,1,1
user_5225,113.84,ach,False,False,22,5,US,restaurant,0,386,1,2.85,2,1,1,0
user_8017,90.64,ach,False,False,9,2,UK,groceries,0,1038,1,0.91,3,1,1,0
user_2476,2088.96,wire_transfer,True,True,0,3,CN,wire_transfer,5,749,11,4.18,10,11,1,1
user_8225,255.04,debit_card,False,False,16,0,CA,retail,0,1721,1,1.7,1,1,1,0
user_2037,884.54,ach,False,True,12,2,CA,gas,0,1789,3,17.69,1,3,1,0
user_5355,1486.62,debit_card,False,True,8,0,US,gas,0,3447,1,29.73,3,1,1,0
user_4648,61.43,credit_card,False,False,9,5,UK,gas,0,1926,3,1.23,3,3,1,0
user_7824,1412.69,debit_card,False,False,13,0,US,groceries,0,2474,1,14.13,1,1,1,0
user_5327,20615.25,wire_transfer,True,True,1,6,NG,wire_transfer,3,2373,5,41.23,10,5,1,1
user_4131,135.27,credit_card,False,False,17,5,US,gas,0,3576,1,2.71,1,1,1,0
user_7739,78.46,debit_card,False,False,11,6,UK,groceries,0,2224,2,0.78,1,2,1,0
user_3525,308.67,ach,True,False,17,6,US,restaurant,0,1869,1,7.72,1,1,1,0
user_1807,816.6,ach,False,False,14,4,UK,groceries,0,112,3,8.17,1,3,5,0
user_5336,154.87,ach,False,False,19,1,AU,retail,0,2561,2,1.03,2,2,1,0
user_9153,974.29,credit_card,False,False,7,4,CA,groceries,0,1918,3,9.74,3,3,1,0
user_1251,191.48,ach,False,False,16,5,CA,groceries,0,336,1,1.91,1,1,1,0
user_8976,356.87,credit_card,False,True,22,0,US,gas,0,2085,2,7.14,2,2,1,0
user_7144,181.78,debit_card,False,False,22,3,UK,utilities,0,1704,1,2.27,2,1,1,0
user_7209,375.74,ach,False,False,11,5,AU,restaurant,0,3515,1,9.39,1,1,1,0
user_3381,43.23,credit_card,False,True,19,3,US,utilities,0,848,2,0.54,2,2,1,0
user_5803,1911.24,credit_card,False,False,15,3,CA,groceries,0,2915,1,19.11,1,1,1,0
user_2539,1873.89,debit_card,False,False,19,2,CA,retail,0,1966,2,12.49,2,2,1,0
user_2584,244.44,debit_card,True,False,14,0,UK,utilities,0,3335,1,3.06,1,1,1,0
user_2916,155.03,debit_card,True,False,13,6,CA,groceries,0,2122,2,1.55,1,2,1,0
user_9524,296.15,debit_card,False,False,20,1,CA,retail,0,1745,1,1.97,2,1,1,0
user_2524,51.68,credit_card,False,True,7,5,AU,retail,0,2900,2,0.34,3,2,1,0
user_4727,1068.28,ach,False,False,10,3,AU,retail,0,3382,2,7.12,1,2,1,0
user_1434,1406.4,debit_card,False,False,7,4,AU,restaurant,0,932,1,35.16,3,1,1,0
user_8869,142.8,ach,False,False,10,3,US,retail,0,877,1,0.95,1,1,1,0
user_7296,896.39,debit_card,False,False,18,0,UK,groceries,0,2944,3,8.96,2,3,1,0
user_5497,63.45,debit_card,False,False,20,2,US,gas,0,2513,1,1.27,2,1,1,0
user_5581,586.35,debit_card,False,False,7,0,CA,restaurant,0,2388,1,14.66,3,1,1,0
user_2809,73.79,ach,False,False,19,2,US,gas,0,209,1,1.48,2,1,1,0
user_6671,69.68,debit_card,True,False,14,6,CA,retail,0,3614,1,0.46,1,1,1,0
user_4700,221.17,debit_card,True,False,22,6,US,retail,0,2707,1,1.47,2,1,1,0
user_5999,513.37,debit_card,False,False,16,1,US,utilities,0,1389,1,6.42,1,1,1,0
user_9369,59.2,credit_card,False,False,22,4,US,restaurant,0,1127,1,1.48,2,1,1,0
user_7290,568.53,ach,False,False,20,0,AU,gas,0,1705,3,11.37,2,3,1,0
user_5105,149.92,debit_card,False,False,20,4,UK,gas,0,542,1,3.0,2,1,1,0
user_3526,426.73,ach,False,False,21,2,CA,gas,0,3059,3,8.53,2,3,1,0
user_1108,1646.19,ach,False,True,9,6,AU,utilities,0,1550,3,20.58,3,3,1,0
user_1040,43.62,debit_card,False,False,19,2,AU,retail,0,2630,2,0.29,2,2,1,0
user_6021,776.96,credit_card,False,False,22,2,AU,gas,0,712,1,15.54,2,1,1,0
user_9814,117.92,ach,False,False,11,0,UK,utilities,0,2277,1,1.47,1,1,1,0
user_6714,1501.04,ach,False,True,18,0,UK,retail,0,1208,1,10.01,2,1,1,0
user_3455,58.1,debit_card,False,False,13,1,AU,restaurant,0,506,2,1.45,1,2,1,0
user_3693,791.43,credit_card,False,False,12,6,UK,gas,0,1695,3,15.83,1,3,1,0
user_1618,1523.18,credit_card,False,True,9,4,UK,gas,0,87,2,30.46,3,2,5,0
user_7230,86.95,ach,False,False,20,2,UK,groceries,0,1973,3,0.87,2,3,1,0
user_7824,1617.57,debit_card,False,False,15,6,US,retail,0,2474,3,10.78,1,3,1,0
user_1188,46.19,debit_card,True,False,18,6,UK,restaurant,0,3178,1,1.15,2,1,1,0
user_5781,84.46,credit_card,False,False,12,6,US,retail,0,1293,3,0.56,1,3,1,0
user_1188,38.86,debit_card,False,False,19,1,UK,retail,0,3178,2,0.26,2,2,1,0
user_1251,162.22,ach,False,True,16,5,CA,retail,0,336,3,1.08,1,3,1,0
user_9209,979.32,debit_card,False,False,14,3,AU,gas,0,367,1,19.59,1,1,1,0
user_3931,866.1,debit_card,False,False,22,3,AU,gas,0,3086,1,17.32,2,1,1,0
user_2037,661.67,credit_card,False,True,12,6,CA,retail,0,1789,1,4.41,1,1,1,0
user_8414,44.75,debit_card,True,False,8,2,CA,restaurant,0,38,3,1.12,3,3,5,0
user_6169,76.46,debit_card,False,False,19,3,CA,retail,0,814,2,0.51,2,2,1,0
user_7723,754.56,ach,False,False,19,3,AU,retail,0,3605,2,5.03,2,2,1,0
user_7745,1315.69,ach,False,False,21,3,AU,restaurant,0,3552,2,32.89,2,2,1,0
user_4084,368.83,debit_card,False,False,21,6,AU,groceries,0,2083,2,3.69,2,2,1,0
user_8210,314.71,debit_card,False,False,21,5,CA,retail,0,2602,1,2.1,2,1,1,0
user_3389,750.81,credit_card,False,False,6,1,CA,gas,0,847,1,15.02,3,1,1,0
user_8199,1408.2,credit_card,False,True,20,3,CA,utilities,0,1520,3,17.6,2,3,1,0
user_8978,1888.45,ach,True,False,7,4,CA,restaurant,0,2674,3,47.21,3,3,1,0
user_9364,1482.01,credit_card,False,False,22,0,CA,gas,0,2549,1,29.64,2,1,1,0
user_8412,302.62,debit_card,False,False,9,2,UK,retail,0,213,3,2.02,3,3,1,0
user_5786,51.11,credit_card,False,False,20,3,AU,restaurant,0,450,2,1.28,2,2,1,0
user_3419,121.23,credit_card,False,False,10,3,UK,utilities,0,2871,1,1.52,1,1,1,0
user_2343,164.96,debit_card,False,True,7,5,CA,restaurant,0,1108,2,4.12,3,2,1,0
user_8303,51.55,debit_card,False,False,17,5,AU,groceries,0,1934,2,0.52,1,2,1,0
user_8869,162.66,credit_card,False,False,11,2,US,retail,0,877,2,1.08,1,2,1,0
user_2404,337.72,debit_card,False,False,20,6,AU,retail,0,3128,2,2.25,2,2,1,0
user_7415,885.76,debit_card,False,False,8,2,CA,restaurant,0,2497,2,22.14,3,2,1,0
user_9856,379.22,debit_card,False,False,14,2,CA,gas,0,3267,3,7.58,1,3,1,0
user_3170,391.65,credit_card,False,False,8,0,CA,gas,0,1543,3,7.83,3,3,1,0
user_5885,173.9,ach,False,False,13,0,UK,utilities,0,1806,1,2.17,1,1,1,0
user_5999,797.4,credit_card,False,False,14,4,US,utilities,0,1389,2,9.97,1,2,1,0
user_2262,487.37,ach,False,False,15,5,UK,groceries,0,257,2,4.87,1,2,1,0
user_9008,46.38,ach,False,False,18,2,AU,gas,0,3342,2,0.93,2,2,1,0
user_6053,159.37,debit_card,False,False,13,3,AU,restaurant,0,1938,3,3.98,1,3,1,0
user_9856,215.26,credit_card,False,False,12,6,CA,restaurant,0,3267,3,5.38,1,3,1,0
user_8976,440.55,ach,False,True,19,2,US,gas,0,2085,2,8.81,2,2,1,0
user_1807,732.93,debit_card,False,False,17,6,UK,groceries,0,112,2,7.33,1,2,5,0
user_1613,99.43,credit_card,False,False,13,3,US,gas,0,1402,2,1.99,1,2,1,0
user_5166,333.94,debit_card,False,False,21,4,US,utilities,0,1872,3,4.17,2,3,1,0
user_6730,144.22,credit_card,False,False,7,3,UK,groceries,0,3097,3,1.44,3,3,1,0
user_9397,147.57,credit_card,False,True,6,0,CA,retail,0,934,3,0.98,3,3,1,0
user_8912,586.34,credit_card,False,False,8,6,CA,restaurant,0,3022,1,14.66,3,1,1,0
user_4511,74.18,debit_card,False,False,18,2,CA,utilities,0,2805,1,0.93,2,1,1,0
user_5678,781.89,credit_card,False,False,8,3,US,utilities,0,585,3,9.77,3,3,1,0
user_5831,38.45,ach,False,False,15,3,UK,gas,0,458,3,0.77,1,3,1,0
user_4300,3555.08,wire_transfer,True,True,4,5,NG,wire_transfer,3,3316,5,7.11,10,5,1,1
user_9531,625.45,ach,False,True,19,3,CA,utilities,0,1739,2,7.82,2,2,1,0
user_2169,47.11,ach,False,True,11,6,UK,utilities,0,2467,2,0.59,1,2,1,0
user_3209,89.02,credit_card,False,False,22,6,AU,groceries,0,181,1,0.89,2,1,1,0
user_7745,709.25,debit_card,False,False,21,0,AU,gas,0,3552,2,14.19,2,2,1,0
user_3664,212.46,ach,False,False,14,4,CA,groceries,0,2775,3,2.12,1,3,1,0
user_9173,721.61,credit_card,False,False,18,4,AU,gas,0,279,2,14.43,2,2,1,0
user_9488,92.81,ach,True,True,15,5,CA,utilities,0,693,2,1.16,1,2,1,0
user_1807,722.98,ach,False,False,15,6,UK,utilities,0,112,1,9.04,1,1,5,0
user_1417,303.82,ach,False,False,14,2,UK,retail,0,1744,3,2.03,1,3,1,0
user_5256,303.2,ach,False,False,13,5,UK,groceries,0,1439,1,3.03,1,1,1,0
user_3395,537.49,debit_card,False,False,16,4,US,groceries,0,926,2,5.37,1,2,1,0
user_2341,1445.12,credit_card,False,False,16,3,UK,restaurant,0,349,2,36.13,1,2,1,0
user_4082,1015.68,ach,False,True,22,6,CA,gas,0,1993,2,20.31,2,2,1,0
user_6759,763.63,credit_card,True,False,10,3,UK,restaurant,0,2548,2,19.09,1,2,1,0
user_1601,263.15,debit_card,False,False,6,0,UK,restaurant,0,1063,3,6.58,3,3,1,0
user_2824,43.35,ach,False,False,20,2,UK,retail,0,1033,3,0.29,2,3,1,0
user_8988,161.77,debit_card,False,False,20,3,CA,gas,0,1313,2,3.24,2,2,1,0
user_1502,28.95,debit_card,False,True,22,6,CA,gas,0,1570,1,0.58,2,1,1,0
user_4616,1991.32,ach,True,True,19,4,US,gas,0,83,1,39.83,2,1,5,0
user_2394,141.87,credit_card,False,False,10,4,UK,retail,0,897,2,0.95,1,2,1,0
user_6881,1462.38,debit_card,True,False,17,3,UK,utilities,0,119,3,18.28,1,3,5,0
user_9393,2333.63,debit_card,True,True,0,5,VN,cash_withdrawal,7,2945,11,11.67,10,11,1,1
user_2771,29.69,debit_card,False,False,11,2,US,utilities,0,1737,1,0.37,1,1,1,0
user_2476,220.81,ach,False,True,14,0,AU,gas,0,749,1,4.42,1,1,1,0
user_3496,126.6,credit_card,False,False,9,6,AU,utilities,0,2772,1,1.58,3,1,1,0
user_9808,633.2,credit_card,False,False,8,4,UK,restaurant,0,372,3,15.83,3,3,1,0
user_7691,237.6,credit_card,False,False,12,1,UK,restaurant,0,2300,1,5.94,1,1,1,0
user_9856,265.02,credit_card,False,False,13,4,CA,groceries,0,3267,3,2.65,1,3,1,0
user_4616,11646.68,wire_transfer,True,True,2,3,BR,electronics,7,83,24,23.29,10,20,5,1
user_6931,1868.47,debit_card,False,False,18,4,US,utilities,0,1881,3,23.36,2,3,1,0
user_6599,268.67,ach,False,False,20,2,CA,gas,0,389,3,5.37,2,3,1,0
user_2102,36.74,ach,False,True,21,2,US,utilities,0,1858,1,0.46,2,1,1,0
user_7334,222.21,debit_card,False,False,7,5,AU,retail,0,2864,3,1.48,3,3,1,0
user_9167,441.79,debit_card,False,False,10,1,CA,restaurant,0,1123,1,11.04,1,1,1,0
user_5114,96.01,debit_card,False,False,10,3,AU,retail,0,3427,1,0.64,1,1,1,0
user_9032,722.75,ach,False,False,9,4,US,gas,0,1349,2,14.46,3,2,1,0
user_5278,215.68,debit_card,False,False,11,2,CA,utilities,0,2148,1,2.7,1,1,1,0
user_7251,504.2,credit_card,False,False,13,6,UK,gas,0,2291,2,10.08,1,2,1,0
user_6868,191.36,debit_card,False,False,12,5,US,retail,0,2017,3,1.28,1,3,1,0
user_2312,140.97,debit_card,False,True,7,1,US,gas,0,2795,2,2.82,3,2,1,0
user_3254,55.8,ach,False,False,13,4,AU,restaurant,0,2881,1,1.4,1,1,1,0
user_2245,164.02,ach,False,False,21,3,AU,utilities,0,3198,2,2.05,2,2,1,0
user_2290,89.89,debit_card,False,False,21,5,AU,retail,0,3372,2,0.6,2,2,1,0
user_1241,77.44,debit_card,False,False,10,5,CA,groceries,0,1694,1,0.77,1,1,1,0
user_8490,82.94,credit_card,False,False,20,5,AU,retail,0,1322,1,0.55,2,1,1,0
user_5500,1714.57,debit_card,False,False,11,0,UK,gas,0,2108,1,34.29,1,1,1,0
user_2960,816.82,debit_card,True,False,7,0,US,retail,0,202,3,5.45,3,3,1,0
user_1919,25.43,debit_card,False,False,18,1,CA,groceries,0,368,2,0.25,2,2,1,0
user_7223,1787.44,credit_card,False,False,8,3,AU,retail,0,2285,2,11.92,3,2,1,0
user_8244,184.12,debit_card,False,False,20,3,AU,gas,0,3281,3,3.68,2,3,1,0
user_6818,191.34,ach,False,False,19,6,UK,restaurant,0,2905,3,4.78,2,3,1,0
user_9837,78.87,debit_card,False,False,14,4,CA,restaurant,0,2692,3,1.97,1,3,1,0
user_7126,77.21,ach,False,True,21,3,CA,utilities,0,298,2,0.97,2,2,1,0
user_7809,760.4,credit_card,False,True,12,6,CA,gas,0,368,2,15.21,1,2,1,0
user_6629,79.72,credit_card,False,False,14,2,CA,restaurant,0,1986,3,1.99,1,3,1,0
user_9941,397.56,ach,False,True,22,5,CA,utilities,0,1250,3,4.97,2,3,1,0
user_2037,1857.5,credit_card,False,False,14,2,CA,restaurant,0,1789,2,46.44,1,2,1,0
user_3591,840.23,debit_card,False,False,18,0,AU,restaurant,0,1473,3,21.01,2,3,1,0
user_2938,153.12,debit_card,False,False,17,6,UK,gas,0,2980,1,3.06,1,1,1,0
user_5609,676.26,credit_card,True,False,20,5,AU,gas,0,1200,3,13.53,2,3,1,0
user_9903,970.93,debit_card,False,False,16,3,UK,utilities,0,3591,3,12.14,1,3,1,0
user_5901,971.74,debit_card,False,False,22,0,UK,groceries,0,1901,2,9.72,2,2,1,0
user_1298,135.64,debit_card,False,False,16,3,CA,utilities,0,907,3,1.7,1,3,1,0
user_7244,1040.75,debit_card,False,False,12,0,AU,retail,0,1702,1,6.94,1,1,1,0
user_4070,608.28,debit_card,False,True,12,3,AU,restaurant,0,453,2,15.21,1,2,1,0
user_8489,88.99,credit_card,False,False,11,0,AU,gas,0,2474,3,1.78,1,3,1,0
user_4584,9664.95,wire_transfer,True,True,14,3,AU,wire_transfer,1,32,11,19.33,1,11,5,1
user_4404,199.69,credit_card,False,False,13,4,US,utilities,0,673,3,2.5,1,3,1,0
user_8109,333.31,ach,False,True,21,3,US,gas,0,2193,2,6.67,2,2,1,0
user_9364,1309.19,credit_card,False,False,21,3,CA,gas,0,2549,1,26.18,2,1,1,0
user_8372,840.03,credit_card,False,False,22,1,UK,gas,0,555,1,16.8,2,1,1,0
user_6600,159.36,ach,False,False,16,3,CA,utilities,0,3028,3,1.99,1,3,1,0
user_1040,91.52,ach,False,False,22,2,AU,restaurant,0,2630,1,2.29,2,1,1,0
user_6931,625.04,ach,False,True,18,1,US,groceries,0,1881,3,6.25,2,3,1,0
user_7723,1577.27,ach,False,False,22,1,AU,gas,0,3605,1,31.55,2,1,1,0
user_7631,64.73,debit_card,False,True,11,0,CA,utilities,0,1437,3,0.81,1,3,1,0
user_5262,190.87,ach,False,True,10,1,AU,retail,0,3530,1,1.27,1,1,1,0
user_2293,822.39,debit_card,False,False,21,4,CA,gas,0,2264,2,16.45,2,2,1,0
user_8921,805.15,credit_card,False,False,14,0,UK,groceries,0,1350,1,8.05,1,1,1,0
user_1485,157.09,credit_card,True,False,13,5,AU,restaurant,0,964,1,3.93,1,1,1,0
user_4212,1876.63,ach,False,False,20,2,CA,gas,0,1022,1,37.53,2,1,1,0
user_3793,215.13,credit_card,False,True,17,6,AU,gas,0,2576,1,4.3,1,1,1,0
user_9204,171.37,debit_card,False,False,11,5,US,groceries,0,1820,1,1.71,1,1,1,0
user_5573,117.5,debit_card,False,False,18,0,AU,gas,0,2813,1,2.35,2,1,1,0
user_3785,141.37,credit_card,False,False,7,1,AU,groceries,0,2568,2,1.41,3,2,1,0
user_2380,147.84,debit_card,False,True,20,4,UK,gas,0,3220,3,2.96,2,3,1,0
user_5520,153.27,credit_card,False,False,6,3,AU,utilities,0,405,2,1.92,3,2,1,0
user_5088,66.38,credit_card,False,False,16,4,AU,groceries,0,2572,2,0.66,1,2,1,0
user_3101,51.04,ach,False,False,18,0,AU,gas,0,1989,1,1.02,2,1,1,0
user_6509,314.28,debit_card,False,False,20,0,UK,utilities,0,3558,2,3.93,2,2,1,0
user_5631,247.53,ach,False,False,19,1,US,utilities,0,2003,2,3.09,2,2,1,0
user_9700,113.04,credit_card,False,True,10,0,US,groceries,0,2596,2,1.13,1,2,1,0
user_6802,33.02,ach,False,False,15,0,US,groceries,0,1816,3,0.33,1,3,1,0
user_4510,789.64,ach,False,False,11,5,AU,restaurant,0,1025,2,19.74,1,2,1,0
user_2195,63.96,ach,False,False,22,2,US,restaurant,0,86,1,1.6,2,1,5,0
user_6864,727.66,credit_card,False,False,22,0,AU,restaurant,0,3646,2,18.19,2,2,1,0
user_3664,154.79,credit_card,False,False,12,1,CA,groceries,0,2775,2,1.55,1,2,1,0
user_5067,285.97,credit_card,False,False,11,3,AU,gas,0,2789,1,5.72,1,1,1,0
user_3712,386.01,debit_card,False,False,6,0,AU,retail,0,1522,2,2.57,3,2,1,0
user_5334,1442.64,debit_card,False,False,22,2,CA,gas,0,1771,3,28.85,2,3,1,0
user_4212,54.65,debit_card,False,False,22,6,CA,gas,0,1967,3,1.09,2,3,1,0
user_8145,159.16,ach,False,False,13,0,CA,groceries,0,2813,3,1.59,1,3,1,0
user_6759,9966.06,wire_transfer,True,True,0,6,ID,cash_withdrawal,8,1044,21,49.83,10,20,1,1
user_7691,179.03,credit_card,True,False,15,0,UK,gas,0,2300,2,3.58,1,2,1,0
user_1745,40.23,ach,False,False,13,1,US,utilities,0,1217,3,0.5,1,3,1,0
user_7178,579.18,credit_card,False,False,13,0,CA,gas,0,3132,2,11.58,1,2,1,0
user_4366,95.2,ach,False,True,17,6,AU,groceries,0,2740,3,0.95,1,3,1,0
user_5310,61.62,credit_card,False,True,13,2,US,gas,0,2524,3,1.23,1,3,1,0
user_6864,711.69,debit_card,False,False,18,3,AU,retail,0,3646,3,4.74,2,3,1,0
user_1472,163.19,debit_card,False,False,12,4,AU,utilities,0,492,3,2.04,1,3,1,0
user_9167,835.35,debit_card,False,False,7,1,CA,gas,0,1123,1,16.71,3,1,1,0
user_7251,979.73,ach,False,False,17,1,UK,gas,0,2291,3,19.59,1,3,1,0
user_4053,679.95,debit_card,False,False,16,5,US,retail,0,3050,3,4.53,1,3,1,0
user_3340,101.28,debit_card,False,False,8,1,CA,gas,0,3081,2,2.03,3,2,1,0
user_7510,1166.16,ach,False,False,12,4,UK,retail,0,2158,1,7.77,1,1,1,0
user_9571,64.4,debit_card,False,False,13,6,AU,groceries,0,1239,3,0.64,1,3,1,0
user_9275,325.75,debit_card,False,False,20,4,US,groceries,0,2820,1,3.26,2,1,1,0
user_4841,304.93,credit_card,False,False,15,2,UK,retail,0,2242,3,2.03,1,3,1,0
user_5476,49.85,ach,False,False,12,1,AU,utilities,0,1668,1,0.62,1,1,1,0
user_5689,155.61,debit_card,False,False,19,1,UK,gas,0,927,1,3.11,2,1,1,0
user_3869,821.01,debit_card,False,True,21,3,AU,groceries,0,222,1,8.21,2,1,1,0
user_7363,106.39,ach,False,False,7,2,CA,utilities,0,998,3,1.33,3,3,1,0
user_6188,242.55,ach,False,False,9,3,US,gas,0,51,2,4.85,3,2,5,0
user_1517,1097.22,credit_card,False,False,19,1,US,retail,0,811,2,7.31,2,2,1,0
user_6601,475.43,credit_card,False,False,15,5,AU,groceries,0,1551,1,4.75,1,1,1,0
user_5825,135.0,credit_card,False,False,6,2,US,groceries,0,2905,2,1.35,3,2,1,0
user_2245,262.55,credit_card,False,False,22,4,AU,groceries,0,3198,3,2.63,2,3,1,0
user_5093,79.7,ach,False,False,14,5,US,restaurant,0,3322,2,1.99,1,2,1,0
user_9591,62.75,credit_card,False,False,12,6,CA,restaurant,0,1368,2,1.57,1,2,1,0
user_1519,131.83,credit_card,True,False,6,3,CA,utilities,0,259,3,1.65,3,3,1,0
user_8957,791.1,ach,False,False,17,3,AU,retail,0,1148,3,5.27,1,3,1,0
user_3096,133.13,debit_card,False,False,18,3,CA,restaurant,0,2814,3,3.33,2,3,1,0
user_5911,922.04,credit_card,False,False,9,2,UK,groceries,0,1060,1,9.22,3,1,1,0
user_5631,140.1,debit_card,False,True,20,3,US,gas,0,2003,1,2.8,2,1,1,0
user_5497,55.99,debit_card,False,True,19,5,US,utilities,0,2513,2,0.7,2,2,1,0
user_7232,833.83,debit_card,False,False,10,5,UK,groceries,0,1253,1,8.34,1,1,1,0
user_3547,57.1,debit_card,False,False,13,3,US,groceries,0,409,2,0.57,1,2,1,0
user_4978,25.18,ach,True,True,18,3,UK,groceries,0,3512,1,0.25,2,1,1,0
user_9270,359.17,credit_card,False,False,22,6,AU,utilities,0,681,1,4.49,2,1,1,0
user_2771,85.59,ach,False,False,8,5,US,gas,0,1737,1,1.71,3,1,1,0
user_7965,75.36,credit_card,False,False,19,0,CA,retail,0,1249,3,0.5,2,3,1,0
user_2463,195.35,debit_card,False,False,13,0,CA,gas,0,3078,2,3.91,1,2,1,0
user_5463,670.7,credit_card,False,False,16,0,CA,gas,0,2887,2,13.41,1,2,1,0
user_2796,9538.36,cryptocurrency,True,True,11,3,CA,wire_transfer,2,3274,9,19.08,1,9,1,1
user_5471,807.46,debit_card,False,True,12,3,US,restaurant,0,1622,2,20.19,1,2,1,0
user_4288,55.96,debit_card,False,True,9,2,US,restaurant,0,1899,1,1.4,3,1,1,0
user_8301,90.56,debit_card,False,True,20,4,CA,utilities,0,193,1,1.13,2,1,1,0
user_2465,26531.26,wire_transfer,True,True,1,4,CN,wire_transfer,2,747,13,53.06,10,13,1,1
user_9165,277.8,credit_card,False,False,22,0,UK,groceries,0,1731,1,2.78,2,1,1,0
user_1797,81.23,debit_card,False,False,22,5,US,retail,0,1677,2,0.54,2,2,1,0
user_5739,116.01,debit_card,False,True,19,6,UK,utilities,0,2395,1,1.45,2,1,1,0
user_5067,303.8,credit_card,False,False,20,5,UK,retail,0,1141,1,2.03,2,1,1,0
user_9531,1316.93,credit_card,False,False,18,3,CA,retail,0,1739,1,8.78,2,1,1,0
user_2734,51.52,ach,False,False,14,0,AU,gas,0,2176,3,1.03,1,3,1,0
user_7178,1284.21,debit_card,False,False,17,4,CA,restaurant,0,3132,1,32.11,1,1,1,0
user_7643,949.31,ach,False,False,22,5,UK,gas,0,385,1,18.99,2,1,1,0
user_5162,292.11,ach,False,False,13,1,AU,groceries,0,1656,1,2.92,1,1,1,0
user_1089,28.25,debit_card,False,False,19,3,US,restaurant,0,2158,2,0.71,2,2,1,0
user_8273,47.52,debit_card,False,False,18,5,CA,utilities,0,2198,3,0.59,2,3,1,0
user_2169,1014.43,debit_card,False,False,21,1,CA,utilities,0,2217,3,12.68,2,3,1,0
user_1975,92.69,debit_card,False,False,10,2,CA,gas,0,3201,2,1.85,1,2,1,0
user_1653,989.8,credit_card,False,False,19,0,UK,restaurant,0,2502,1,24.74,2,1,1,0
user_3340,82.6,ach,False,False,22,1,US,retail,0,2529,1,0.55,2,1,1,0
user_6262,79.4,debit_card,False,False,7,5,UK,restaurant,0,2737,3,1.99,3,3,1,0
user_8895,122.73,ach,False,False,19,0,AU,utilities,0,638,1,1.53,2,1,1,0
user_3880,91.53,debit_card,False,False,12,3,AU,restaurant,0,793,1,2.29,1,1,1,0
user_5067,239.15,credit_card,False,True,6,0,AU,restaurant,0,2789,1,5.98,3,1,1,0
user_5999,724.59,debit_card,False,False,15,5,US,groceries,0,1389,3,7.25,1,3,1,0
user_1760,56.98,debit_card,False,False,20,4,UK,utilities,0,452,1,0.71,2,1,1,0
user_3947,1268.2,credit_card,False,False,11,0,AU,utilities,0,2931,3,15.85,1,3,1,0
user_7248,86.84,debit_card,False,False,15,5,UK,restaurant,0,2242,1,2.17,1,1,1,0
user_5703,90.24,ach,False,False,22,0,US,gas,0,2549,2,1.8,2,2,1,0
user_4295,144.17,debit_card,False,True,16,4,UK,groceries,0,1824,1,1.44,1,1,1,0
user_9394,52.49,debit_card,True,False,14,6,AU,gas,0,484,2,1.05,1,2,1,0
user_2245,1628.88,debit_card,False,False,8,2,AU,utilities,0,1315,2,20.36,3,2,1,0
user_2562,176.37,debit_card,False,False,10,3,AU,retail,0,1355,2,1.18,1,2,1,0
user_6818,383.29,ach,False,False,21,0,UK,gas,0,2905,3,7.67,2,3,1,0
user_3547,190.12,debit_card,True,False,14,2,US,restaurant,0,409,3,4.75,1,3,1,0
user_4302,92.42,ach,True,True,10,4,US,gas,0,1322,2,1.85,1,2,1,0
user_2956,40.84,debit_card,False,False,19,2,CA,retail,0,2903,1,0.27,2,1,1,0
user_9078,571.39,debit_card,False,False,13,0,AU,groceries,0,445,3,5.71,1,3,1,0
user_5927,107.63,debit_card,False,False,17,2,US,groceries,0,2333,1,1.08,1,1,1,0
user_1962,15667.96,debit_card,True,True,1,2,ID,cash_withdrawal,3,3380,10,78.34,10,10,1,1
user_4519,186.68,debit_card,False,False,16,4,US,retail,0,2394,1,1.24,1,1,1,0
user_2647,117.24,credit_card,False,False,8,0,CA,groceries,0,1696,1,1.17,3,1,1,0
user_5342,730.23,debit_card,False,False,18,6,AU,groceries,0,897,1,7.3,2,1,1,0
user_4617,1200.7,wire_transfer,True,True,2,4,VN,jewelry,8,1855,15,1.2,10,15,1,1
user_5520,624.82,ach,False,True,15,3,AU,groceries,0,1690,1,6.25,1,1,1,0
user_3147,1501.96,debit_card,False,False,16,3,CA,utilities,0,694,2,18.77,1,2,1,0
user_3389,842.01,ach,False,False,7,4,CA,groceries,0,847,2,8.42,3,2,1,0
user_1130,178.32,credit_card,False,False,10,4,UK,retail,0,2339,3,1.19,1,3,1,0
user_9032,627.52,debit_card,False,True,9,6,US,utilities,0,1349,3,7.84,3,3,1,0
user_7557,710.61,credit_card,False,False,15,6,AU,retail,0,2855,1,4.74,1,1,1,0
user_7429,92.36,debit_card,False,False,21,6,AU,retail,0,773,3,0.62,2,3,1,0
user_5831,9996.83,cryptocurrency,True,True,17,3,UK,cryptocurrency,2,458,9,10.0,1,9,1,1
user_6005,142.36,credit_card,False,False,13,5,US,gas,0,2912,1,2.85,1,1,1,0
user_5557,75.38,debit_card,False,True,7,5,AU,retail,0,1423,2,0.5,3,2,1,0
user_2916,185.45,debit_card,False,True,12,1,CA,utilities,0,2122,2,2.32,1,2,1,0
user_8957,1094.0,debit_card,False,False,12,5,AU,restaurant,0,1148,1,27.35,1,1,1,0
user_7325,129.11,ach,False,False,17,3,US,groceries,0,547,1,1.29,1,1,1,0
user_3777,99.06,ach,False,False,14,6,UK,groceries,0,1129,3,0.99,1,3,1,0
user_9837,77.41,ach,False,False,17,6,CA,gas,0,2692,3,1.55,1,3,1,0
user_3677,348.09,credit_card,False,True,16,3,UK,groceries,0,2651,3,3.48,1,3,1,0
user_9464,120.83,credit_card,False,False,10,5,CA,groceries,0,2979,2,1.21,1,2,1,0
user_4006,196.63,debit_card,False,False,14,6,CA,utilities,0,3611,3,2.46,1,3,1,0
user_2417,268.45,debit_card,False,True,15,5,AU,restaurant,0,1648,3,6.71,1,3,1,0
user_1781,526.5,debit_card,False,False,10,5,CA,restaurant,0,275,2,13.16,1,2,1,0
user_3451,825.4,wire_transfer,True,True,5,3,VN,jewelry,3,462,10,0.83,10,10,1,1
user_6568,622.66,debit_card,False,False,14,0,US,retail,0,1188,2,4.15,1,2,1,0
user_7510,1032.34,ach,False,True,15,0,UK,utilities,0,2158,1,12.9,1,1,1,0
user_2394,106.03,debit_card,False,False,11,2,UK,gas,0,897,2,2.12,1,2,1,0
user_5408,535.38,debit_card,True,False,18,5,US,utilities,0,3571,2,6.69,2,2,1,0
user_1188,48.01,debit_card,False,False,20,4,UK,retail,0,3178,2,0.32,2,2,1,0
user_1651,1785.75,ach,False,False,8,1,AU,groceries,0,2722,1,17.86,3,1,1,0
user_6400,88.34,debit_card,False,False,13,4,UK,restaurant,0,3608,2,2.21,1,2,1,0
user_4648,61.68,ach,True,False,8,1,UK,utilities,0,1926,3,0.77,3,3,1,0
user_9369,48.48,ach,False,False,20,6,US,groceries,0,1127,1,0.48,2,1,1,0
user_5625,214.49,credit_card,False,False,15,2,US,utilities,0,2295,2,2.68,1,2,1,0
user_9841,55.82,debit_card,False,False,6,2,AU,restaurant,0,1291,3,1.4,3,3,1,0
user_4387,1033.82,credit_card,False,False,14,0,AU,groceries,0,1953,3,10.34,1,3,1,0
user_6460,370.34,debit_card,False,False,19,5,US,restaurant,0,3543,3,9.26,2,3,1,0
user_2753,43.22,debit_card,False,False,19,4,CA,utilities,0,1017,3,0.54,2,3,1,0
user_4944,51.01,debit_card,False,True,22,0,UK,retail,0,229,2,0.34,2,2,1,0
user_3639,61.72,credit_card,False,False,22,3,US,utilities,0,2374,2,0.77,2,2,1,0
user_9535,898.0,credit_card,False,False,17,0,CA,retail,0,783,2,5.99,1,2,1,0
user_5999,300.69,ach,False,False,12,3,US,groceries,0,1389,2,3.01,1,2,1,0
user_1305,250.23,ach,False,False,8,1,CA,retail,0,1869,1,1.67,3,1,1,0
user_9837,865.58,debit_card,False,False,8,1,UK,groceries,0,2031,1,8.66,3,1,1,0
user_7361,79.2,credit_card,False,False,21,0,CA,gas,0,1435,2,1.58,2,2,1,0
user_4510,1903.51,debit_card,True,False,9,2,AU,groceries,0,1025,3,19.04,3,3,1,0
user_4700,379.39,debit_card,False,False,18,2,US,groceries,0,2707,1,3.79,2,1,1,0
user_5631,2933.41,wire_transfer,True,True,4,3,CN,wire_transfer,5,2003,14,5.87,10,14,1,1
user_1567,349.41,debit_card,False,False,18,5,US,restaurant,0,2150,2,8.74,2,2,1,0
user_1089,33.97,debit_card,False,True,22,0,US,gas,0,2158,2,0.68,2,2,1,0
user_6671,65.98,ach,False,False,15,2,CA,restaurant,0,3614,2,1.65,1,2,1,0
user_5408,424.19,debit_card,False,True,22,6,US,restaurant,0,3571,1,10.6,2,1,1,0
user_3451,67.95,debit_card,False,False,19,6,US,utilities,0,462,1,0.85,2,1,1,0
user_4012,549.75,debit_card,False,True,8,4,CA,groceries,0,1733,2,5.5,3,2,1,0
user_9710,443.51,ach,False,True,6,0,CA,gas,0,2185,2,8.87,3,2,1,0
user_2262,537.8,debit_card,True,False,13,6,UK,restaurant,0,257,3,13.44,1,3,1,0
user_4189,212.09,credit_card,False,False,20,6,UK,retail,0,331,3,1.41,2,3,1,0
user_6818,323.73,debit_card,False,False,20,2,UK,gas,0,2905,3,6.47,2,3,1,0
user_1133,68.48,credit_card,False,False,13,6,CA,utilities,0,3644,3,0.86,1,3,1,0
user_1136,674.82,debit_card,True,True,16,6,UK,groceries,0,67,2,6.75,1,2,5,0
user_7071,52.25,debit_card,True,False,18,2,UK,restaurant,0,81,3,1.31,2,3,5,0
user_4057,1136.57,credit_card,False,False,15,5,UK,gas,0,3029,2,22.73,1,2,1,0
user_1750,90.6,ach,False,True,15,4,US,restaurant,0,3533,1,2.26,1,1,1,0
user_2185,1220.85,ach,False,True,13,3,UK,gas,0,509,3,24.42,1,3,1,0
user_3286,85.58,ach,False,False,18,4,US,restaurant,0,2448,3,2.14,2,3,1,0
user_7858,1299.58,debit_card,False,True,21,4,AU,restaurant,0,2375,1,32.49,2,1,1,0
user_1202,1437.95,credit_card,False,False,21,6,AU,utilities,0,490,1,17.97,2,1,1,0
user_5799,931.26,debit_card,False,False,6,2,US,utilities,0,2275,2,11.64,3,2,1,0
user_4302,48.96,debit_card,False,True,9,6,US,utilities,0,1322,3,0.61,3,3,1,0
user_5799,550.64,ach,False,False,10,5,US,utilities,0,2275,2,6.88,1,2,1,0
user_1017,173.01,debit_card,False,False,13,2,US,gas,0,573,2,3.46,1,2,1,0
user_1971,283.95,ach,False,False,20,1,CA,groceries,0,2903,2,2.84,2,2,1,0
user_1251,150.95,debit_card,False,False,15,2,CA,groceries,0,336,1,1.51,1,1,1,0
user_9808,295.13,credit_card,False,False,8,0,AU,retail,0,2346,1,1.97,3,1,1,0
user_9574,52.26,credit_card,False,False,17,6,UK,retail,0,1951,2,0.35,1,2,1,0
user_4263,309.82,debit_card,False,False,12,6,US,groceries,0,1001,1,3.1,1,1,1,0
user_1133,54.73,debit_card,True,False,13,2,CA,groceries,0,3644,3,0.55,1,3,1,0
user_7484,155.86,debit_card,False,False,22,1,UK,restaurant,0,937,2,3.9,2,2,1,0
user_1461,224.49,debit_card,False,False,7,2,UK,groceries,0,3271,2,2.24,3,2,1,0
user_7732,63.18,debit_card,False,True,8,5,US,retail,0,553,1,0.42,3,1,1,0
user_4460,56.19,debit_card,False,False,17,6,UK,gas,0,1373,1,1.12,1,1,1,0
user_5067,355.43,debit_card,False,False,19,5,UK,gas,0,1141,3,7.11,2,3,1,0
user_8987,916.23,debit_card,False,False,11,4,AU,restaurant,0,2543,3,22.91,1,3,1,0
user_8529,168.87,ach,False,True,18,3,US,restaurant,0,3325,1,4.22,2,1,1,0
user_9246,918.45,debit_card,False,False,13,4,CA,restaurant,0,297,2,22.96,1,2,1,0
user_1971,330.7,debit_card,False,True,19,0,CA,restaurant,0,2903,3,8.27,2,3,1,0
user_5853,106.93,debit_card,False,False,17,4,CA,retail,0,1268,2,0.71,1,2,1,0
user_8750,82.83,ach,False,False,10,5,UK,groceries,0,1680,3,0.83,1,3,1,0
user_9008,56.74,debit_card,False,False,18,3,AU,utilities,0,3342,2,0.71,2,2,1,0
user_7149,686.37,ach,False,False,21,0,CA,retail,0,341,2,4.58,2,2,1,0
user_8381,1118.38,credit_card,False,False,13,4,UK,utilities,0,163,1,13.98,1,1,5,0
user_7950,85.1,credit_card,False,False,6,1,AU,groceries,0,2678,3,0.85,3,3,1,0
user_3785,146.55,ach,False,True,8,6,AU,gas,0,2568,2,2.93,3,2,1,0
user_2679,1421.2,debit_card,False,False,18,1,CA,retail,0,3070,3,9.47,2,3,1,0
user_3346,156.37,credit_card,False,False,22,3,CA,restaurant,0,3220,3,3.91,2,3,1,0
user_9903,9782.46,wire_transfer,True,True,3,3,UK,wire_transfer,3,3591,19,19.56,10,19,1,1
user_3096,318.96,debit_card,False,True,19,2,CA,utilities,0,2814,3,3.99,2,3,1,0
user_6363,194.16,debit_card,False,False,12,2,UK,gas,0,1412,1,3.88,1,1,1,0
user_9864,99.98,ach,False,True,18,3,US,utilities,0,991,3,1.25,2,3,1,0
user_7594,330.4,ach,False,False,20,1,AU,groceries,0,1823,1,3.3,2,1,1,0
user_5458,1752.75,ach,False,False,14,5,CA,groceries,0,1343,2,17.53,1,2,1,0
user_1752,43.67,credit_card,False,False,18,6,AU,retail,0,96,1,0.29,2,1,5,0
user_1962,580.23,credit_card,False,False,10,4,US,gas,0,3380,2,11.6,1,2,1,0
user_3506,828.78,ach,False,False,11,4,UK,retail,0,2552,3,5.53,1,3,1,0
user_9488,165.9,credit_card,False,False,13,2,CA,utilities,0,693,1,2.07,1,1,1,0
user_2659,238.85,credit_card,False,True,9,1,CA,groceries,0,1706,3,2.39,3,3,1,0
user_5225,233.23,debit_card,False,False,21,6,US,groceries,0,386,1,2.33,2,1,1,0
user_1894,64.11,ach,False,False,18,2,CA,restaurant,0,2100,3,1.6,2,3,1,0
user_6759,805.61,debit_card,False,False,17,4,CA,gas,0,1044,3,16.11,1,3,1,0
user_9864,98.84,debit_card,False,True,18,4,US,gas,0,991,1,1.98,2,1,1,0
user_8113,107.69,credit_card,True,False,10,6,CA,groceries,0,3283,3,1.08,1,3,1,0
user_8017,66.94,ach,False,False,7,1,UK,utilities,0,1038,1,0.84,3,1,1,0
user_3712,868.96,debit_card,False,False,7,0,AU,groceries,0,1522,3,8.69,3,3,1,0
user_1434,1458.18,ach,False,False,11,3,AU,restaurant,0,932,2,36.45,1,2,1,0
user_5625,277.19,ach,False,False,14,6,US,utilities,0,2295,1,3.46,1,1,1,0
user_6818,251.72,debit_card,False,True,21,2,UK,restaurant,0,2905,2,6.29,2,2,1,0
user_1749,1659.75,credit_card,True,True,9,3,CA,gas,0,96,1,33.2,3,1,5,0
user_7126,80.24,credit_card,False,False,19,5,CA,groceries,0,298,2,0.8,2,2,1,0
user_1788,463.74,credit_card,False,False,14,2,AU,utilities,0,711,1,5.8,1,1,1,0
user_9837,1163.3,ach,False,True,7,1,UK,groceries,0,2031,2,11.63,3,2,1,0
user_6692,43.4,credit_card,False,True,20,1,UK,retail,0,1258,2,0.29,2,2,1,0
user_9689,48.99,debit_card,True,True,19,0,AU,groceries,0,3465,2,0.49,2,2,1,0
user_5583,394.24,debit_card,False,False,9,3,AU,retail,0,846,2,2.63,3,2,1,0
user_9759,402.21,ach,False,True,18,6,UK,retail,0,2107,1,2.68,2,1,1,0
user_9270,828.92,debit_card,False,False,19,6,AU,retail,0,681,1,5.53,2,1,1,0
user_8048,51.93,credit_card,False,False,22,6,US,retail,0,3523,2,0.35,2,2,1,0
user_3079,9817.92,wire_transfer,True,True,4,4,US,cryptocurrency,1,3189,8,9.82,10,8,1,1
user_7563,320.31,debit_card,True,False,20,3,US,restaurant,0,2415,2,8.01,2,2,1,0
user_6992,76.48,debit_card,False,False,14,1,US,groceries,0,1113,2,0.76,1,2,1,0
user_6113,348.48,credit_card,False,False,9,1,US,gas,0,3080,1,6.97,3,1,1,0
user_1659,145.35,credit_card,False,False,15,1,AU,gas,0,1169,2,2.91,1,2,1,0
user_7510,1981.77,debit_card,False,False,15,6,UK,gas,0,2158,1,39.64,1,1,1,0
user_8692,245.38,debit_card,False,True,10,2,UK,utilities,0,1311,1,3.07,1,1,1,0
user_1996,402.11,ach,False,False,14,6,AU,gas,0,2840,2,8.04,1,2,1,0
user_9204,270.4,ach,False,False,11,0,US,restaurant,0,1820,1,6.76,1,1,1,0
user_8895,372.81,ach,False,False,18,4,AU,utilities,0,638,3,4.66,2,3,1,0
user_7244,1240.74,debit_card,True,False,16,3,AU,gas,0,1702,3,24.81,1,3,1,0
user_3250,103.57,ach,True,True,14,4,AU,utilities,0,2362,2,1.29,1,2,1,0
user_3262,1400.98,debit_card,False,False,10,2,UK,restaurant,0,2742,2,35.02,1,2,1,0
user_5781,52.61,debit_card,False,False,17,0,US,retail,0,1293,1,0.35,1,1,1,0
user_4511,160.19,debit_card,False,False,22,5,CA,retail,0,2805,1,1.07,2,1,1,0
user_1685,353.65,credit_card,False,False,14,1,US,groceries,0,1495,2,3.54,1,2,1,0
user_1514,177.95,debit_card,False,False,7,5,CA,utilities,0,1170,3,2.22,3,3,1,0
user_8542,178.31,debit_card,False,False,10,3,CA,utilities,0,1115,1,2.23,1,1,1,0
user_9827,840.74,debit_card,True,True,4,2,ID,cash_withdrawal,4,1215,17,4.2,10,17,1,1
user_7866,1247.68,ach,False,False,21,1,CA,utilities,0,1729,3,15.6,2,3,1,0
user_5703,39.45,credit_card,False,True,18,6,US,gas,0,2549,2,0.79,2,2,1,0
user_2293,723.27,debit_card,False,True,20,5,CA,gas,0,2264,3,14.47,2,3,1,0
user_7563,130.34,debit_card,False,False,20,0,US,utilities,0,2415,3,1.63,2,3,1,0
user_9450,35.97,debit_card,True,False,12,0,US,restaurant,0,3622,3,0.9,1,3,1,0
user_7025,1804.94,ach,False,False,19,0,CA,restaurant,0,3209,1,45.12,2,1,1,0
user_6488,366.26,debit_card,False,False,12,1,US,gas,0,1107,2,7.33,1,2,1,0
user_7179,1700.62,debit_card,False,True,18,6,US,restaurant,0,3608,2,42.52,2,2,1,0
user_8066,117.31,credit_card,False,False,18,5,AU,restaurant,0,673,3,2.93,2,3,1,0
user_8598,46.11,ach,False,False,15,5,US,restaurant,0,3578,3,1.15,1,3,1,0
user_2771,939.82,ach,False,False,7,3,AU,utilities,0,941,3,11.75,3,3,1,0
user_7824,831.6,debit_card,False,False,18,5,CA,utilities,0,1620,1,10.39,2,1,1,0
user_8673,65.24,debit_card,False,False,6,0,CA,groceries,0,3553,3,0.65,3,3,1,0
user_6615,850.08,debit_card,False,False,14,6,CA,gas,0,705,3,17.0,1,3,1,0
user_6822,377.31,ach,False,True,7,4,UK,groceries,0,3355,3,3.77,3,3,1,0
user_5498,29.25,debit_card,False,True,9,4,AU,groceries,0,1518,3,0.29,3,3,1,0
user_1660,134.73,credit_card,False,True,17,3,CA,utilities,0,403,1,1.68,1,1,1,0
user_6500,547.36,debit_card,False,True,9,2,UK,groceries,0,888,3,5.47,3,3,1,0
user_1202,957.03,debit_card,False,True,19,1,CA,restaurant,0,2773,1,23.93,2,1,1,0
user_4082,1438.49,credit_card,False,False,20,5,CA,retail,0,1993,2,9.59,2,2,1,0
user_5240,70.93,ach,False,False,9,2,US,retail,0,839,2,0.47,3,2,1,0
user_6985,1434.04,debit_card,False,False,21,4,US,retail,0,2146,2,9.56,2,2,1,0
user_9798,874.2,debit_card,False,False,8,2,UK,groceries,0,936,3,8.74,3,3,1,0
user_8517,872.53,debit_card,False,True,21,3,US,gas,0,2004,2,17.45,2,2,1,0
user_4871,43.99,debit_card,False,False,21,0,US,retail,0,1936,2,0.29,2,2,1,0
user_6400,98.37,debit_card,False,False,16,1,UK,groceries,0,3608,1,0.98,1,1,1,0
user_8752,1191.51,ach,False,False,6,5,US,groceries,0,3187,3,11.92,3,3,1,0
user_5927,60.3,credit_card,False,False,15,4,US,restaurant,0,2333,2,1.51,1,2,1,0
user_6172,726.38,debit_card,False,False,16,6,US,gas,0,2900,1,14.53,1,1,1,0
user_7333,240.3,credit_card,False,False,17,5,CA,restaurant,0,1395,2,6.01,1,2,1,0
user_4817,727.01,debit_card,True,False,12,1,US,gas,0,1402,1,14.54,1,1,1,0
user_6576,116.85,debit_card,True,False,18,0,UK,retail,0,2306,3,0.78,2,3,1,0
user_1474,115.18,debit_card,False,True,14,1,UK,retail,0,1421,3,0.77,1,3,1,0
user_1514,385.01,debit_card,False,False,6,5,CA,restaurant,0,1170,2,9.63,3,2,1,0
user_6314,33.95,ach,False,False,15,2,UK,groceries,0,1565,1,0.34,1,1,1,0
user_8218,642.54,credit_card,False,True,13,3,AU,restaurant,0,2089,1,16.06,1,1,1,0
user_1352,65.76,credit_card,True,False,9,3,UK,groceries,0,1396,3,0.66,3,3,1,0
user_5075,114.47,credit_card,False,False,12,5,US,groceries,0,2839,3,1.14,1,3,1,0
user_7325,107.4,ach,False,False,15,6,US,restaurant,0,547,3,2.69,1,3,1,0
user_4598,134.38,credit_card,False,False,11,2,CA,retail,0,3396,2,0.9,1,2,1,0
user_1878,375.54,credit_card,False,True,7,2,AU,gas,0,589,1,7.51,3,1,1,0
user_9625,369.81,credit_card,False,False,16,2,UK,groceries,0,3286,2,3.7,1,2,1,0
user_8978,911.49,credit_card,False,False,11,0,CA,retail,0,2674,3,6.08,1,3,1,0
user_1750,150.19,credit_card,True,False,13,1,CA,retail,0,3396,2,1.0,1,2,1,0
user_8439,36.22,debit_card,False,False,18,1,AU,utilities,0,3035,1,0.45,2,1,1,0
user_6846,177.85,credit_card,True,True,20,2,CA,restaurant,0,1579,2,4.45,2,2,1,0
user_1797,146.55,ach,False,False,21,2,US,utilities,0,1677,3,1.83,2,3,1,0
user_5140,155.44,debit_card,False,False,7,3,CA,retail,0,2778,3,1.04,3,3,1,0
user_7290,1900.96,debit_card,False,True,22,0,AU,retail,0,1705,1,12.67,2,1,1,0
user_9148,66.54,credit_card,False,True,9,4,AU,retail,0,2100,2,0.44,3,2,1,0
user_3847,727.35,debit_card,False,False,10,2,CA,groceries,0,40,2,7.27,1,2,5,0
user_7643,9858.84,cryptocurrency,True,True,14,1,UK,wire_transfer,1,385,14,19.72,1,14,1,1
user_1760,9658.29,cryptocurrency,True,True,3,6,UK,wire_transfer,2,452,18,19.32,10,18,1,1
user_8429,1704.32,debit_card,False,False,19,4,US,utilities,0,971,3,21.3,2,3,1,0
user_3616,472.84,credit_card,False,False,19,5,UK,gas,0,2857,1,9.46,2,1,1,0
user_6262,70.52,ach,False,False,8,6,UK,gas,0,2737,3,1.41,3,3,1,0
user_2040,889.26,credit_card,False,False,15,1,AU,groceries,0,2197,2,8.89,1,2,1,0
user_7223,953.55,credit_card,False,False,8,4,AU,groceries,0,2285,2,9.54,3,2,1,0
user_1136,342.8,debit_card,False,False,13,6,UK,utilities,0,67,3,4.29,1,3,5,0
user_1854,433.73,ach,False,False,12,5,US,utilities,0,2943,3,5.42,1,3,1,0
user_5739,124.81,debit_card,False,False,18,5,UK,restaurant,0,2395,3,3.12,2,3,1,0
user_4817,245.61,debit_card,False,False,9,3,US,restaurant,0,1165,2,6.14,3,2,1,0
user_4700,128.94,debit_card,False,True,19,5,US,groceries,0,2707,1,1.29,2,1,1,0
user_9418,62.06,debit_card,False,False,15,5,US,gas,0,1785,2,1.24,1,2,1,0
user_6671,51.57,debit_card,False,True,14,6,CA,restaurant,0,3614,2,1.29,1,2,1,0
user_1674,96.73,debit_card,False,False,6,2,US,utilities,0,2657,2,1.21,3,2,1,0
user_9022,121.87,credit_card,False,False,10,4,CA,utilities,0,1318,1,1.52,1,1,1,0
user_8490,99.44,debit_card,False,False,19,1,AU,utilities,0,1322,2,1.24,2,2,1,0
user_4255,171.82,debit_card,False,False,7,3,CA,restaurant,0,492,2,4.3,3,2,1,0
user_8871,121.55,debit_card,False,False,21,2,AU,gas,0,635,3,2.43,2,3,1,0
user_3430,49.05,ach,False,False,10,3,UK,retail,0,2587,3,0.33,1,3,1,0
user_7224,238.51,debit_card,False,False,12,5,UK,groceries,0,1793,3,2.39,1,3,1,0
user_4949,670.98,debit_card,False,False,18,3,US,gas,0,2193,2,13.42,2,2,1,0
user_7809,818.8,ach,False,False,15,6,CA,utilities,0,368,3,10.23,1,3,1,0
user_6403,974.16,ach,False,False,21,3,AU,gas,0,1210,3,19.48,2,3,1,0
user_4584,49.7,ach,False,False,20,0,AU,retail,0,32,3,0.33,2,3,5,0
user_5414,696.56,debit_card,False,False,20,1,US,groceries,0,799,3,6.97,2,3,1,0
user_3584,981.43,debit_card,False,False,18,5,UK,retail,0,2535,3,6.54,2,3,1,0
user_7251,425.75,ach,False,False,17,0,UK,restaurant,0,2291,2,10.64,1,2,1,0
user_4304,779.36,credit_card,False,False,14,4,CA,utilities,0,167,3,9.74,1,3,5,0
user_4751,355.46,credit_card,False,True,8,2,US,retail,0,452,1,2.37,3,1,1,0
user_1601,978.06,credit_card,False,False,10,5,UK,utilities,0,1063,1,12.23,1,1,1,0
user_7018,1271.82,debit_card,False,False,14,6,US,retail,0,3008,3,8.48,1,3,1,0
user_9410,66.55,debit_card,False,True,15,5,US,restaurant,0,939,2,1.66,1,2,1,0
user_3267,163.61,ach,False,False,11,4,AU,retail,0,2872,2,1.09,1,2,1,0
user_9369,74.3,credit_card,False,False,20,6,US,groceries,0,1127,3,0.74,2,3,1,0
user_9331,55.54,credit_card,False,False,15,3,AU,utilities,0,3580,3,0.69,1,3,1,0
user_2989,26.42,debit_card,False,False,10,2,CA,groceries,0,565,1,0.26,1,1,1,0
user_4295,253.13,credit_card,False,False,17,1,UK,restaurant,0,1824,1,6.33,1,1,1,0
user_7557,704.2,debit_card,False,False,17,1,AU,utilities,0,2855,3,8.8,1,3,1,0
user_3815,1132.0,debit_card,True,False,14,0,UK,groceries,0,390,1,11.32,1,1,1,0
user_3209,61.33,debit_card,False,False,21,5,AU,retail,0,181,1,0.41,2,1,1,0
user_1089,62.41,debit_card,False,False,22,6,US,retail,0,2158,2,0.42,2,2,1,0
user_6085,860.61,debit_card,False,False,13,2,US,groceries,0,263,1,8.61,1,1,1,0
user_9689,60.47,debit_card,False,False,19,0,AU,retail,0,3465,2,0.4,2,2,1,0
user_8569,958.65,ach,False,False,8,5,CA,utilities,0,2153,3,11.98,3,3,1,0
user_1082,9761.36,cryptocurrency,True,True,14,5,AU,cryptocurrency,1,2230,16,9.76,1,16,1,1
user_5075,131.46,credit_card,False,False,12,4,US,retail,0,2839,3,0.88,1,3,1,0
user_3754,70.38,credit_card,False,False,20,5,US,gas,0,2203,1,1.41,2,1,1,0
user_4694,310.5,debit_card,False,True,18,2,UK,groceries,0,3494,3,3.1,2,3,1,0
user_5720,155.69,credit_card,False,False,20,3,AU,groceries,0,321,3,1.56,2,3,1,0
user_4006,334.71,debit_card,False,False,15,6,CA,restaurant,0,3611,1,8.37,1,1,1,0
user_3262,1186.58,debit_card,False,False,9,3,UK,utilities,0,2742,1,14.83,3,1,1,0
user_7895,168.23,debit_card,False,True,18,0,CA,retail,0,3154,3,1.12,2,3,1,0
user_8428,1469.81,ach,False,False,18,1,US,retail,0,1296,2,9.8,2,2,1,0
user_7178,1633.1,credit_card,False,True,13,0,CA,retail,0,3132,1,10.89,1,1,1,0
user_1639,1539.77,debit_card,False,True,19,6,US,restaurant,0,411,2,38.49,2,2,1,0
user_6833,138.79,debit_card,False,False,9,2,US,utilities,0,351,3,1.73,3,3,1,0
user_4390,67.77,debit_card,False,False,18,1,UK,utilities,0,2210,1,0.85,2,1,1,0
user_5825,105.58,credit_card,False,False,6,0,US,restaurant,0,2905,1,2.64,3,1,1,0
user_7824,796.8,debit_card,False,False,15,5,US,restaurant,0,2474,3,19.92,1,3,1,0
user_3173,187.1,ach,True,True,18,6,UK,restaurant,0,2939,1,4.68,2,1,1,0
user_4996,918.72,credit_card,False,True,9,4,CA,restaurant,0,1385,2,22.97,3,2,1,0
user_4918,4186.06,wire_transfer,True,True,3,2,CN,wire_transfer,2,1536,7,8.37,10,7,1,1
user_8218,370.34,ach,False,False,12,2,AU,groceries,0,2089,3,3.7,1,3,1,0
user_4131,346.4,ach,False,False,16,1,US,utilities,0,3576,1,4.33,1,1,1,0
user_8483,126.86,credit_card,False,True,14,0,AU,retail,0,235,3,0.85,1,3,1,0
user_9689,59.43,credit_card,True,False,18,2,AU,groceries,0,3465,1,0.59,2,1,1,0
user_4617,144.44,debit_card,True,False,8,3,AU,gas,0,1855,3,2.89,3,3,1,0
user_8028,165.75,credit_card,False,False,16,5,AU,restaurant,0,1465,2,4.14,1,2,1,0
user_8354,803.06,debit_card,False,True,18,4,UK,gas,0,3569,3,16.06,2,3,1,0
user_2539,971.67,credit_card,False,False,22,3,CA,retail,0,1966,2,6.48,2,2,1,0
user_5075,128.73,debit_card,False,False,13,0,US,retail,0,2839,3,0.86,1,3,1,0
user_7936,49.45,debit_card,False,False,19,4,AU,restaurant,0,857,2,1.24,2,2,1,0
user_8368,391.62,ach,False,False,16,1,US,groceries,0,1828,1,3.92,1,1,1,0
user_2476,115.7,debit_card,False,False,16,2,AU,groceries,0,749,1,1.16,1,1,1,0
user_1370,318.92,debit_card,False,False,21,6,US,utilities,0,2803,2,3.99,2,2,1,0
user_5222,865.76,debit_card,False,False,21,2,UK,gas,0,2873,2,17.32,2,2,1,0
user_9051,98.67,ach,False,False,14,3,US,utilities,0,1508,2,1.23,1,2,1,0
user_5856,69.06,ach,False,False,14,0,US,restaurant,0,423,1,1.73,1,1,1,0
user_8430,921.16,debit_card,False,False,13,4,US,gas,0,1310,2,18.42,1,2,1,0
user_1971,332.44,ach,False,False,19,4,CA,gas,0,2903,3,6.65,2,3,1,0
user_7248,78.38,credit_card,False,False,14,0,UK,restaurant,0,2242,2,1.96,1,2,1,0
user_3525,869.9,debit_card,False,False,13,1,UK,retail,0,1708,1,5.8,1,1,1,0
user_8260,52.37,ach,True,False,7,3,CA,restaurant,0,147,3,1.31,3,3,5,0
user_2245,103.34,debit_card,False,False,19,4,AU,utilities,0,3198,1,1.29,2,1,1,0
user_8218,404.95,credit_card,False,False,15,1,AU,retail,0,2089,2,2.7,1,2,1,0
user_5090,130.61,debit_card,False,False,20,0,UK,groceries,0,3423,1,1.31,2,1,1,0
user_8673,57.99,debit_card,False,False,8,3,CA,groceries,0,3553,2,0.58,3,2,1,0
user_6085,117.29,debit_card,False,False,6,2,CA,retail,0,130,2,0.78,3,2,5,0
user_9163,918.35,debit_card,False,False,14,0,AU,retail,0,3630,3,6.12,1,3,1,0
user_6455,305.32,debit_card,False,False,11,4,CA,groceries,0,808,1,3.05,1,1,1,0
user_8646,310.87,debit_card,False,False,18,5,AU,restaurant,0,2424,2,7.77,2,2,1,0
user_9759,727.12,ach,True,False,18,4,UK,gas,0,2107,2,14.54,2,2,1,0
user_3170,272.07,credit_card,False,False,7,4,CA,gas,0,1543,1,5.44,3,1,1,0
user_4164,312.46,ach,False,False,17,3,UK,retail,0,3570,3,2.08,1,3,1,0
user_7244,15375.57,debit_card,True,True,3,2,VN,jewelry,4,1702,22,15.38,10,20,1,1
user_7223,1839.25,debit_card,False,False,7,2,AU,groceries,0,2285,1,18.39,3,1,1,0
user_1722,97.23,debit_card,True,True,14,0,CA,retail,0,2639,3,0.65,1,3,1,0
user_8752,18501.85,debit_card,True,True,4,3,VN,jewelry,7,3187,11,18.5,10,11,1,1
user_3981,194.0,debit_card,True,False,15,4,US,retail,0,3435,1,1.29,1,1,1,0
user_9691,831.95,ach,False,False,22,1,US,gas,0,499,1,16.64,2,1,1,0
user_7825,52.58,ach,False,False,18,6,US,utilities,0,2174,3,0.66,2,3,1,0
user_3880,43.73,ach,False,False,13,3,AU,utilities,0,793,1,0.55,1,1,1,0
user_1212,313.98,debit_card,False,False,6,5,AU,utilities,0,3429,3,3.92,3,3,1,0
user_6759,683.87,debit_card,False,False,9,4,UK,utilities,0,2548,1,8.55,3,1,1,0
user_8532,60.81,ach,False,False,13,3,AU,utilities,0,2378,2,0.76,1,2,1,0
user_3869,259.86,ach,False,False,18,3,AU,gas,0,222,3,5.2,2,3,1,0
user_1352,32.94,credit_card,False,False,6,1,UK,restaurant,0,1396,3,0.82,3,3,1,0
user_6822,193.49,credit_card,False,False,6,5,UK,retail,0,3355,1,1.29,3,1,1,0
user_4571,369.43,ach,False,False,21,1,UK,restaurant,0,3171,1,9.24,2,1,1,0
user_3539,739.05,credit_card,False,False,14,4,UK,retail,0,2248,2,4.93,1,2,1,0
user_3815,1924.43,ach,False,False,17,6,UK,restaurant,0,390,2,48.11,1,2,1,0
user_3785,142.23,ach,True,False,7,2,AU,groceries,0,2568,1,1.42,3,1,1,0
user_5476,26.65,debit_card,True,False,12,6,AU,retail,0,1668,2,0.18,1,2,1,0
user_5162,188.21,credit_card,False,False,16,4,AU,retail,0,1656,1,1.25,1,1,1,0
user_5945,356.93,wire_transfer,True,True,4,3,PH,cash_withdrawal,6,909,19,1.78,10,19,1,1
user_9787,66.25,credit_card,False,False,11,3,AU,restaurant,0,983,3,1.66,1,3,1,0
user_5744,93.89,credit_card,False,True,19,0,AU,restaurant,0,2560,2,2.35,2,2,1,0
user_1120,950.81,debit_card,False,False,20,4,UK,retail,0,2329,1,6.34,2,1,1,0
user_6931,1710.66,debit_card,False,False,21,0,US,groceries,0,1881,3,17.11,2,3,1,0
user_1590,230.79,debit_card,False,False,8,3,US,restaurant,0,674,3,5.77,3,3,1,0
user_3639,84.7,debit_card,False,False,19,4,US,restaurant,0,2374,2,2.12,2,2,1,0
user_7859,140.83,debit_card,False,False,8,1,CA,gas,0,3605,3,2.82,3,3,1,0
user_4817,1448.01,debit_card,True,False,15,5,US,retail,0,1402,3,9.65,1,3,1,0
user_5210,316.25,ach,False,False,13,1,UK,restaurant,0,3324,2,7.91,1,2,1,0
user_8978,1956.64,credit_card,True,False,7,0,CA,restaurant,0,2674,3,48.92,3,3,1,0
user_9369,53.18,debit_card,True,False,20,4,US,retail,0,1127,2,0.35,2,2,1,0
user_9393,2481.48,wire_transfer,True,True,3,1,VN,electronics,7,2945,12,4.96,10,12,1,1
user_1136,477.83,debit_card,False,False,15,1,UK,restaurant,0,67,1,11.95,1,1,5,0
user_2417,351.09,debit_card,False,False,12,3,AU,restaurant,0,1648,1,8.78,1,1,1,0
user_5735,142.14,ach,False,True,22,4,AU,groceries,0,1328,2,1.42,2,2,1,0
user_2522,393.51,ach,False,False,17,6,CA,restaurant,0,496,1,9.84,1,1,1,0
user_1251,150.27,credit_card,False,False,15,0,CA,utilities,0,336,1,1.88,1,1,1,0
user_1306,1972.56,ach,True,False,16,1,CA,utilities,0,1343,1,24.66,1,1,1,0
user_9327,50.49,credit_card,False,False,7,4,UK,gas,0,3194,1,1.01,3,1,1,0
user_9123,1537.64,debit_card,False,True,20,4,CA,groceries,0,1905,2,15.38,2,2,1,0
user_2102,90.43,debit_card,False,False,22,4,US,retail,0,1858,2,0.6,2,2,1,0
user_9488,1987.63,wire_transfer,True,True,5,6,VN,cash_withdrawal,3,693,12,9.94,10,12,1,1
